episode,steps,total_reward,score,success,epsilon
1,38,-1.850000000000001,0,0,0.997
2,7,-20.35,0,0,0.994009
3,14,-0.65,0,0,0.991026973
4,9,-20.45,0,0,0.988053892081
5,33,-1.6000000000000008,0,0,0.985089730404757
6,82,-24.099999999999994,0,0,0.9821344612135428
7,10,-0.44999999999999996,0,0,0.9791880578299021
8,18,-0.8500000000000002,0,0,0.9762504936564125
9,9,-0.39999999999999997,10,0,0.9733217421754432
10,31,8.45,10,0,0.9704017769489168
11,29,8.549999999999994,10,0,0.9674905716180701
12,43,7.849999999999991,10,0,0.9645880999032158
13,50,7.499999999999986,10,0,0.9616943356035061
14,30,-21.5,0,0,0.9588092525966956
15,36,-21.8,0,0,0.9559328248389055
16,23,-21.150000000000002,0,0,0.9530650263643888
17,35,-1.7000000000000008,0,0,0.9502058312852957
18,33,-21.650000000000002,0,0,0.9473552137914398
19,48,-2.3499999999999996,0,0,0.9445131481500655
20,19,-20.95,0,0,0.9416796087056153
21,19,-0.9000000000000002,0,0,0.9388545698794984
22,22,-21.1,0,0,0.93603800616986
23,9,-0.39999999999999997,0,0,0.9332298921513504
24,18,-0.8500000000000002,0,0,0.9304302024748964
25,29,28.599999999999998,10,0,0.9276389118674717
26,41,-2.000000000000001,0,0,0.9248559951318693
27,9,-20.45,0,0,0.9220814271464737
28,22,-21.1,0,0,0.9193151828650342
29,16,-20.8,0,0,0.9165572373164391
30,15,9.249999999999996,10,0,0.9138075656044898
31,7,-20.35,0,0,0.9110661429076764
32,14,29.349999999999998,10,0,0.9083329444789534
33,13,-20.650000000000002,0,0,0.9056079456455165
34,59,27.099999999999998,10,0,0.90289112180858
35,18,-20.900000000000002,0,0,0.9001824484431542
36,16,-20.8,0,0,0.8974819010978248
37,13,-0.6,0,0,0.8947894553945313
38,18,-0.8500000000000002,0,0,0.8921050870283477
39,38,-21.900000000000002,0,0,0.8894287717672626
40,19,9.049999999999999,10,0,0.8867604854519608
41,24,-21.200000000000003,0,0,0.884100203995605
42,36,-1.7500000000000009,0,0,0.8814479033836181
43,16,-0.7500000000000001,0,0,0.8788035596734672
44,35,-21.75,0,0,0.8761671489944468
45,21,-1.0000000000000002,0,0,0.8735386475474635
46,9,-0.39999999999999997,0,0,0.8709180316048211
47,41,-2.000000000000001,0,0,0.8683052775100066
48,20,-0.9500000000000003,0,0,0.8657003616774767
49,11,-0.49999999999999994,0,0,0.8631032605924442
50,20,-21.0,0,0,0.860513950810667
51,30,28.549999999999994,10,0,0.857932408958235
52,34,-1.6500000000000008,0,0,0.8553586117313603
53,22,-21.1,0,0,0.8527925358961662
54,9,-20.45,0,0,0.8502341582884777
55,33,-1.6000000000000008,0,0,0.8476834558136123
56,21,-1.0000000000000002,0,0,0.8451404054461714
57,12,-0.5499999999999999,0,0,0.8426049842298329
58,11,-20.55,0,0,0.8400771692771434
59,47,-2.3,0,0,0.837556937769312
60,34,-1.6500000000000008,0,0,0.835044266956004
61,32,8.399999999999991,10,0,0.8325391341551359
62,13,-20.650000000000002,0,0,0.8300415167526705
63,11,-20.55,0,0,0.8275513922024125
64,9,-20.45,0,0,0.8250687380258053
65,18,-0.8500000000000002,0,0,0.8225935318117279
66,29,-21.450000000000003,0,0,0.8201257512162927
67,20,-21.0,0,0,0.8176653739626438
68,6,-0.25,0,0,0.8152123778407558
69,46,7.699999999999992,10,0,0.8127667407072335
70,22,-1.0500000000000003,0,0,0.8103284404851119
71,25,-21.25,0,0,0.8078974551636565
72,22,-21.1,0,0,0.8054737627981655
73,42,27.949999999999992,10,0,0.803057341509771
74,9,-20.45,0,0,0.8006481694852418
75,40,-1.950000000000001,0,0,0.798246224976786
76,30,-1.4500000000000006,0,0,0.7958514863018556
77,25,-1.2000000000000004,0,0,0.79346393184295
78,22,-1.0500000000000003,0,0,0.7910835400474212
79,8,-20.400000000000002,0,0,0.7887102894272789
80,19,-20.95,0,0,0.7863441585589971
81,23,-1.1000000000000003,0,0,0.78398512608332
82,10,-20.5,0,0,0.7816331707050701
83,21,-21.05,0,0,0.7792882711929549
84,25,-21.25,0,0,0.776950406379376
85,13,-0.6,0,0,0.7746195551602378
86,22,-21.1,0,0,0.7722956964947572
87,33,-21.650000000000002,0,0,0.7699788094052729
88,12,-20.6,0,0,0.767668872977057
89,53,7.349999999999994,10,0,0.7653658663581259
90,32,28.449999999999992,10,0,0.7630697687590515
91,17,-20.85,0,0,0.7607805594527743
92,9,-20.45,0,0,0.7584982177744161
93,4,-0.15000000000000002,0,0,0.7562227231210928
94,23,-21.150000000000002,0,0,0.7539540549517295
95,32,-21.6,0,0,0.7516921927868743
96,15,-0.7000000000000001,0,0,0.7494371162085136
97,10,-20.5,0,0,0.747188804859888
98,19,-20.95,0,0,0.7449472384453084
99,19,-20.95,0,0,0.7427123967299725
100,14,-0.65,0,0,0.7404842595397826
101,31,-1.5000000000000007,0,0,0.7382628067611632
102,11,-20.55,0,0,0.7360480183408797
103,20,-21.0,0,0,0.7338398742858571
104,35,8.249999999999993,10,0,0.7316383546629995
105,25,28.799999999999997,10,0,0.7294434395990105
106,34,-1.6500000000000008,0,0,0.7272551092802134
107,25,-21.25,0,0,0.7250733439523728
108,19,-20.95,0,0,0.7228981239205157
109,25,-1.2000000000000004,0,0,0.7207294295487541
110,21,-21.05,0,0,0.7185672412601078
111,6,-20.3,0,0,0.7164115395363275
112,20,-0.9500000000000003,0,0,0.7142623049177186
113,24,-21.200000000000003,0,0,0.7121195180029655
114,30,8.499999999999998,10,0,0.7099831594489566
115,10,-0.44999999999999996,0,0,0.7078532099706097
116,13,-20.650000000000002,0,0,0.7057296503406979
117,47,-2.3,0,0,0.7036124613896758
118,29,28.599999999999998,10,0,0.7015016240055068
119,29,-1.4000000000000006,0,0,0.6993971191334902
120,43,-22.150000000000002,0,0,0.6972989277760897
121,17,-0.8000000000000002,0,0,0.6952070309927615
122,39,28.099999999999994,10,0,0.6931214098997832
123,8,-0.35,0,0,0.6910420456700839
124,13,-0.6,0,0,0.6889689195330736
125,8,-20.400000000000002,0,0,0.6869020127744744
126,33,-21.650000000000002,0,0,0.684841306736151
127,11,-0.49999999999999994,0,0,0.6827867828159425
128,39,-1.900000000000001,0,0,0.6807384224674947
129,18,-20.900000000000002,0,0,0.6786962072000923
130,23,-21.150000000000002,0,0,0.676660118578492
131,35,-21.75,0,0,0.6746301382227565
132,23,-1.1000000000000003,0,0,0.6726062478080883
133,11,-0.49999999999999994,0,0,0.6705884290646641
134,11,-20.55,0,0,0.66857666377747
135,13,-0.6,0,0,0.6665709337861376
136,23,28.9,10,0,0.6645712209847792
137,43,-2.1000000000000005,0,0,0.6625775073218249
138,18,-20.900000000000002,0,0,0.6605897747998594
139,24,-21.200000000000003,0,0,0.6586080054754598
140,29,-21.450000000000003,0,0,0.6566321814590335
141,10,-20.5,0,0,0.6546622849146564
142,31,-21.55,0,0,0.6526982980599124
143,25,28.799999999999997,10,0,0.6507402031657327
144,53,-2.5999999999999988,0,0,0.6487879825562355
145,11,-0.49999999999999994,0,0,0.6468416186085668
146,10,-20.5,0,0,0.6449010937527411
147,50,-22.5,0,0,0.6429663904714829
148,33,28.399999999999995,10,0,0.6410374913000684
149,26,-1.2500000000000004,0,0,0.6391143788261682
150,29,-21.450000000000003,0,0,0.6371970356896897
151,33,-1.6000000000000008,0,0,0.6352854445826206
152,12,-0.5499999999999999,0,0,0.6333795882488727
153,61,6.949999999999992,10,0,0.6314794494841262
154,21,-21.05,0,0,0.6295850111356738
155,23,-21.150000000000002,0,0,0.6276962561022668
156,46,-2.25,0,0,0.62581316733396
157,10,-0.44999999999999996,0,0,0.623935727831958
158,10,-0.44999999999999996,0,0,0.6220639206484622
159,12,-0.5499999999999999,0,0,0.6201977288865168
160,20,-21.0,0,0,0.6183371356998573
161,18,-20.900000000000002,0,0,0.6164821242927577
162,23,-21.150000000000002,0,0,0.6146326779198794
163,14,9.299999999999997,10,0,0.6127887798861198
164,41,-22.05,0,0,0.6109504135464614
165,28,-21.400000000000002,0,0,0.609117562305822
166,19,-20.95,0,0,0.6072902096189046
167,34,-21.700000000000003,0,0,0.6054683389900478
168,19,29.099999999999998,10,0,0.6036519339730777
169,10,-20.5,0,0,0.6018409781711584
170,34,-21.700000000000003,0,0,0.6000354552366449
171,22,-1.0500000000000003,0,0,0.598235348870935
172,13,-0.6,0,0,0.5964406428243222
173,24,-1.1500000000000004,0,0,0.5946513208958493
174,23,-21.150000000000002,0,0,0.5928673669331617
175,14,-20.7,0,0,0.5910887648323622
176,18,9.099999999999998,10,0,0.5893154985378651
177,21,-21.05,0,0,0.5875475520422515
178,36,-1.7500000000000009,0,0,0.5857849093861247
179,38,-1.850000000000001,0,0,0.5840275546579663
180,47,-2.3,0,0,0.5822754719939924
181,11,-0.49999999999999994,0,0,0.5805286455780104
182,10,-20.5,0,0,0.5787870596412764
183,31,-1.5000000000000007,0,0,0.5770506984623526
184,44,-22.200000000000003,0,0,0.5753195463669655
185,4,-0.15000000000000002,0,0,0.5735935877278646
186,15,-20.75,0,0,0.571872806964681
187,15,29.299999999999997,10,0,0.5701571885437869
188,23,-21.150000000000002,0,0,0.5684467169781556
189,7,-20.35,0,0,0.5667413768272211
190,20,-21.0,0,0,0.5650411526967395
191,10,-20.5,0,0,0.5633460292386493
192,23,-1.1000000000000003,0,0,0.5616559911509333
193,24,-21.200000000000003,0,0,0.5599710231774805
194,21,8.95,10,0,0.5582911101079481
195,11,-0.49999999999999994,0,0,0.5566162367776242
196,14,-0.65,0,0,0.5549463880672914
197,28,-21.400000000000002,0,0,0.5532815489030894
198,19,-20.95,0,0,0.5516217042563801
199,10,-20.5,0,0,0.549966839143611
200,12,-20.6,0,0,0.5483169386261801
201,12,-0.5499999999999999,0,0,0.5466719878103016
202,17,-20.85,0,0,0.5450319718468707
203,7,-0.3,0,0,0.5433968759313301
204,14,-0.65,0,0,0.5417666853035361
205,14,-0.65,0,0,0.5401413852476254
206,24,-21.200000000000003,0,0,0.5385209610918825
207,18,-0.8500000000000002,0,0,0.5369053982086068
208,15,-20.75,0,0,0.535294682013981
209,24,-21.200000000000003,0,0,0.5336887979679391
210,27,-21.35,0,0,0.5320877315740353
211,56,7.199999999999985,10,0,0.5304914683793133
212,35,-21.75,0,0,0.5288999939741753
213,31,-1.5000000000000007,0,0,0.5273132939922528
214,41,27.999999999999996,10,0,0.525731354110276
215,16,9.2,10,0,0.5241541600479452
216,18,-20.900000000000002,0,0,0.5225816975678014
217,22,-1.0500000000000003,0,0,0.521013952475098
218,32,-21.6,0,0,0.5194509106176727
219,34,-21.700000000000003,0,0,0.5178925578858197
220,32,-1.5500000000000007,0,0,0.5163388802121622
221,35,-21.75,0,0,0.5147898635715258
222,11,-20.55,0,0,0.5132454939808112
223,28,-21.400000000000002,0,0,0.5117057574988688
224,50,-22.5,0,0,0.5101706402263723
225,14,-20.7,0,0,0.5086401283056932
226,20,-21.0,0,0,0.5071142079207761
227,9,-20.45,0,0,0.5055928652970137
228,33,28.4,10,0,0.5040760867011227
229,15,29.299999999999997,10,0,0.5025638584410194
230,31,8.449999999999989,10,0,0.5010561668656963
231,17,-20.85,0,0,0.49955299836509925
232,18,-20.900000000000002,0,0,0.49805433937000393
233,11,-0.49999999999999994,0,0,0.4965601763518939
234,8,-20.400000000000002,0,0,0.49507049582283824
235,20,-0.9500000000000003,0,0,0.49358528433536975
236,8,-0.35,0,0,0.49210452848236363
237,11,-20.55,0,0,0.49062821489691655
238,31,-1.5000000000000007,0,0,0.4891563302522258
239,59,-2.8999999999999977,0,0,0.48768886126146915
240,59,-2.8999999999999977,0,0,0.48622579467768473
241,13,-20.650000000000002,0,0,0.4847671172936517
242,23,-21.150000000000002,0,0,0.4833128159417707
243,33,-21.650000000000002,0,0,0.4818628774939454
244,24,-1.1500000000000004,0,0,0.48041728886146357
245,23,28.9,10,0,0.4789760369948792
246,63,-23.15,0,0,0.47753910888389456
247,11,-20.55,0,0,0.4761064915572429
248,14,-0.65,0,0,0.4746781720825711
249,12,-20.6,0,0,0.4732541375663234
250,38,-21.900000000000002,0,0,0.4718343751536244
251,23,-1.1000000000000003,0,0,0.47041887202816357
252,11,-0.49999999999999994,0,0,0.4690076154120791
253,20,-21.0,0,0,0.46760059256584285
254,9,-0.39999999999999997,0,0,0.4661977907881453
255,7,-0.3,0,0,0.4647991974157809
256,18,-0.8500000000000002,0,0,0.46340479982353355
257,14,-20.7,0,0,0.46201458542406293
258,21,-1.0000000000000002,0,0,0.4606285416677907
259,15,-20.75,0,0,0.45924665604278736
260,44,27.849999999999987,10,0,0.457868916074659
261,19,-20.95,0,0,0.45649530932643506
262,19,-20.95,0,0,0.45512582339845575
263,33,28.399999999999995,10,0,0.45376044592826037
264,13,29.4,10,0,0.4523991645904756
265,7,-0.3,0,0,0.45104196709670413
266,19,-0.9000000000000002,0,0,0.449688841195414
267,14,-20.7,0,0,0.4483397746718278
268,12,-20.6,0,0,0.4469947553478123
269,25,8.74999999999999,10,0,0.44565377108176885
270,41,-2.000000000000001,0,0,0.44431680976852356
271,17,-0.8000000000000002,0,0,0.44298385933921797
272,20,-0.9500000000000003,0,0,0.4416549077612003
273,36,-1.7500000000000009,0,0,0.4403299430379167
274,24,-1.1500000000000004,0,0,0.43900895320880295
275,28,-21.400000000000002,0,0,0.43769192634917653
276,14,9.299999999999997,10,0,0.436378850570129
277,16,29.25,10,0,0.4350697140184186
278,6,-20.3,0,0,0.43376450487636337
279,20,-0.9500000000000003,0,0,0.43246321136173427
280,8,-20.400000000000002,0,0,0.43116582172764906
281,36,-1.7500000000000009,0,0,0.42987232426246613
282,10,-20.5,0,0,0.42858270728967873
283,23,-21.150000000000002,0,0,0.4272969591678097
284,18,-0.8500000000000002,0,0,0.4260150682903063
285,24,8.799999999999997,10,0,0.4247370230854354
286,29,-1.4000000000000006,0,0,0.4234628120161791
287,9,-0.39999999999999997,0,0,0.42219242358013054
288,40,-1.950000000000001,0,0,0.4209258463093902
289,15,-20.75,0,0,0.419663068770462
290,28,28.65,10,0,0.4184040795641506
291,30,-21.5,0,0,0.41714886732545814
292,29,-1.4000000000000006,0,0,0.41589742072348174
293,52,7.39999999999997,10,0,0.4146497284613113
294,41,7.9499999999999815,10,0,0.41340577927592737
295,28,-21.400000000000002,0,0,0.41216556193809956
296,11,-20.55,0,0,0.41092906525228523
297,20,-0.9500000000000003,0,0,0.40969627805652836
298,9,-20.45,0,0,0.40846718922235875
299,18,-0.8500000000000002,0,0,0.40724178765469166
300,17,-20.85,0,0,0.4060200622917276
301,31,-1.5000000000000007,0,0,0.4048020021048524
302,39,-1.900000000000001,0,0,0.40358759609853784
303,9,-20.45,0,0,0.4023768333102422
304,20,-21.0,0,0,0.4011697028103115
305,11,-20.55,0,0,0.3999661937018806
306,14,-0.65,0,0,0.39876629512077494
307,15,-20.75,0,0,0.3975699962354126
308,13,-0.6,0,0,0.3963772862467064
309,48,7.599999999999987,10,0,0.39518815438796623
310,16,-20.8,0,0,0.3940025899248023
311,26,-21.3,0,0,0.3928205821550279
312,19,-20.95,0,0,0.39164212040856283
313,11,-0.49999999999999994,0,0,0.39046719404733715
314,5,-20.25,0,0,0.38929579246519513
315,10,-0.44999999999999996,0,0,0.38812790508779954
316,23,-21.150000000000002,0,0,0.38696352137253615
317,33,-1.6000000000000008,0,0,0.38580263080841853
318,16,-20.8,0,0,0.3846452229159933
319,19,-0.9000000000000002,10,0,0.3834912872472453
320,10,-20.5,0,0,0.3823408133855036
321,11,-0.49999999999999994,0,0,0.38119379094534706
322,16,-20.8,0,0,0.380050209572511
323,36,-1.7500000000000009,0,0,0.3789100589437935
324,9,-20.45,0,0,0.3777733287669621
325,10,-20.5,0,0,0.37664000878066123
326,53,27.39999999999999,10,0,0.37551008875431924
327,37,-21.85,0,0,0.37438355848805627
328,40,7.9999999999999964,10,0,0.3732604078125921
329,31,-21.55,0,0,0.37214062658915437
330,14,-0.65,0,0,0.3710242047093869
331,32,-1.5500000000000007,0,0,0.3699111320952587
332,31,8.449999999999996,10,0,0.36880139869897294
333,37,28.19999999999999,10,0,0.367694994502876
334,13,9.35,10,0,0.3665919095193674
335,31,-1.5000000000000007,0,0,0.36549213379080925
336,26,28.749999999999993,10,0,0.3643956573894368
337,8,-20.400000000000002,0,0,0.3633024704172685
338,51,7.4499999999999815,10,0,0.3622125630060167
339,9,-0.39999999999999997,0,0,0.3611259253169986
340,18,-20.900000000000002,0,0,0.3600425475410476
341,18,-20.900000000000002,0,0,0.3589624198984244
342,27,28.699999999999996,10,0,0.35788553263872913
343,49,-22.45,0,0,0.35681187604081294
344,15,-0.7000000000000001,0,0,0.3557414404126905
345,11,-0.49999999999999994,0,0,0.35467421609145244
346,30,-21.5,0,0,0.35361019344317807
347,20,-21.0,0,0,0.35254936286284855
348,23,-1.1000000000000003,0,0,0.35149171477426
349,16,-20.8,0,0,0.3504372396299372
350,51,27.499999999999982,10,0,0.3493859279110474
351,22,-21.1,0,0,0.34833777012731426
352,29,-21.450000000000003,0,0,0.34729275681693234
353,15,-0.7000000000000001,0,0,0.3462508785464815
354,55,-2.6999999999999984,0,0,0.34521212591084205
355,34,-21.700000000000003,0,0,0.34417648953310953
356,25,-1.2000000000000004,0,0,0.3431439600645102
357,18,-0.8500000000000002,0,0,0.34211452818431665
358,39,-21.950000000000003,0,0,0.3410881845997637
359,45,-22.25,0,0,0.3400649200459644
360,13,-0.6,0,0,0.3390447252858265
361,25,-1.2000000000000004,0,0,0.33802759110996905
362,11,-20.55,0,0,0.3370135083366391
363,16,-20.8,0,0,0.3360024678116292
364,17,-20.85,0,0,0.3349944604081943
365,32,-1.5500000000000007,0,0,0.33398947702696974
366,49,27.599999999999994,10,0,0.3329875085958888
367,35,28.299999999999994,10,0,0.33198854607010114
368,24,-21.200000000000003,0,0,0.33099258043189084
369,27,8.649999999999995,10,0,0.32999960269059514
370,48,-22.4,0,0,0.32900960388252337
371,20,-21.0,0,0,0.3280225750708758
372,12,-20.6,0,0,0.32703850734566314
373,20,-0.9500000000000003,0,0,0.32605739182362614
374,16,-20.8,0,0,0.3250792196481553
375,9,-20.45,0,0,0.3241039819892108
376,32,-21.6,0,0,0.32313167004324317
377,47,-2.3,0,0,0.32216227503311345
378,8,-0.35,0,0,0.3211957882080141
379,31,-1.5000000000000007,0,0,0.32023220084339005
380,42,-2.0500000000000007,0,0,0.31927150424085987
381,13,-20.650000000000002,0,0,0.3183136897281373
382,7,-0.3,0,0,0.31735874865895286
383,21,-21.05,0,0,0.316406672412976
384,21,-1.0000000000000002,0,0,0.3154574523957371
385,23,-1.1000000000000003,0,0,0.3145110800385499
386,21,29.0,10,0,0.31356754679843424
387,37,-21.85,0,0,0.31262684415803893
388,18,-20.900000000000002,0,0,0.3116889636255648
389,19,-20.95,0,0,0.3107538967346881
390,10,-0.44999999999999996,0,0,0.30982163504448407
391,18,-0.8500000000000002,0,0,0.3088921701393506
392,9,-20.45,0,0,0.30796549362893255
393,32,-1.5500000000000007,0,0,0.30704159714804574
394,9,-20.45,0,0,0.3061204723566016
395,28,-1.3500000000000005,0,0,0.3052021109395318
396,14,-20.7,0,0,0.3042865046067132
397,31,-1.5000000000000007,0,0,0.30337364509289305
398,32,-1.5500000000000007,0,0,0.30246352415761435
399,12,-0.5499999999999999,0,0,0.3015561335851415
400,23,-1.1000000000000003,0,0,0.30065146518438607
401,47,-22.35,0,0,0.2997495107888329
402,39,8.049999999999994,10,0,0.2988502622564664
403,29,-21.450000000000003,0,0,0.29795371146969696
404,28,-21.400000000000002,0,0,0.29705985033528787
405,5,-0.2,0,0,0.296168670784282
406,10,-20.5,0,0,0.29528016477192914
407,4,-0.15000000000000002,0,0,0.29439432427761336
408,30,8.499999999999996,10,0,0.2935111413047805
409,34,-1.6500000000000008,0,0,0.29263060788086614
410,9,-20.45,0,0,0.2917527160572235
411,13,9.35,10,0,0.29087745790905184
412,25,-21.25,0,0,0.2900048255353247
413,24,8.79999999999999,10,0,0.28913481105871874
414,54,7.299999999999997,10,0,0.28826740662554257
415,40,-22.0,0,0,0.28740260440566595
416,24,-1.1500000000000004,0,0,0.28654039659244895
417,12,-20.6,0,0,0.2856807754026716
418,11,29.5,10,0,0.2848237330764636
419,40,-22.0,0,0,0.2839692618772342
420,13,29.4,10,0,0.2831173540916025
421,21,28.99999999999999,10,0,0.28226800202932767
422,32,8.399999999999984,10,0,0.28142119802323967
423,31,-1.5000000000000007,0,0,0.28057693442917
424,13,29.4,10,0,0.27973520362588244
425,42,167.89999999999998,20,1,0.2788959980150048
426,26,-1.2500000000000004,0,0,0.2780593100209598
427,16,-0.7500000000000001,0,0,0.2772251320908969
428,14,-0.65,10,0,0.2763934566946242
429,18,-20.900000000000002,0,0,0.2755642763245403
430,14,29.349999999999998,10,0,0.27473758349556665
431,7,9.649999999999999,10,0,0.27391337074507993
432,9,-20.45,0,0,0.2730916306328447
433,28,28.65,10,0,0.27227235574094616
434,22,-21.1,0,0,0.2714555386737233
435,24,28.849999999999998,10,0,0.2706411720577021
436,30,-1.4500000000000006,0,0,0.269829248541529
437,10,-20.5,0,0,0.2690197607959044
438,8,-20.400000000000002,0,0,0.26821270151351667
439,7,-20.35,0,0,0.2674080634089761
440,20,29.049999999999997,10,0,0.2666058392187492
441,21,-1.0000000000000002,0,0,0.26580602170109296
442,19,-20.95,0,0,0.26500860363598966
443,12,-0.5499999999999999,0,0,0.2642135778250817
444,33,-21.650000000000002,0,0,0.26342093709160647
445,13,29.4,10,0,0.26263067428033166
446,41,-2.000000000000001,0,0,0.26184278225749064
447,34,-1.6500000000000008,0,0,0.26105725391071816
448,24,-1.1500000000000004,0,0,0.260274082148986
449,14,29.349999999999998,10,0,0.2594932599025391
450,5,-0.2,0,0,0.25871478012283144
451,21,29.0,10,0,0.25793863578246295
452,12,29.45,10,0,0.2571648198751156
453,19,-20.95,0,0,0.25639332541549026
454,36,8.199999999999996,10,0,0.2556241454392438
455,16,29.249999999999996,10,0,0.25485727300292604
456,21,-1.0000000000000002,0,0,0.25409270118391725
457,13,-20.650000000000002,0,0,0.2533304230803655
458,16,-0.7500000000000001,0,0,0.25257043181112443
459,35,-1.7000000000000008,0,0,0.25181272051569104
460,23,-1.1000000000000003,0,0,0.251057282354144
461,27,8.649999999999999,10,0,0.25030411050708157
462,16,-0.7500000000000001,0,0,0.24955319817556032
463,14,-0.65,0,0,0.24880453858103363
464,16,-20.8,0,0,0.24805812496529053
465,14,29.349999999999998,10,0,0.24731395059039465
466,15,29.3,10,0,0.24657200873862348
467,9,-20.45,0,0,0.2458322927124076
468,19,-0.9000000000000002,0,0,0.24509479583427038
469,25,-21.25,0,0,0.24435951144676757
470,10,-20.5,0,0,0.24362643291242728
471,20,-21.0,0,0,0.24289555361369
472,10,-0.44999999999999996,0,0,0.24216686695284892
473,45,-2.2,0,0,0.24144036635199037
474,39,8.049999999999986,10,0,0.24071604525293439
475,24,28.849999999999998,10,0,0.2399938971171756
476,10,-0.44999999999999996,0,0,0.23927391542582405
477,7,-20.35,0,0,0.23855609367954658
478,11,-0.49999999999999994,0,0,0.23784042539850794
479,20,-21.0,0,0,0.2371269041223124
480,11,29.5,10,0,0.23641552340994548
481,23,8.849999999999998,10,0,0.23570627683971565
482,8,-20.400000000000002,0,0,0.2349991580091965
483,29,-21.450000000000003,0,0,0.2342941605351689
484,27,-1.3000000000000005,0,0,0.23359127805356342
485,11,-20.55,0,0,0.23289050421940272
486,48,-2.3499999999999996,0,0,0.2321918327067445
487,23,28.9,10,0,0.23149525720862427
488,17,-20.85,0,0,0.2308007714369984
489,7,-20.35,0,0,0.2301083691226874
490,20,-0.9500000000000003,0,0,0.22941804401531934
491,46,-22.3,0,0,0.2287297898832734
492,15,29.3,10,0,0.22804360051362357
493,15,9.25,10,0,0.2273594697120827
494,24,28.84999999999999,20,1,0.22667739130294645
495,13,-0.6,0,0,0.22599735912903762
496,32,28.45,10,0,0.2253193670516505
497,20,-0.9500000000000003,0,0,0.22464340895049556
498,22,-21.1,0,0,0.22396947872364406
499,8,-0.35,0,0,0.22329757028747313
500,14,-0.65,0,0,0.2226276775766107
501,23,-1.1000000000000003,0,0,0.22195979454388087
502,18,-20.900000000000002,0,0,0.22129391516024924
503,10,29.55,10,0,0.2206300334147685
504,40,7.999999999999998,10,0,0.2199681433145242
505,31,-21.55,0,0,0.21930823888458062
506,26,28.749999999999993,10,0,0.21865031416792688
507,8,-20.400000000000002,0,0,0.2179943632254231
508,18,-20.900000000000002,0,0,0.21734038013574683
509,17,-20.85,0,0,0.21668835899533959
510,28,-21.400000000000002,0,0,0.21603829391835358
511,27,-1.3000000000000005,0,0,0.21539017903659852
512,9,29.599999999999998,10,0,0.21474400849948871
513,10,29.55,10,0,0.21409977647399026
514,13,9.349999999999998,10,0,0.21345747714456828
515,8,-20.400000000000002,0,0,0.21281710471313459
516,22,28.949999999999992,10,0,0.2121786533989952
517,14,-20.7,0,0,0.2115421174387982
518,9,29.599999999999998,10,0,0.2109074910864818
519,15,-20.75,0,0,0.21027476861322236
520,11,-0.49999999999999994,0,0,0.2096439443073827
521,16,-0.7500000000000001,0,0,0.20901501247446055
522,13,-20.650000000000002,0,0,0.20838796743703716
523,13,29.4,10,0,0.20776280353472606
524,8,-20.400000000000002,0,0,0.20713951512412188
525,8,29.65,10,0,0.2065180965787495
526,15,-20.75,0,0,0.20589854228901325
527,10,-0.44999999999999996,0,0,0.20528084666214622
528,27,-1.3000000000000005,0,0,0.20466500412215977
529,18,-20.900000000000002,0,0,0.2040510091097933
530,13,9.349999999999998,10,0,0.2034388560824639
531,11,-0.49999999999999994,0,0,0.2028285395142165
532,5,-0.2,0,0,0.20222005389567385
533,9,-20.45,0,0,0.20161339373398682
534,19,-20.95,0,0,0.20100855355278485
535,9,-0.39999999999999997,0,0,0.20040552789212648
536,8,-0.35,0,0,0.1998043113084501
537,24,-21.200000000000003,0,0,0.19920489837452476
538,11,-0.49999999999999994,0,0,0.1986072836794012
539,19,9.04999999999999,10,0,0.198011461828363
540,37,8.149999999999999,10,0,0.1974174274428779
541,12,-0.5499999999999999,0,0,0.19682517516054926
542,54,-22.7,0,0,0.19623469963506762
543,27,8.649999999999995,10,0,0.1956459955361624
544,9,-20.45,0,0,0.1950590575495539
545,22,-21.1,0,0,0.19447388037690524
546,12,-20.6,0,0,0.19389045873577454
547,18,29.15,10,0,0.19330878735956722
548,36,-1.7500000000000009,0,0,0.1927288609974885
549,19,-20.95,0,0,0.19215067441449604
550,18,-20.900000000000002,0,0,0.19157422239125255
551,52,-22.6,0,0,0.1909994997240788
552,6,-0.25,10,0,0.19042650122490654
553,11,-0.49999999999999994,0,0,0.18985522172123181
554,20,29.05,10,0,0.18928565605606812
555,40,-1.950000000000001,0,0,0.1887177990878999
556,19,-20.95,0,0,0.1881516456906362
557,7,-0.3,0,0,0.18758719075356428
558,28,28.64999999999999,10,0,0.18702442918130358
559,13,29.4,10,0,0.18646335589375967
560,21,29.0,10,0,0.1859039658260784
561,18,-20.900000000000002,0,0,0.18534625392860016
562,23,28.9,10,0,0.18479021516681435
563,28,-21.400000000000002,0,0,0.1842358445213139
564,4,-0.15000000000000002,0,0,0.18368313698774996
565,15,-0.7000000000000001,10,0,0.1831320875767867
566,10,29.55,10,0,0.18258269131405633
567,13,9.349999999999998,10,0,0.18203494324011416
568,9,-20.45,0,0,0.18148883841039382
569,13,-0.6,0,0,0.18094437189516263
570,7,-20.35,0,0,0.18040153877947715
571,7,-20.35,0,0,0.1798603341631387
572,12,-20.6,0,0,0.1793207531606493
573,16,9.2,10,0,0.17878279090116736
574,43,27.899999999999988,10,0,0.17824644252846386
575,9,-0.39999999999999997,0,0,0.17771170320087848
576,7,-0.3,0,0,0.17717856809127586
577,25,8.749999999999998,10,0,0.17664703238700202
578,14,29.349999999999998,10,0,0.17611709128984102
579,25,28.799999999999997,10,0,0.1755887400159715
580,31,-21.55,0,0,0.1750619737959236
581,14,29.349999999999998,10,0,0.1745367878745358
582,20,-0.9500000000000003,0,0,0.1740131775109122
583,16,9.199999999999996,10,0,0.17349113797837945
584,23,28.9,10,0,0.17297066456444432
585,10,-20.5,0,0,0.172451752570751
586,29,-1.4000000000000006,0,0,0.17193439731303872
587,26,-1.2500000000000004,0,0,0.1714185941210996
588,8,-20.400000000000002,0,0,0.1709043383387363
589,20,29.05,10,0,0.1703916253237201
590,21,8.95,10,0,0.16988045044774894
591,10,-20.5,0,0,0.1693708090964057
592,28,8.599999999999994,10,0,0.1688626966691165
593,23,-21.150000000000002,0,0,0.16835610857910915
594,22,8.899999999999995,10,0,0.16785104025337183
595,38,8.099999999999998,10,0,0.16734748713261172
596,16,29.249999999999996,10,0,0.16684544467121387
597,18,29.15,10,0,0.16634490833720023
598,19,-20.95,0,0,0.16584587361218864
599,5,-20.25,0,0,0.16534833599135207
600,17,29.2,10,0,0.164852290983378
601,27,-21.35,0,0,0.16435773411042787
602,29,28.599999999999994,10,0,0.1638646609080966
603,30,-1.4500000000000006,0,0,0.1633730669253723
604,13,-20.650000000000002,0,0,0.16288294772459616
605,7,-20.35,0,0,0.16239429888142237
606,28,8.599999999999994,10,0,0.1619071159847781
607,11,29.5,10,0,0.16142139463682378
608,13,-20.650000000000002,0,0,0.1609371304529133
609,35,-1.7000000000000008,0,0,0.16045431906155455
610,21,-21.05,0,0,0.15997295610436987
611,19,-20.95,0,0,0.15949303723605676
612,12,9.399999999999999,10,0,0.1590145581243486
613,20,-0.9500000000000003,0,0,0.15853751444997555
614,15,29.299999999999997,10,0,0.1580619019066256
615,19,-0.9000000000000002,0,0,0.15758771620090573
616,73,6.349999999999984,10,0,0.157114953052303
617,36,28.249999999999993,10,0,0.1566436081931461
618,10,-20.5,0,0,0.15617367736856666
619,33,-1.6000000000000008,0,0,0.15570515633646095
620,29,28.599999999999998,10,0,0.15523804086745158
621,32,-1.5500000000000007,0,0,0.15477232674484923
622,48,-2.3499999999999996,0,0,0.15430800976461467
623,15,-0.7000000000000001,10,0,0.15384508573532082
624,6,-20.3,0,0,0.15338355047811486
625,24,-21.200000000000003,0,0,0.15292339982668052
626,7,-20.35,0,0,0.15246462962720048
627,58,-22.9,0,0,0.15200723573831887
628,33,-21.650000000000002,0,0,0.15155121403110391
629,23,8.849999999999998,10,0,0.1510965603890106
630,27,8.649999999999995,10,0,0.15064327070784356
631,19,9.04999999999999,10,0,0.15019134089572003
632,22,28.95,10,0,0.14974076687303287
633,8,-20.400000000000002,0,0,0.14929154457241375
634,24,-21.200000000000003,0,0,0.14884366993869652
635,13,-0.6,0,0,0.14839713892888043
636,19,-0.9000000000000002,0,0,0.14795194751209378
637,7,-20.35,0,0,0.1475080916695575
638,30,-1.4500000000000006,0,0,0.14706556739454882
639,11,-0.49999999999999994,0,0,0.14662437069236517
640,27,-21.35,0,0,0.14618449758028806
641,8,-20.400000000000002,0,0,0.1457459440875472
642,13,-20.650000000000002,0,0,0.14530870625528455
643,20,-0.9500000000000003,0,0,0.1448727801365187
644,11,-20.55,0,0,0.14443816179610913
645,22,28.95,10,0,0.1440048473107208
646,19,-0.9000000000000002,0,0,0.14357283276878863
647,13,29.4,10,0,0.14314211427048226
648,37,8.149999999999999,10,0,0.1427126879276708
649,20,-21.0,0,0,0.1422845498638878
650,39,28.099999999999994,10,0,0.14185769621429614
651,9,-20.45,0,0,0.14143212312565326
652,18,-20.900000000000002,0,0,0.1410078267562763
653,21,8.95,10,0,0.14058480327600748
654,7,-0.3,0,0,0.14016304886617945
655,41,7.949999999999985,10,0,0.1397425597195809
656,29,28.599999999999994,10,0,0.13932333204042216
657,19,9.04999999999999,10,0,0.1389053620443009
658,26,8.699999999999996,10,0,0.138488645958168
659,53,27.4,10,0,0.1380731800202935
660,30,8.499999999999993,10,0,0.13765896048023263
661,21,-21.05,0,0,0.13724598359879192
662,14,-0.65,0,0,0.13683424564799554
663,11,-0.49999999999999994,0,0,0.13642374291105155
664,10,9.5,10,0,0.1360144716823184
665,15,-0.7000000000000001,0,0,0.13560642826727143
666,14,29.349999999999998,10,0,0.1351996089824696
667,8,29.65,10,0,0.1347940101555222
668,43,7.849999999999998,10,0,0.13438962812505564
669,34,-21.700000000000003,0,0,0.13398645924068048
670,21,-1.0000000000000002,0,0,0.13358449986295842
671,19,9.049999999999997,10,0,0.13318374636336955
672,25,8.749999999999998,10,0,0.13278419512427944
673,57,-22.849999999999998,0,0,0.1323858425389066
674,21,-21.05,0,0,0.13198868501128988
675,40,-1.950000000000001,0,0,0.13159271895625602
676,78,-23.899999999999995,0,0,0.13119794079938724
677,36,-21.8,0,0,0.13080434697698906
678,25,-1.2000000000000004,0,0,0.1304119339360581
679,18,-20.900000000000002,0,0,0.13002069813424993
680,24,-1.1500000000000004,0,0,0.12963063603984717
681,21,-1.0000000000000002,0,0,0.12924174413172762
682,17,-0.8000000000000002,0,0,0.12885401889933243
683,11,-0.49999999999999994,0,0,0.12846745684263444
684,15,29.299999999999997,10,0,0.12808205447210655
685,25,-21.25,0,0,0.12769780830869024
686,17,-20.85,0,0,0.12731471488376417
687,18,-0.8500000000000002,0,0,0.12693277073911288
688,58,-2.849999999999998,0,0,0.12655197242689553
689,25,-1.2000000000000004,0,0,0.12617231650961486
690,13,29.4,10,0,0.12579379956008602
691,19,169.04999999999998,20,1,0.12541641816140575
692,15,-0.7000000000000001,0,0,0.12504016890692154
693,9,-0.39999999999999997,0,0,0.12466504840020078
694,30,-1.4500000000000006,0,0,0.12429105325500017
695,21,29.0,10,0,0.12391818009523517
696,55,-2.6999999999999984,0,0,0.12354642555494946
697,40,28.049999999999997,10,0,0.12317578627828461
698,17,29.199999999999996,10,0,0.12280625891944975
699,34,-1.6500000000000008,0,0,0.1224378401426914
700,11,9.45,10,0,0.12207052662226334
701,18,29.149999999999995,10,0,0.12170431504239655
702,13,29.4,10,0,0.12133920209726937
703,7,-20.35,0,0,0.12097518449097756
704,36,28.249999999999996,10,0,0.12061225893750463
705,16,-0.7500000000000001,10,0,0.12025042216069212
706,18,-20.900000000000002,0,0,0.11988967089421004
707,60,-2.9499999999999975,0,0,0.11953000188152742
708,36,-1.7500000000000009,0,0,0.11917141187588283
709,17,-20.85,0,0,0.11881389764025518
710,54,7.299999999999976,10,0,0.11845745594733442
711,32,-1.5500000000000007,0,0,0.11810208357949242
712,46,7.699999999999985,10,0,0.11774777732875394
713,16,29.25,10,0,0.11739453399676768
714,14,9.299999999999999,10,0,0.11704235039477738
715,27,28.699999999999996,10,0,0.11669122334359305
716,12,-20.6,0,0,0.11634114967356228
717,27,-1.3000000000000005,0,0,0.1159921262245416
718,34,-21.700000000000003,0,0,0.11564414984586797
719,33,28.4,10,0,0.11529721739633036
720,29,28.599999999999998,10,0,0.11495132574414137
721,60,-2.9499999999999975,0,0,0.11460647176690894
722,18,9.1,10,0,0.11426265235160821
723,32,-1.5500000000000007,0,0,0.11391986439455339
724,22,28.95,10,0,0.11357810480136972
725,8,29.65,10,0,0.11323737048696561
726,22,28.949999999999992,10,0,0.11289765837550471
727,22,8.899999999999995,10,0,0.1125589654003782
728,20,-21.0,0,0,0.11222128850417706
729,28,-21.400000000000002,0,0,0.11188462463866453
730,33,28.4,10,0,0.11154897076474853
731,49,7.549999999999994,10,0,0.11121432385245428
732,15,29.299999999999997,10,0,0.11088068088089692
733,50,27.549999999999997,10,0,0.11054803883825423
734,14,9.299999999999997,10,0,0.11021639472173947
735,22,28.95,10,0,0.10988574553757426
736,48,-22.4,0,0,0.10955608830096153
737,35,-21.75,0,0,0.10922742003605865
738,46,-2.25,0,0,0.10889973777595047
739,31,-21.55,0,0,0.10857303856262261
740,18,-0.8500000000000002,0,0,0.10824731944693475
741,71,-3.4999999999999956,0,0,0.10792257748859395
742,14,-0.65,10,0,0.10759880975612816
743,52,-2.549999999999999,0,0,0.10727601332685978
744,25,-1.2000000000000004,0,0,0.1069541852868792
745,26,-21.3,0,0,0.10663332273101855
746,31,8.45,10,0,0.1063134227628255
747,16,-0.7500000000000001,10,0,0.10599448249453702
748,10,29.549999999999997,10,0,0.10567649904705341
749,25,28.799999999999997,10,0,0.10535946954991225
750,16,-0.7500000000000001,0,0,0.10504339114126252
751,14,29.349999999999994,10,0,0.10472826096783873
752,22,-1.0500000000000003,0,0,0.10441407618493521
753,10,-20.5,0,0,0.10410083395638041
754,12,9.399999999999999,10,0,0.10378853145451127
755,9,-0.39999999999999997,0,0,0.10347716586014773
756,18,-0.8500000000000002,0,0,0.10316673436256728
757,50,27.54999999999999,10,0,0.10285723415947957
758,33,-1.6000000000000008,0,0,0.10254866245700113
759,50,7.4999999999999964,10,0,0.10224101646963013
760,14,29.349999999999998,10,0,0.10193429342022124
761,64,6.799999999999994,10,0,0.10162849053996058
762,9,-20.45,0,0,0.10132360506834069
763,11,-0.49999999999999994,0,0,0.10101963425313566
764,24,28.84999999999999,10,0,0.10071657535037626
765,27,28.699999999999996,10,0,0.10041442562432513
766,45,7.749999999999989,10,0,0.10011318234745216
767,37,-1.800000000000001,0,0,0.0998128428004098
768,92,25.449999999999985,10,0,0.09951340427200858
769,21,28.999999999999996,10,0,0.09921486405919255
770,34,-1.6500000000000008,0,0,0.09891721946701497
771,6,-0.25,0,0,0.09862046780861393
772,10,29.55,10,0,0.09832460640518809
773,17,9.149999999999999,10,0,0.09802963258597253
774,21,29.0,10,0,0.0977355436882146
775,20,-21.0,0,0,0.09744233705714996
776,44,-2.1500000000000004,0,0,0.09715001004597851
777,23,8.849999999999994,10,0,0.09685856001584058
778,10,-0.44999999999999996,0,0,0.09656798433579306
779,18,-0.8500000000000002,0,0,0.09627828038278567
780,28,-1.3500000000000005,0,0,0.09598944554163731
781,11,-0.49999999999999994,0,0,0.0957014772050124
782,24,28.849999999999998,10,0,0.09541437277339737
783,38,28.14999999999999,10,0,0.09512812965507718
784,37,28.2,10,0,0.09484274526611194
785,23,28.9,10,0,0.09455821703031361
786,40,7.999999999999986,10,0,0.09427454237922267
787,38,8.09999999999999,10,0,0.09399171875208501
788,12,9.399999999999999,10,0,0.09370974359582875
789,36,-1.7500000000000009,0,0,0.09342861436504125
790,23,28.9,10,0,0.09314832852194613
791,7,-20.35,0,0,0.09286888353638029
792,22,8.899999999999999,10,0,0.09259027688577115
793,38,-21.900000000000002,0,0,0.09231250605511383
794,15,9.25,10,0,0.0920355685369485
795,27,-21.35,0,0,0.09175946183133765
796,32,28.45,10,0,0.09148418344584364
797,11,29.5,10,0,0.0912097308955061
798,22,8.899999999999999,10,0,0.09093610170281959
799,8,-20.400000000000002,0,0,0.09066329339771112
800,14,29.349999999999994,10,0,0.09039130351751799
801,12,-0.5499999999999999,0,0,0.09012012960696544
802,69,26.6,10,0,0.08984976921814454
803,15,9.249999999999993,10,0,0.0895802199104901
804,17,29.2,10,0,0.08931147925075864
805,12,29.45,10,0,0.08904354481300636
806,36,-21.8,0,0,0.08877641417856734
807,15,9.25,10,0,0.08851008493603164
808,23,28.9,10,0,0.08824455468122355
809,28,-21.400000000000002,0,0,0.08797982101717988
810,23,28.89999999999999,10,0,0.08771588155412834
811,18,29.15,10,0,0.08745273390946595
812,15,9.25,10,0,0.08719037570773755
813,10,-0.44999999999999996,0,0,0.08692880458061433
814,15,9.25,10,0,0.08666801816687249
815,41,-2.000000000000001,0,0,0.08640801411237187
816,21,8.95,10,0,0.08614879007003474
817,17,9.149999999999999,10,0,0.08589034369982464
818,23,28.9,10,0,0.08563267266872517
819,26,-21.3,0,0,0.085375774650719
820,29,8.549999999999994,10,0,0.08511964732676684
821,8,-20.400000000000002,0,0,0.08486428838478655
822,46,-22.3,0,0,0.08460969551963218
823,42,-2.0500000000000007,0,0,0.08435586643307329
824,20,29.05,10,0,0.08410279883377407
825,15,29.3,10,0,0.08385049043727275
826,34,-1.6500000000000008,0,0,0.08359893896596093
827,20,29.049999999999997,10,0,0.08334814214906305
828,16,9.2,10,0,0.08309809772261587
829,19,-0.9000000000000002,0,0,0.08284880342944802
830,18,29.15,10,0,0.08260025701915967
831,26,-21.3,0,0,0.0823524562481022
832,15,29.3,10,0,0.08210539887935789
833,21,8.949999999999996,10,0,0.08185908268271981
834,11,9.45,10,0,0.08161350543467165
835,22,28.95,10,0,0.08136866491836764
836,15,9.25,10,0,0.08112455892361253
837,15,9.25,10,0,0.0808811852468417
838,25,28.79999999999999,10,0,0.08063854169110117
839,28,28.65,10,0,0.08039662606602786
840,15,29.3,10,0,0.08015543618782978
841,9,-20.45,0,0,0.07991496987926629
842,63,26.89999999999999,10,0,0.07967522496962849
843,41,7.9499999999999815,10,0,0.07943619929471961
844,23,8.849999999999998,10,0,0.07919789069683544
845,21,8.949999999999996,10,0,0.07896029702474494
846,15,9.25,10,0,0.0787234161336707
847,23,8.85,10,0,0.07848724588526969
848,39,28.099999999999987,10,0,0.07825178414761388
849,14,-0.65,10,0,0.07801702879517104
850,22,28.95,10,0,0.07778297770878553
851,15,29.3,10,0,0.07754962877565917
852,47,-22.35,0,0,0.0773169798893322
853,48,-22.4,0,0,0.07708502894966421
854,28,-21.400000000000002,0,0,0.07685377386281522
855,21,-21.05,0,0,0.07662321254122678
856,28,28.65,10,0,0.0763933429036031
857,28,-21.400000000000002,0,0,0.07616416287489229
858,28,-1.3500000000000005,0,0,0.07593567038626761
859,36,-1.7500000000000009,0,0,0.0757078633751088
860,28,-21.400000000000002,0,0,0.07548073978498347
861,12,9.399999999999999,10,0,0.07525429756562853
862,20,-21.0,0,0,0.07502853467293165
863,19,-0.9000000000000002,0,0,0.07480344906891286
864,43,7.849999999999998,10,0,0.07457903872170611
865,19,-20.95,0,0,0.07435530160554099
866,11,-20.55,0,0,0.07413223570072437
867,39,-21.950000000000003,0,0,0.0739098389936222
868,34,-1.6500000000000008,0,0,0.07368810947664134
869,18,-20.900000000000002,0,0,0.07346704514821141
870,25,-1.2000000000000004,10,0,0.07324664401276677
871,43,-2.1000000000000005,0,0,0.07302690408072847
872,38,-1.850000000000001,0,0,0.07280782336848628
873,11,-20.55,0,0,0.07258939989838081
874,28,-21.400000000000002,0,0,0.07237163169868567
875,11,-0.49999999999999994,0,0,0.07215451680358961
876,26,-1.2500000000000004,0,0,0.07193805325317884
877,11,-20.55,0,0,0.07172223909341931
878,14,29.349999999999998,10,0,0.07150707237613906
879,59,-2.8999999999999977,0,0,0.07129255115901063
880,12,-0.5499999999999999,0,0,0.0710786735055336
881,12,9.399999999999999,10,0,0.07086543748501699
882,18,-20.900000000000002,0,0,0.07065284117256193
883,20,29.05,10,0,0.07044088264904425
884,34,28.34999999999998,10,0,0.07022956000109712
885,44,-22.200000000000003,0,0,0.07001887132109383
886,23,-1.1000000000000003,10,0,0.06980881470713055
887,7,-0.3,10,0,0.06959938826300915
888,14,-0.65,0,0,0.06939059009822013
889,20,29.049999999999997,10,0,0.06918241832792547
890,18,-20.900000000000002,0,0,0.0689748710729417
891,17,-0.8000000000000002,0,0,0.06876794645972288
892,11,-0.49999999999999994,0,0,0.06856164262034371
893,11,-20.55,0,0,0.06835595769248268
894,24,8.799999999999999,10,0,0.06815088981940523
895,10,29.549999999999997,10,0,0.06794643714994701
896,10,29.549999999999997,10,0,0.06774259783849718
897,12,9.399999999999995,10,0,0.06753937004498169
898,13,29.4,10,0,0.06733675193484674
899,11,29.499999999999996,10,0,0.0671347416790422
900,51,7.449999999999996,10,0,0.06693333745400507
901,20,8.99999999999999,10,0,0.06673253744164305
902,9,29.599999999999998,10,0,0.06653233982931812
903,21,-1.0000000000000002,0,0,0.06633274280983018
904,9,29.599999999999998,10,0,0.06613374458140069
905,10,29.549999999999997,10,0,0.06593534334765648
906,9,29.599999999999998,10,0,0.06573753731761352
907,20,29.04999999999999,10,0,0.06554032470566068
908,22,28.94999999999999,10,0,0.0653437037315437
909,21,8.949999999999989,10,0,0.06514767262034907
910,9,29.599999999999998,10,0,0.06495222960248802
911,10,29.549999999999997,10,0,0.06475737291368056
912,21,28.999999999999993,10,0,0.06456310079493952
913,14,29.349999999999994,10,0,0.06436941149255469
914,10,29.549999999999997,10,0,0.06417630325807702
915,17,9.149999999999995,10,0,0.0639837743483028
916,20,29.04999999999999,10,0,0.06379182302525789
917,11,29.499999999999996,10,0,0.06360044755618212
918,10,9.499999999999996,10,0,0.06340964621351357
919,23,8.849999999999994,10,0,0.06321941727487303
920,9,29.599999999999998,10,0,0.0630297590230484
921,76,6.199999999999971,10,0,0.06284066974597925
922,10,9.5,10,0,0.06265214773674131
923,9,9.549999999999997,10,0,0.06246419129353109
924,14,29.349999999999998,10,0,0.0622767987196505
925,13,29.4,10,0,0.06208996832349155
926,12,9.399999999999995,10,0,0.06190369841852107
927,14,29.349999999999998,10,0,0.06171798732326551
928,18,29.15,10,0,0.06153283336129571
929,13,9.349999999999998,10,0,0.061348234861211826
930,16,29.249999999999993,10,0,0.06116419015662819
931,19,9.049999999999999,10,0,0.0609806975861583
932,10,29.549999999999997,10,0,0.06079775549339983
933,14,9.299999999999994,10,0,0.06061536222691963
934,13,29.399999999999995,10,0,0.06043351614023887
935,21,-21.05,0,0,0.060252215591818155
936,16,29.249999999999996,10,0,0.0600714589450427
937,22,28.94999999999999,10,0,0.05989124456820757
938,23,28.9,10,0,0.059711570834502944
939,13,29.399999999999995,10,0,0.05953243612199943
940,12,29.449999999999996,10,0,0.05935383881363344
941,15,29.3,10,0,0.05917577729719254
942,11,9.45,10,0,0.05899824996530096
943,17,-20.85,0,0,0.05882125521540506
944,11,29.499999999999996,10,0,0.05864479144975884
945,13,29.4,10,0,0.05846885707540957
946,9,29.599999999999998,10,0,0.05829345050418334
947,9,29.599999999999998,10,0,0.05811857015267079
948,11,29.499999999999996,10,0,0.057944214442212774
949,14,29.349999999999994,10,0,0.05777038179888613
950,9,29.599999999999998,10,0,0.05759707065348948
951,14,9.299999999999997,10,0,0.05742427944152901
952,18,9.099999999999998,10,0,0.057252006603204425
953,11,9.45,10,0,0.05708025058339481
954,12,-0.5499999999999999,10,0,0.056909009831644625
955,8,-20.400000000000002,0,0,0.05673828280214969
956,16,29.249999999999993,10,0,0.05656806795374324
957,9,-20.45,0,0,0.056398363749882004
958,10,9.5,10,0,0.05622916865863236
959,11,29.499999999999996,10,0,0.056060481152656466
960,14,29.349999999999994,10,0,0.0558922997091985
961,20,29.049999999999997,10,0,0.0557246228100709
962,7,-0.3,0,0,0.055557448941640684
963,11,9.45,10,0,0.05539077659481576
964,23,8.85,10,0,0.05522460426503131
965,9,29.599999999999998,10,0,0.05505893045223622
966,13,29.399999999999995,10,0,0.054893753660879514
967,10,29.549999999999997,10,0,0.054729072399896876
968,13,29.399999999999995,10,0,0.054564885182697184
969,13,29.399999999999995,10,0,0.05440119052714909
970,17,29.199999999999992,10,0,0.05423798695556764
971,13,29.4,10,0,0.05407527299470094
972,12,9.399999999999999,10,0,0.053913047175716836
973,21,8.949999999999992,10,0,0.05375130803418968
974,16,9.199999999999992,10,0,0.05359005411008711
975,11,29.499999999999996,10,0,0.053429283947756846
976,9,29.599999999999998,10,0,0.053268996095913575
977,9,29.599999999999998,10,0,0.05310918910762583
978,17,9.149999999999991,10,0,0.052949861540302956
979,21,28.999999999999993,10,0,0.052791011955682046
980,23,8.849999999999987,10,0,0.052632638919815
981,13,29.399999999999995,10,0,0.052474741003055554
982,9,29.599999999999998,10,0,0.052317316780046384
983,13,29.399999999999995,10,0,0.05216036482970624
984,13,29.4,10,0,0.052003883735217124
985,12,29.45,10,0,0.051847872084011475
986,19,9.049999999999994,10,0,0.05169232846775944
987,10,9.499999999999996,10,0,0.05153725148235616
988,15,29.299999999999994,10,0,0.051382639727909095
989,11,9.45,10,0,0.051228491808725365
990,11,29.499999999999996,10,0,0.05107480633329919
991,14,29.349999999999998,10,0,0.05092158191429929
992,16,9.199999999999996,10,0,0.05076881716855639
993,9,-20.45,0,0,0.05061651071705072
994,14,9.299999999999994,10,0,0.05046466118489957
995,30,8.499999999999982,10,0,0.05031326720134487
996,12,-20.6,0,0,0.05016232739974084
997,26,8.699999999999985,10,0,0.050011840417541614
998,9,9.549999999999997,10,0,0.04986180489628899
999,9,9.549999999999997,10,0,0.04971221948160012
1000,9,29.599999999999998,10,0,0.04956308282315532
1001,11,29.499999999999996,10,0,0.049414393574685855
1002,9,29.599999999999998,10,0,0.049266150393961795
1003,14,9.299999999999994,10,0,0.04911835194277991
1004,9,29.599999999999998,10,0,0.04897099688695157
1005,12,29.449999999999996,10,0,0.04882408389629071
1006,17,29.199999999999992,10,0,0.04867761164460184
1007,16,29.249999999999996,10,0,0.04853157880966803
1008,9,29.599999999999998,10,0,0.048385984073239026
1009,10,29.55,10,0,0.048240826121019306
1010,29,28.599999999999984,10,0,0.04809610364265625
1011,13,29.399999999999995,10,0,0.04795181533172828
1012,9,29.599999999999998,10,0,0.047807959885733095
1013,21,28.999999999999993,10,0,0.0476645360060759
1014,12,29.45,10,0,0.04752154239805767
1015,9,29.599999999999998,10,0,0.047378977770863494
1016,14,9.299999999999999,10,0,0.047236840837550906
1017,16,-0.7500000000000001,10,0,0.04709513031503825
1018,12,29.45,10,0,0.04695384492409314
1019,8,-0.35,10,0,0.046812983389320856
1020,12,9.399999999999995,10,0,0.04667254443915289
1021,9,29.599999999999998,10,0,0.04653252680583543
1022,9,29.599999999999998,10,0,0.04639292922541793
1023,15,-0.7000000000000001,0,0,0.04625375043774167
1024,14,29.349999999999998,10,0,0.046114989186428444
1025,13,29.399999999999995,10,0,0.045976644218869156
1026,33,168.35,20,1,0.04583871428621255
1027,30,8.49999999999999,10,0,0.04570119814335391
1028,8,-0.35,10,0,0.04556409454892385
1029,25,8.749999999999986,10,0,0.04542740226527708
1030,13,9.349999999999994,10,0,0.045291120058481245
1031,32,28.44999999999999,10,0,0.0451552466983058
1032,9,29.599999999999998,10,0,0.04501978095821088
1033,12,9.399999999999995,10,0,0.04488472161533625
1034,11,9.449999999999996,10,0,0.04475006745049024
1035,9,29.599999999999998,10,0,0.04461581724813877
1036,34,8.29999999999998,10,0,0.04448196979639435
1037,19,29.09999999999999,10,0,0.044348523887005165
1038,17,29.2,10,0,0.04421547831534415
1039,13,29.4,10,0,0.04408283188039812
1040,13,29.399999999999995,10,0,0.04395058338475692
1041,30,28.549999999999983,10,0,0.04381873163460265
1042,29,8.549999999999983,10,0,0.04368727543969884
1043,7,-0.3,0,0,0.04355621361337974
1044,49,27.599999999999994,10,0,0.0434255449725396
1045,20,29.04999999999999,10,0,0.043295268337621984
1046,12,29.45,10,0,0.04316538253260912
1047,21,28.99999999999999,10,0,0.04303588638501129
1048,22,28.94999999999999,20,1,0.04290677872585626
1049,15,9.249999999999996,10,0,0.042778058389678686
1050,31,8.449999999999982,10,0,0.04264972421450965
1051,25,8.749999999999986,10,0,0.042521775041866126
1052,17,29.2,10,0,0.04239420971674053
1053,9,29.599999999999998,10,0,0.04226702708759031
1054,47,-22.35,0,0,0.04214022600632754
1055,9,29.599999999999998,10,0,0.042013805328308555
1056,14,29.349999999999994,10,0,0.04188776391232363
1057,14,9.299999999999994,10,0,0.041762100620586655
1058,17,29.199999999999992,10,0,0.041636814318724895
1059,9,29.599999999999998,10,0,0.04151190387576872
1060,19,29.09999999999999,10,0,0.04138736816414141
1061,14,9.299999999999997,10,0,0.041263206059648984
1062,19,29.09999999999999,10,0,0.04113941644147004
1063,16,-0.7500000000000001,10,0,0.04101599819214563
1064,8,-0.35,0,0,0.040892950197569194
1065,32,168.39999999999998,20,1,0.040770271346976486
1066,12,9.399999999999995,10,0,0.040647960532935554
1067,19,29.09999999999999,10,0,0.040526016651336746
1068,25,168.74999999999997,20,1,0.040404438601382736
1069,9,29.599999999999998,10,0,0.04028322528557859
1070,18,29.14999999999999,10,0,0.04016237560972185
1071,16,29.249999999999996,10,0,0.04004188848289268
1072,9,29.599999999999998,10,0,0.039921762817444
1073,16,29.249999999999993,10,0,0.03980199752899167
1074,39,28.099999999999984,10,0,0.039682591536404695
1075,23,28.899999999999995,10,0,0.03956354376179548
1076,26,8.699999999999989,10,0,0.03944485313051009
1077,19,29.09999999999999,10,0,0.03932651857111856
1078,9,29.599999999999998,10,0,0.039208539015405205
1079,17,9.149999999999991,10,0,0.03909091339835899
1080,17,29.199999999999992,10,0,0.03897364065816391
1081,9,29.599999999999998,10,0,0.03885671973618942
1082,15,29.299999999999994,10,0,0.038740149576980853
1083,9,29.599999999999998,10,0,0.03862392912824991
1084,13,29.4,10,0,0.03850805734086516
1085,35,28.29999999999998,20,1,0.038392533168842564
1086,9,29.599999999999998,10,0,0.038277355569336036
1087,28,8.599999999999987,10,0,0.038162523502628026
1088,21,168.95,20,1,0.03804803593212014
1089,35,28.29999999999998,10,0,0.03793389182432378
1090,13,29.399999999999995,10,0,0.03782009014885081
1091,13,9.349999999999994,10,0,0.03770662987840426
1092,9,29.599999999999998,10,0,0.03759350998876904
1093,20,8.99999999999999,10,0,0.037480729458802736
1094,14,29.349999999999994,10,0,0.03736828727042633
1095,9,29.599999999999998,10,0,0.03725618240861505
1096,9,29.599999999999998,10,0,0.037144413861389204
1097,8,-20.400000000000002,0,0,0.037032980619805034
1098,13,29.4,10,0,0.03692188167794562
1099,9,29.599999999999998,10,0,0.03681111603291178
1100,9,29.599999999999998,10,0,0.036700682684813045
1101,9,29.599999999999998,10,0,0.03659058063675861
1102,21,8.949999999999992,10,0,0.03648080889484833
1103,27,8.649999999999984,10,0,0.03637136646816379
1104,9,29.599999999999998,10,0,0.036262252368759296
1105,9,29.599999999999998,10,0,0.036153465611653016
1106,9,29.599999999999998,10,0,0.03604500521481806
1107,13,9.349999999999998,10,0,0.035936870199173604
1108,28,8.599999999999984,10,0,0.03582905958857608
1109,11,29.499999999999996,10,0,0.03572157240981035
1110,25,8.749999999999986,10,0,0.035614407692580924
1111,9,-20.45,0,0,0.03550756446950318
1112,9,29.599999999999998,10,0,0.03540104177609467
1113,20,8.99999999999999,10,0,0.03529483865076639
1114,15,29.3,10,0,0.035188954134814085
1115,17,9.149999999999991,10,0,0.035083387272409644
1116,28,8.599999999999984,10,0,0.03497813711059242
1117,30,8.499999999999982,10,0,0.03487320269926064
1118,58,27.149999999999963,10,0,0.03476858309116286
1119,60,6.999999999999961,10,0,0.03466427734188937
1120,18,9.09999999999999,10,0,0.034560284509863703
1121,16,29.249999999999993,10,0,0.034456603656334114
1122,33,8.349999999999984,10,0,0.034353233845365115
1123,17,9.149999999999991,10,0,0.03425017414382902
1124,16,9.199999999999992,10,0,0.034147423621397534
1125,9,29.599999999999998,10,0,0.03404498135053334
1126,9,29.599999999999998,10,0,0.03394284640648174
1127,10,29.55,10,0,0.0338410178672623
1128,20,29.04999999999999,10,0,0.03373949481366051
1129,18,29.14999999999999,10,0,0.03363827632921953
1130,22,28.94999999999999,10,0,0.03353736150023187
1131,29,8.549999999999983,10,0,0.03343674941573117
1132,26,28.749999999999986,10,0,0.03333643916748398
1133,24,8.799999999999986,10,0,0.03323642984998153
1134,20,8.99999999999999,10,0,0.033136720560431585
1135,14,9.299999999999994,10,0,0.03303731039875029
1136,33,8.34999999999998,10,0,0.03293819846755404
1137,34,28.34999999999998,10,0,0.03283938387215138
1138,29,28.599999999999987,10,0,0.032740865720534924
1139,51,7.449999999999967,10,0,0.03264264312337332
1140,9,29.599999999999998,10,0,0.0325447151940032
1141,37,28.19999999999998,10,0,0.032447081048421186
1142,17,9.149999999999991,10,0,0.032349739805275925
1143,9,29.599999999999998,10,0,0.0322526905858601
1144,12,29.45,10,0,0.032155932514102516
1145,9,29.599999999999998,10,0,0.03205946471656021
1146,30,28.549999999999983,10,0,0.03196328632241053
1147,14,29.349999999999994,10,0,0.0318673964634433
1148,9,29.599999999999998,10,0,0.03177179427405297
1149,22,8.899999999999988,10,0,0.031676478891230805
1150,9,29.599999999999998,10,0,0.03158144945455711
1151,14,29.349999999999998,10,0,0.03148670510619344
1152,16,29.249999999999996,10,0,0.03139224499087486
1153,16,29.249999999999993,10,0,0.031298068255902235
1154,20,8.99999999999999,10,0,0.03120417405113453
1155,35,28.29999999999998,10,0,0.031110561528981125
1156,13,9.349999999999994,10,0,0.03101722984439418
1157,25,28.79999999999999,10,0,0.030924178154860996
1158,12,29.45,10,0,0.030831405620396414
1159,41,27.99999999999998,10,0,0.030738911403535223
1160,17,29.199999999999992,10,0,0.03064669466932462
1161,15,29.299999999999994,10,0,0.030554754585316646
1162,12,9.399999999999995,10,0,0.030463090321560696
1163,13,29.4,10,0,0.030371701050596014
1164,21,28.99999999999999,10,0,0.030280585947444226
1165,12,9.399999999999999,10,0,0.030189744189601894
1166,40,28.04999999999998,10,0,0.030099174957033088
1167,15,29.299999999999994,10,0,0.030008877432161987
1168,41,27.999999999999975,10,0,0.0299188507998655
1169,18,29.14999999999999,10,0,0.029829094247465902
1170,19,9.04999999999999,10,0,0.029739606964723504
1171,17,9.149999999999991,10,0,0.029650388143829334
1172,18,29.14999999999999,10,0,0.029561436979397844
1173,23,8.849999999999987,10,0,0.02947275266845965
1174,9,29.599999999999998,10,0,0.029384334410454273
1175,13,9.349999999999994,10,0,0.02929618140722291
1176,41,27.999999999999975,10,0,0.02920829286300124
1177,15,9.249999999999993,10,0,0.029120667984412235
1178,13,9.349999999999998,10,0,0.029033305980458998
1179,23,28.899999999999988,10,0,0.02894620606251762
1180,21,168.95,20,1,0.02885936744433007
1181,29,28.599999999999998,10,0,0.02877278934199708
1182,11,9.45,10,0,0.02868647097397109
1183,27,8.649999999999984,10,0,0.028600411561049175
1184,10,9.499999999999996,10,0,0.028514610326366027
1185,33,28.399999999999995,10,0,0.02842906649538693
1186,9,29.599999999999998,10,0,0.02834377929590077
1187,15,29.299999999999994,10,0,0.028258747958013065
1188,9,29.599999999999998,10,0,0.028173971714139025
1189,20,8.99999999999999,10,0,0.028089449798996607
1190,36,28.249999999999982,20,1,0.02800518144959962
1191,9,29.599999999999998,10,0,0.02792116590525082
1192,14,29.349999999999998,10,0,0.02783740240753507
1193,23,28.899999999999988,10,0,0.027753890200312464
1194,15,29.299999999999994,10,0,0.027670628529711527
1195,46,7.699999999999971,10,0,0.027587616644122393
1196,9,29.599999999999998,10,0,0.027504853794190025
1197,13,29.399999999999995,10,0,0.027422339232807454
1198,15,29.299999999999994,10,0,0.02734007221510903
1199,9,29.599999999999998,10,0,0.027258051998463702
1200,9,29.599999999999998,10,0,0.027176277842468313
1201,9,29.599999999999998,10,0,0.02709474900894091
1202,29,28.599999999999984,10,0,0.027013464761914085
1203,70,6.499999999999954,10,0,0.02693242436762834
1204,9,29.599999999999998,10,0,0.026851627094525456
1205,25,8.749999999999986,10,0,0.02677107221324188
1206,9,29.599999999999998,10,0,0.026690758996602153
1207,21,-1.0000000000000002,10,0,0.026610686719612347
1208,20,8.99999999999999,10,0,0.02653085465945351
1209,9,29.599999999999998,10,0,0.02645126209547515
1210,19,9.04999999999999,10,0,0.026371908309188723
1211,60,6.999999999999961,10,0,0.026292792584261156
1212,34,28.34999999999998,10,0,0.02621391420650837
1213,38,28.149999999999988,10,0,0.026135272463888845
1214,22,8.899999999999988,10,0,0.02605686664649718
1215,18,9.09999999999999,10,0,0.025978696046557687
1216,23,8.849999999999987,10,0,0.025900759958418014
1217,22,28.94999999999999,10,0,0.02582305767854276
1218,15,9.249999999999993,10,0,0.025745588505507132
1219,10,29.55,10,0,0.02566835173999061
1220,20,29.04999999999999,10,0,0.025591346684770637
1221,9,29.599999999999998,10,0,0.025514572644716325
1222,9,29.599999999999998,10,0,0.025438028926782177
1223,9,29.599999999999998,10,0,0.02536171484000183
1224,46,7.699999999999971,10,0,0.025285629695481822
1225,16,29.249999999999993,10,0,0.025209772806395376
1226,22,8.899999999999988,10,0,0.02513414348797619
1227,9,29.599999999999998,10,0,0.02505874105751226
1228,9,29.599999999999998,10,0,0.024983564834339726
1229,9,29.599999999999998,10,0,0.024908614139836707
1230,75,-23.749999999999996,0,0,0.024833888297417197
1231,23,28.899999999999988,10,0,0.024759386632524947
1232,11,29.499999999999996,10,0,0.024685108472627372
1233,9,29.599999999999998,10,0,0.02461105314720949
1234,9,29.599999999999998,10,0,0.02453721998776786
1235,11,9.449999999999996,10,0,0.024463608327804556
1236,19,9.04999999999999,10,0,0.02439021750282114
1237,14,29.349999999999998,10,0,0.024317046850312676
1238,21,8.949999999999989,10,0,0.02424409570976174
1239,22,28.95,10,0,0.024171363422632455
1240,15,29.299999999999994,10,0,0.024098849332364558
1241,9,29.599999999999998,10,0,0.024026552784367463
1242,16,29.249999999999993,10,0,0.02395447312601436
1243,21,168.95,20,1,0.023882609706636315
1244,8,-0.35,10,0,0.023810961877516405
1245,34,28.34999999999998,10,0,0.023739528991883856
1246,11,9.45,10,0,0.023668310404908206
1247,54,27.349999999999966,10,0,0.02359730547369348
1248,28,8.599999999999984,10,0,0.023526513557272397
1249,8,-0.35,10,0,0.02345593401660058
1250,22,8.899999999999999,10,0,0.023385566214550776
1251,30,8.499999999999982,10,0,0.023315409515907125
1252,10,29.55,10,0,0.023245463287359405
1253,15,9.249999999999996,10,0,0.023175726897497327
1254,33,28.399999999999988,10,0,0.023106199716804835
1255,7,-0.3,0,0,0.02303688111765442
1256,15,29.299999999999997,10,0,0.022967770474301458
1257,42,7.899999999999977,10,0,0.022898867162878554
1258,20,8.99999999999999,10,0,0.022830170561389918
1259,35,8.249999999999979,10,0,0.02276168004970575
1260,26,28.749999999999986,10,0,0.02269339500955663
1261,14,29.349999999999998,10,0,0.02262531482452796
1262,36,28.24999999999998,10,0,0.022557438880054376
1263,37,28.19999999999999,10,0,0.022489766563414212
1264,32,8.39999999999998,10,0,0.02242229726372397
1265,25,28.79999999999999,10,0,0.0223550303719328
1266,9,29.599999999999998,10,0,0.022287965280817
1267,26,28.749999999999986,10,0,0.02222110138497455
1268,16,29.25,10,0,0.022154438080819624
1269,10,-20.5,0,0,0.022087974766577166
1270,20,8.999999999999993,10,0,0.022021710842277435
1271,16,9.199999999999992,10,0,0.0219556457097506
1272,22,28.94999999999999,10,0,0.02188977877262135
1273,16,9.199999999999992,10,0,0.021824109436303488
1274,9,29.599999999999998,10,0,0.021758637107994576
1275,15,29.299999999999997,10,0,0.02169336119667059
1276,26,28.749999999999986,10,0,0.02162828111308058
1277,11,9.45,10,0,0.021563396269741335
1278,35,8.249999999999979,10,0,0.02149870608093211
1279,9,29.599999999999998,10,0,0.021434209962689316
1280,29,28.599999999999984,10,0,0.02136990733280125
1281,40,28.049999999999976,10,0,0.021305797610802844
1282,21,8.949999999999989,10,0,0.021241880217970435
1283,53,-2.5999999999999988,0,0,0.021178154577316522
1284,9,29.599999999999998,10,0,0.021114620113584573
1285,8,-0.35,10,0,0.02105127625324382
1286,23,168.84999999999997,20,1,0.020988122424484088
1287,9,29.599999999999998,10,0,0.020925158057210635
1288,18,9.09999999999999,10,0,0.020862382583039
1289,8,-0.35,10,0,0.020799795435289883
1290,20,8.99999999999999,10,0,0.020737396048984013
1291,37,8.149999999999977,10,0,0.02067518386083706
1292,18,9.09999999999999,10,0,0.02061315830925455
1293,64,26.84999999999996,10,0,0.020551318834326784
1294,9,29.599999999999998,10,0,0.020489664877823804
1295,45,27.799999999999976,10,0,0.020428195883190333
1296,7,-20.35,0,0,0.020366911295540763
1297,37,28.199999999999978,10,0,0.02030581056165414
1298,15,9.249999999999993,10,0,0.020244893129969178
1299,9,29.599999999999998,10,0,0.02018415845057927
1300,11,29.499999999999996,10,0,0.02012360597522753
1301,9,29.599999999999998,10,0,0.020063235157301847
1302,30,8.499999999999982,10,0,0.020003045451829942
1303,11,29.499999999999996,10,0,0.02
1304,10,9.499999999999996,10,0,0.02
1305,11,29.499999999999996,10,0,0.02
1306,22,28.94999999999999,10,0,0.02
1307,30,8.499999999999982,10,0,0.02
1308,9,29.599999999999998,10,0,0.02
1309,12,29.45,10,0,0.02
1310,18,9.09999999999999,10,0,0.02
1311,22,8.899999999999988,10,0,0.02
1312,12,29.45,10,0,0.02
1313,9,29.599999999999998,10,0,0.02
1314,18,9.09999999999999,10,0,0.02
1315,19,169.04999999999998,20,1,0.02
1316,9,29.599999999999998,10,0,0.02
1317,17,9.149999999999991,10,0,0.02
1318,24,28.849999999999987,10,0,0.02
1319,26,8.699999999999985,10,0,0.02
1320,50,7.499999999999975,10,0,0.02
1321,37,8.149999999999977,10,0,0.02
1322,9,29.599999999999998,10,0,0.02
1323,26,28.749999999999986,10,0,0.02
1324,41,7.949999999999974,10,0,0.02
1325,22,168.89999999999998,20,1,0.02
1326,13,29.4,10,0,0.02
1327,28,8.599999999999984,10,0,0.02
1328,13,9.349999999999994,10,0,0.02
1329,45,7.749999999999972,10,0,0.02
1330,11,9.45,10,0,0.02
1331,77,6.149999999999949,10,0,0.02
1332,12,29.449999999999996,10,0,0.02
1333,9,29.599999999999998,10,0,0.02
1334,20,168.99999999999997,20,1,0.02
1335,18,29.14999999999999,10,0,0.02
1336,19,29.09999999999999,10,0,0.02
1337,16,9.199999999999992,10,0,0.02
1338,9,29.599999999999998,10,0,0.02
1339,19,9.04999999999999,10,0,0.02
1340,16,29.25,10,0,0.02
1341,20,8.99999999999999,10,0,0.02
1342,11,29.499999999999996,10,0,0.02
1343,9,29.599999999999998,10,0,0.02
1344,14,29.349999999999998,10,0,0.02
1345,10,29.55,10,0,0.02
1346,13,29.399999999999995,10,0,0.02
1347,29,28.599999999999998,10,0,0.02
1348,9,29.599999999999998,10,0,0.02
1349,16,29.249999999999993,10,0,0.02
1350,23,28.9,10,0,0.02
1351,34,8.299999999999994,10,0,0.02
1352,23,8.849999999999987,10,0,0.02
1353,9,9.549999999999999,10,0,0.02
1354,22,28.94999999999999,10,0,0.02
1355,29,168.54999999999998,20,1,0.02
1356,19,9.04999999999999,10,0,0.02
1357,53,27.399999999999967,10,0,0.02
1358,9,29.599999999999998,10,0,0.02
1359,14,29.349999999999998,10,0,0.02
1360,61,26.99999999999996,10,0,0.02
1361,30,8.499999999999986,10,0,0.02
1362,13,29.4,10,0,0.02
1363,16,9.199999999999992,10,0,0.02
1364,22,28.94999999999999,10,0,0.02
1365,17,29.199999999999992,10,0,0.02
1366,21,28.99999999999999,10,0,0.02
1367,18,29.14999999999999,10,0,0.02
1368,13,29.399999999999995,10,0,0.02
1369,31,8.449999999999982,10,0,0.02
1370,9,29.599999999999998,10,0,0.02
1371,10,29.549999999999997,10,0,0.02
1372,14,29.349999999999994,10,0,0.02
1373,27,28.699999999999985,10,0,0.02
1374,16,29.249999999999993,10,0,0.02
1375,14,29.349999999999998,10,0,0.02
1376,13,29.399999999999995,10,0,0.02
1377,13,29.399999999999995,10,0,0.02
1378,28,28.649999999999988,10,0,0.02
1379,9,29.599999999999998,10,0,0.02
1380,12,9.399999999999999,10,0,0.02
1381,32,28.44999999999998,10,0,0.02
1382,12,29.449999999999996,10,0,0.02
1383,31,8.449999999999982,10,0,0.02
1384,13,29.399999999999995,10,0,0.02
1385,9,29.599999999999998,10,0,0.02
1386,13,29.399999999999995,10,0,0.02
1387,9,29.599999999999998,10,0,0.02
1388,13,29.399999999999995,10,0,0.02
1389,15,29.299999999999994,10,0,0.02
1390,21,8.949999999999989,10,0,0.02
1391,10,29.55,10,0,0.02
1392,9,29.599999999999998,10,0,0.02
1393,9,29.599999999999998,10,0,0.02
1394,18,29.14999999999999,10,0,0.02
1395,14,29.349999999999994,10,0,0.02
1396,10,29.549999999999997,10,0,0.02
1397,17,29.199999999999992,10,0,0.02
1398,9,29.599999999999998,10,0,0.02
1399,13,29.399999999999995,10,0,0.02
1400,15,9.249999999999993,10,0,0.02
1401,30,28.549999999999983,10,0,0.02
1402,13,9.349999999999994,10,0,0.02
1403,39,28.099999999999977,10,0,0.02
1404,14,29.349999999999994,10,0,0.02
1405,9,29.599999999999998,10,0,0.02
1406,10,29.55,10,0,0.02
1407,11,29.499999999999996,10,0,0.02
1408,14,29.349999999999994,10,0,0.02
1409,10,29.55,10,0,0.02
1410,7,-20.35,0,0,0.02
1411,11,29.499999999999996,10,0,0.02
1412,14,29.349999999999994,10,0,0.02
1413,11,29.499999999999996,10,0,0.02
1414,15,9.25,10,0,0.02
1415,14,29.349999999999994,10,0,0.02
1416,14,29.349999999999994,10,0,0.02
1417,11,29.499999999999996,10,0,0.02
1418,10,29.55,10,0,0.02
1419,22,28.94999999999999,10,0,0.02
1420,9,29.599999999999998,10,0,0.02
1421,9,29.599999999999998,10,0,0.02
1422,12,9.399999999999995,10,0,0.02
1423,14,29.349999999999994,10,0,0.02
1424,11,29.499999999999996,10,0,0.02
1425,13,29.4,10,0,0.02
1426,8,-0.35,10,0,0.02
1427,27,8.649999999999988,10,0,0.02
1428,14,29.349999999999994,10,0,0.02
1429,14,29.349999999999994,10,0,0.02
1430,18,29.149999999999995,10,0,0.02
1431,14,29.349999999999998,10,0,0.02
1432,11,29.499999999999996,10,0,0.02
1433,14,29.349999999999994,10,0,0.02
1434,11,29.499999999999996,10,0,0.02
1435,14,29.349999999999994,10,0,0.02
1436,14,29.349999999999994,10,0,0.02
1437,19,29.09999999999999,10,0,0.02
1438,9,29.599999999999998,10,0,0.02
1439,10,29.55,10,0,0.02
1440,16,29.249999999999993,10,0,0.02
1441,10,29.549999999999997,10,0,0.02
1442,11,29.499999999999996,10,0,0.02
1443,14,29.349999999999994,10,0,0.02
1444,11,29.499999999999996,10,0,0.02
1445,14,29.349999999999998,10,0,0.02
1446,16,29.249999999999996,10,0,0.02
1447,9,29.599999999999998,10,0,0.02
1448,11,29.499999999999996,10,0,0.02
1449,9,29.599999999999998,10,0,0.02
1450,15,29.299999999999994,10,0,0.02
1451,14,29.349999999999994,10,0,0.02
1452,14,29.349999999999994,10,0,0.02
1453,34,8.29999999999998,10,0,0.02
1454,9,29.599999999999998,10,0,0.02
1455,16,29.249999999999993,10,0,0.02
1456,19,29.09999999999999,10,0,0.02
1457,9,29.599999999999998,10,0,0.02
1458,16,29.249999999999993,10,0,0.02
1459,11,29.499999999999996,10,0,0.02
1460,18,9.09999999999999,10,0,0.02
1461,14,29.349999999999994,10,0,0.02
1462,14,29.349999999999994,10,0,0.02
1463,14,29.349999999999994,10,0,0.02
1464,11,29.499999999999996,10,0,0.02
1465,49,7.549999999999969,10,0,0.02
1466,22,8.899999999999995,10,0,0.02
1467,24,28.849999999999987,10,0,0.02
1468,19,9.04999999999999,10,0,0.02
1469,29,28.599999999999984,10,0,0.02
1470,21,8.949999999999989,10,0,0.02
1471,26,8.699999999999985,10,0,0.02
1472,15,9.249999999999993,10,0,0.02
1473,14,29.349999999999994,10,0,0.02
1474,70,26.549999999999955,10,0,0.02
1475,17,9.149999999999991,10,0,0.02
1476,20,29.04999999999999,10,0,0.02
1477,39,28.099999999999977,10,0,0.02
1478,51,27.499999999999968,10,0,0.02
1479,11,29.5,10,0,0.02
1480,9,29.599999999999998,10,0,0.02
1481,9,29.599999999999998,10,0,0.02
1482,14,29.349999999999998,10,0,0.02
1483,9,29.599999999999998,10,0,0.02
1484,9,29.599999999999998,10,0,0.02
1485,11,29.499999999999996,10,0,0.02
1486,9,29.599999999999998,10,0,0.02
1487,35,8.249999999999979,10,0,0.02
1488,13,29.399999999999995,10,0,0.02
1489,14,29.349999999999998,10,0,0.02
1490,47,27.69999999999997,10,0,0.02
1491,9,29.599999999999998,10,0,0.02
1492,11,9.45,10,0,0.02
1493,20,8.999999999999993,10,0,0.02
1494,9,29.599999999999998,10,0,0.02
1495,23,8.849999999999987,10,0,0.02
1496,9,29.599999999999998,10,0,0.02
1497,38,28.149999999999977,10,0,0.02
1498,22,8.899999999999988,10,0,0.02
1499,12,29.45,10,0,0.02
1500,13,29.399999999999995,10,0,0.02
1501,25,28.799999999999997,10,0,0.02
1502,33,28.39999999999998,10,0,0.02
1503,9,29.599999999999998,10,0,0.02
1504,17,9.149999999999991,10,0,0.02
1505,9,29.599999999999998,10,0,0.02
1506,9,29.599999999999998,10,0,0.02
1507,32,28.44999999999998,10,0,0.02
1508,20,8.99999999999999,10,0,0.02
1509,19,29.09999999999999,10,0,0.02
1510,13,29.399999999999995,10,0,0.02
1511,10,29.549999999999997,10,0,0.02
1512,9,29.599999999999998,10,0,0.02
1513,22,28.949999999999996,10,0,0.02
1514,15,29.299999999999994,10,0,0.02
1515,9,29.599999999999998,10,0,0.02
1516,16,29.25,10,0,0.02
1517,21,8.949999999999989,10,0,0.02
1518,20,168.99999999999997,20,1,0.02
1519,15,29.299999999999994,10,0,0.02
1520,37,8.14999999999998,10,0,0.02
1521,10,29.55,10,0,0.02
1522,16,29.249999999999993,10,0,0.02
1523,14,9.299999999999994,10,0,0.02
1524,9,29.599999999999998,10,0,0.02
1525,50,7.499999999999968,10,0,0.02
1526,16,9.199999999999992,10,0,0.02
1527,9,29.599999999999998,10,0,0.02
1528,29,28.599999999999987,10,0,0.02
1529,9,29.599999999999998,10,0,0.02
1530,15,9.249999999999993,10,0,0.02
1531,32,28.449999999999985,10,0,0.02
1532,9,29.599999999999998,10,0,0.02
1533,18,29.14999999999999,10,0,0.02
1534,9,29.599999999999998,10,0,0.02
1535,40,28.049999999999976,10,0,0.02
1536,17,9.149999999999991,10,0,0.02
1537,9,29.599999999999998,10,0,0.02
1538,23,8.849999999999987,10,0,0.02
1539,28,8.599999999999984,10,0,0.02
1540,25,8.749999999999986,10,0,0.02
1541,25,28.79999999999999,10,0,0.02
1542,42,27.949999999999974,10,0,0.02
1543,11,29.499999999999996,10,0,0.02
1544,42,27.94999999999999,10,0,0.02
1545,11,29.499999999999996,10,0,0.02
1546,27,8.649999999999984,10,0,0.02
1547,9,29.599999999999998,10,0,0.02
1548,72,6.399999999999952,10,0,0.02
1549,37,28.199999999999978,10,0,0.02
1550,19,29.09999999999999,10,0,0.02
1551,9,29.599999999999998,10,0,0.02
1552,21,28.999999999999996,10,0,0.02
1553,9,29.599999999999998,10,0,0.02
1554,23,28.899999999999988,10,0,0.02
1555,9,29.599999999999998,10,0,0.02
1556,19,9.04999999999999,10,0,0.02
1557,12,29.45,10,0,0.02
1558,34,28.34999999999998,10,0,0.02
1559,68,6.599999999999955,10,0,0.02
1560,57,27.199999999999964,10,0,0.02
1561,61,6.94999999999996,10,0,0.02
1562,12,29.45,10,0,0.02
1563,11,9.449999999999996,10,0,0.02
1564,65,26.799999999999958,10,0,0.02
1565,9,29.599999999999998,10,0,0.02
1566,31,8.449999999999982,10,0,0.02
1567,18,9.09999999999999,10,0,0.02
1568,10,29.55,10,0,0.02
1569,19,9.04999999999999,10,0,0.02
1570,17,29.199999999999992,10,0,0.02
1571,16,29.249999999999993,10,0,0.02
1572,9,29.599999999999998,10,0,0.02
1573,18,9.09999999999999,10,0,0.02
1574,10,29.55,10,0,0.02
1575,9,9.549999999999997,10,0,0.02
1576,9,29.599999999999998,10,0,0.02
1577,14,29.349999999999994,10,0,0.02
1578,9,29.599999999999998,10,0,0.02
1579,16,29.249999999999993,10,0,0.02
1580,29,28.599999999999984,10,0,0.02
1581,16,29.249999999999993,10,0,0.02
1582,12,29.449999999999996,10,0,0.02
1583,10,9.499999999999996,10,0,0.02
1584,16,29.249999999999993,10,0,0.02
1585,20,8.99999999999999,10,0,0.02
1586,15,29.299999999999994,10,0,0.02
1587,26,28.749999999999986,10,0,0.02
1588,15,29.299999999999994,10,0,0.02
1589,14,29.349999999999998,10,0,0.02
1590,9,29.599999999999998,10,0,0.02
1591,9,29.599999999999998,10,0,0.02
1592,14,29.349999999999994,10,0,0.02
1593,9,29.599999999999998,10,0,0.02
1594,29,28.599999999999984,10,0,0.02
1595,11,9.45,10,0,0.02
1596,18,29.15,10,0,0.02
1597,20,29.04999999999999,10,0,0.02
1598,9,29.599999999999998,10,0,0.02
1599,17,29.199999999999992,10,0,0.02
1600,12,29.449999999999996,10,0,0.02
1601,13,29.399999999999995,10,0,0.02
1602,16,29.249999999999993,10,0,0.02
1603,9,29.599999999999998,10,0,0.02
1604,22,28.949999999999996,10,0,0.02
1605,28,28.649999999999995,10,0,0.02
1606,15,29.299999999999997,10,0,0.02
1607,19,9.04999999999999,10,0,0.02
1608,9,29.599999999999998,10,0,0.02
1609,14,29.349999999999994,10,0,0.02
1610,22,8.899999999999988,10,0,0.02
1611,11,29.5,10,0,0.02
1612,13,29.399999999999995,10,0,0.02
1613,9,29.599999999999998,10,0,0.02
1614,9,29.599999999999998,10,0,0.02
1615,16,29.249999999999993,10,0,0.02
1616,29,8.549999999999983,10,0,0.02
1617,9,29.599999999999998,10,0,0.02
1618,9,29.599999999999998,10,0,0.02
1619,19,9.04999999999999,10,0,0.02
1620,86,5.6999999999999424,10,0,0.02
1621,14,29.349999999999994,10,0,0.02
1622,9,29.599999999999998,10,0,0.02
1623,20,29.04999999999999,10,0,0.02
1624,16,29.249999999999993,10,0,0.02
1625,13,29.399999999999995,10,0,0.02
1626,9,29.599999999999998,10,0,0.02
1627,9,29.599999999999998,10,0,0.02
1628,13,29.399999999999995,10,0,0.02
1629,9,29.599999999999998,10,0,0.02
1630,9,29.599999999999998,10,0,0.02
1631,58,27.149999999999963,10,0,0.02
1632,23,8.849999999999987,10,0,0.02
1633,9,29.599999999999998,10,0,0.02
1634,10,29.55,10,0,0.02
1635,28,28.649999999999988,10,0,0.02
1636,9,29.599999999999998,10,0,0.02
1637,15,29.299999999999994,10,0,0.02
1638,9,29.599999999999998,10,0,0.02
1639,9,29.599999999999998,10,0,0.02
1640,20,8.99999999999999,10,0,0.02
1641,9,9.549999999999997,10,0,0.02
1642,16,29.249999999999993,10,0,0.02
1643,12,29.45,10,0,0.02
1644,19,9.04999999999999,10,0,0.02
1645,13,29.399999999999995,10,0,0.02
1646,15,29.299999999999994,10,0,0.02
1647,20,168.99999999999997,20,1,0.02
1648,16,29.249999999999993,10,0,0.02
1649,9,29.599999999999998,10,0,0.02
1650,16,29.249999999999993,10,0,0.02
1651,21,29.0,10,0,0.02
1652,30,8.499999999999982,10,0,0.02
1653,39,28.099999999999977,10,0,0.02
1654,12,29.45,10,0,0.02
1655,25,-1.2000000000000004,10,0,0.02
1656,9,29.599999999999998,10,0,0.02
1657,33,8.349999999999984,10,0,0.02
1658,45,7.749999999999972,10,0,0.02
1659,9,29.599999999999998,10,0,0.02
1660,49,7.549999999999969,10,0,0.02
1661,23,8.849999999999987,10,0,0.02
1662,23,8.849999999999987,10,0,0.02
1663,21,8.949999999999989,10,0,0.02
1664,43,27.899999999999974,10,0,0.02
1665,45,27.799999999999972,10,0,0.02
1666,13,29.4,10,0,0.02
1667,19,29.09999999999999,10,0,0.02
1668,42,7.899999999999974,10,0,0.02
1669,11,9.449999999999996,10,0,0.02
1670,9,29.599999999999998,10,0,0.02
1671,28,8.599999999999984,10,0,0.02
1672,17,29.199999999999992,10,0,0.02
1673,20,29.04999999999999,10,0,0.02
1674,23,8.849999999999987,10,0,0.02
1675,9,29.599999999999998,10,0,0.02
1676,14,29.349999999999994,10,0,0.02
1677,20,29.04999999999999,10,0,0.02
1678,9,29.599999999999998,10,0,0.02
1679,25,28.799999999999986,10,0,0.02
1680,9,29.599999999999998,10,0,0.02
1681,43,7.849999999999973,10,0,0.02
1682,9,29.599999999999998,10,0,0.02
1683,9,29.599999999999998,10,0,0.02
1684,19,29.09999999999999,10,0,0.02
1685,9,29.599999999999998,10,0,0.02
1686,17,9.149999999999991,10,0,0.02
1687,9,29.599999999999998,10,0,0.02
1688,29,28.599999999999994,10,0,0.02
1689,17,29.199999999999992,10,0,0.02
1690,23,8.85,10,0,0.02
1691,14,9.299999999999994,10,0,0.02
1692,34,28.34999999999998,10,0,0.02
1693,9,29.599999999999998,10,0,0.02
1694,42,27.949999999999974,10,0,0.02
1695,25,28.799999999999997,10,0,0.02
1696,11,29.499999999999996,10,0,0.02
1697,10,9.499999999999996,10,0,0.02
1698,20,29.049999999999997,10,0,0.02
1699,11,29.5,10,0,0.02
1700,22,28.94999999999999,10,0,0.02
1701,11,29.499999999999996,10,0,0.02
1702,50,7.499999999999972,10,0,0.02
1703,9,29.599999999999998,10,0,0.02
1704,11,29.499999999999996,10,0,0.02
1705,37,28.19999999999998,10,0,0.02
1706,36,28.24999999999998,10,0,0.02
1707,11,9.45,10,0,0.02
1708,17,29.2,10,0,0.02
1709,23,8.849999999999987,10,0,0.02
1710,9,29.599999999999998,10,0,0.02
1711,40,28.04999999999999,10,0,0.02
1712,46,27.74999999999997,10,0,0.02
1713,42,7.899999999999977,10,0,0.02
1714,9,29.599999999999998,10,0,0.02
1715,16,29.249999999999996,10,0,0.02
1716,18,169.09999999999997,20,1,0.02
1717,29,8.549999999999983,10,0,0.02
1718,12,29.449999999999996,10,0,0.02
1719,25,28.799999999999986,10,0,0.02
1720,17,29.199999999999992,10,0,0.02
1721,9,29.599999999999998,10,0,0.02
1722,9,29.599999999999998,10,0,0.02
1723,26,8.699999999999985,10,0,0.02
1724,15,9.249999999999993,10,0,0.02
1725,63,6.849999999999959,10,0,0.02
1726,16,9.199999999999992,10,0,0.02
1727,31,8.449999999999982,10,0,0.02
1728,17,29.199999999999992,10,0,0.02
1729,42,27.949999999999974,10,0,0.02
1730,18,9.09999999999999,10,0,0.02
1731,25,8.749999999999986,10,0,0.02
1732,16,9.199999999999992,10,0,0.02
1733,42,27.949999999999974,10,0,0.02
1734,20,29.04999999999999,10,0,0.02
1735,9,29.599999999999998,10,0,0.02
1736,9,29.599999999999998,10,0,0.02
1737,14,29.349999999999994,10,0,0.02
1738,18,29.14999999999999,10,0,0.02
1739,24,8.799999999999986,10,0,0.02
1740,33,28.399999999999988,10,0,0.02
1741,19,29.09999999999999,10,0,0.02
1742,7,-0.3,0,0,0.02
1743,12,29.45,10,0,0.02
1744,9,29.599999999999998,10,0,0.02
1745,42,7.899999999999974,10,0,0.02
1746,30,28.549999999999983,10,0,0.02
1747,18,9.09999999999999,10,0,0.02
1748,13,29.399999999999995,10,0,0.02
1749,21,28.999999999999993,10,0,0.02
1750,41,27.999999999999975,10,0,0.02
1751,19,29.09999999999999,10,0,0.02
1752,18,29.14999999999999,10,0,0.02
1753,21,28.99999999999999,10,0,0.02
1754,41,27.999999999999975,20,1,0.02
1755,7,-20.35,0,0,0.02
1756,14,29.349999999999994,10,0,0.02
1757,9,29.599999999999998,10,0,0.02
1758,52,27.449999999999978,10,0,0.02
1759,23,28.89999999999999,10,0,0.02
1760,7,-20.35,0,0,0.02
1761,7,-20.35,0,0,0.02
1762,52,7.399999999999967,10,0,0.02
1763,10,29.55,10,0,0.02
1764,20,29.04999999999999,10,0,0.02
1765,19,9.04999999999999,10,0,0.02
1766,39,28.099999999999977,10,0,0.02
1767,18,9.09999999999999,10,0,0.02
1768,9,29.599999999999998,10,0,0.02
1769,17,9.149999999999991,10,0,0.02
1770,22,28.94999999999999,10,0,0.02
1771,19,169.04999999999998,20,1,0.02
1772,29,8.549999999999986,10,0,0.02
1773,30,8.499999999999982,10,0,0.02
1774,16,9.199999999999992,10,0,0.02
1775,14,29.349999999999994,10,0,0.02
1776,15,9.249999999999993,10,0,0.02
1777,19,9.04999999999999,10,0,0.02
1778,31,28.499999999999982,10,0,0.02
1779,16,29.249999999999993,10,0,0.02
1780,13,9.349999999999994,10,0,0.02
1781,9,29.599999999999998,10,0,0.02
1782,9,29.599999999999998,10,0,0.02
1783,31,28.499999999999982,10,0,0.02
1784,29,8.549999999999983,10,0,0.02
1785,19,29.09999999999999,10,0,0.02
1786,10,29.55,10,0,0.02
1787,56,27.249999999999964,10,0,0.02
1788,9,29.599999999999998,10,0,0.02
1789,27,28.699999999999985,10,0,0.02
1790,13,29.399999999999995,10,0,0.02
1791,41,167.94999999999996,20,1,0.02
1792,35,28.29999999999998,10,0,0.02
1793,29,28.599999999999984,10,0,0.02
1794,25,28.799999999999986,10,0,0.02
1795,13,29.4,10,0,0.02
1796,21,8.949999999999989,10,0,0.02
1797,19,9.04999999999999,10,0,0.02
1798,76,26.24999999999995,10,0,0.02
1799,19,29.09999999999999,10,0,0.02
1800,40,28.04999999999998,10,0,0.02
1801,8,9.6,10,0,0.02
1802,9,29.599999999999998,10,0,0.02
1803,9,29.599999999999998,10,0,0.02
1804,31,28.499999999999982,10,0,0.02
1805,31,168.44999999999996,20,1,0.02
1806,27,8.649999999999984,10,0,0.02
1807,13,29.399999999999995,10,0,0.02
1808,14,29.349999999999994,10,0,0.02
1809,14,29.349999999999994,10,0,0.02
1810,9,29.599999999999998,10,0,0.02
1811,17,9.149999999999991,10,0,0.02
1812,7,-0.3,0,0,0.02
1813,9,29.599999999999998,10,0,0.02
1814,34,28.349999999999984,10,0,0.02
1815,10,29.549999999999997,10,0,0.02
1816,9,-20.45,0,0,0.02
1817,9,29.599999999999998,10,0,0.02
1818,28,8.599999999999984,10,0,0.02
1819,9,29.599999999999998,10,0,0.02
1820,56,27.249999999999964,10,0,0.02
1821,61,6.94999999999996,10,0,0.02
1822,94,5.299999999999937,10,0,0.02
1823,19,29.09999999999999,10,0,0.02
1824,36,28.24999999999998,10,0,0.02
1825,7,-20.35,0,0,0.02
1826,32,8.39999999999998,10,0,0.02
1827,40,28.049999999999976,10,0,0.02
1828,9,29.599999999999998,10,0,0.02
1829,12,29.45,10,0,0.02
1830,25,8.749999999999986,10,0,0.02
1831,10,29.55,10,0,0.02
1832,33,8.34999999999998,10,0,0.02
1833,9,29.599999999999998,10,0,0.02
1834,26,8.699999999999985,10,0,0.02
1835,34,28.34999999999998,10,0,0.02
1836,85,5.749999999999943,10,0,0.02
1837,10,9.5,10,0,0.02
1838,9,29.599999999999998,10,0,0.02
1839,21,28.99999999999999,10,0,0.02
1840,34,8.29999999999998,10,0,0.02
1841,10,29.549999999999997,10,0,0.02
1842,9,29.599999999999998,10,0,0.02
1843,20,8.99999999999999,10,0,0.02
1844,9,29.599999999999998,10,0,0.02
1845,12,29.45,10,0,0.02
1846,28,28.649999999999984,10,0,0.02
1847,11,29.499999999999996,10,0,0.02
1848,11,9.45,10,0,0.02
1849,32,8.39999999999998,10,0,0.02
1850,9,29.599999999999998,10,0,0.02
1851,73,26.399999999999952,10,0,0.02
1852,46,27.74999999999997,10,0,0.02
1853,9,29.599999999999998,10,0,0.02
1854,9,29.599999999999998,10,0,0.02
1855,13,9.349999999999994,10,0,0.02
1856,9,29.599999999999998,10,0,0.02
1857,9,29.599999999999998,10,0,0.02
1858,32,28.44999999999998,10,0,0.02
1859,14,29.349999999999994,10,0,0.02
1860,9,29.599999999999998,10,0,0.02
1861,17,9.149999999999991,10,0,0.02
1862,16,9.199999999999992,10,0,0.02
1863,11,9.449999999999996,10,0,0.02
1864,26,28.749999999999986,10,0,0.02
1865,50,7.499999999999968,10,0,0.02
1866,30,28.549999999999983,10,0,0.02
1867,9,29.599999999999998,10,0,0.02
1868,40,7.999999999999975,10,0,0.02
1869,11,9.45,10,0,0.02
1870,47,7.649999999999977,10,0,0.02
1871,17,29.199999999999992,10,0,0.02
1872,26,8.699999999999992,10,0,0.02
1873,38,8.099999999999977,10,0,0.02
1874,9,29.599999999999998,10,0,0.02
1875,14,29.349999999999994,10,0,0.02
1876,9,29.599999999999998,10,0,0.02
1877,15,29.299999999999994,10,0,0.02
1878,15,29.299999999999997,10,0,0.02
1879,13,29.399999999999995,10,0,0.02
1880,15,29.299999999999994,10,0,0.02
1881,18,9.09999999999999,10,0,0.02
1882,16,29.249999999999993,10,0,0.02
1883,17,29.199999999999992,10,0,0.02
1884,9,29.599999999999998,10,0,0.02
1885,14,29.349999999999998,10,0,0.02
1886,13,29.399999999999995,10,0,0.02
1887,9,29.599999999999998,10,0,0.02
1888,9,29.599999999999998,10,0,0.02
1889,13,9.349999999999994,10,0,0.02
1890,35,8.249999999999979,10,0,0.02
1891,9,29.599999999999998,10,0,0.02
1892,11,9.45,10,0,0.02
1893,20,8.999999999999998,10,0,0.02
1894,9,29.599999999999998,10,0,0.02
1895,9,-20.45,0,0,0.02
1896,9,29.599999999999998,10,0,0.02
1897,11,29.499999999999996,10,0,0.02
1898,37,28.199999999999978,10,0,0.02
1899,12,29.449999999999996,10,0,0.02
1900,19,29.099999999999998,10,0,0.02
1901,36,28.24999999999998,10,0,0.02
1902,9,29.599999999999998,10,0,0.02
1903,20,8.99999999999999,10,0,0.02
1904,9,29.599999999999998,10,0,0.02
1905,29,8.549999999999983,10,0,0.02
1906,10,9.499999999999996,10,0,0.02
1907,14,29.349999999999994,10,0,0.02
1908,33,8.34999999999998,10,0,0.02
1909,36,8.199999999999978,10,0,0.02
1910,9,29.599999999999998,10,0,0.02
1911,18,29.14999999999999,10,0,0.02
1912,22,168.89999999999998,20,1,0.02
1913,23,168.84999999999997,20,1,0.02
1914,9,9.549999999999997,10,0,0.02
1915,9,29.599999999999998,10,0,0.02
1916,100,25.049999999999933,10,0,0.02
1917,36,28.24999999999998,10,0,0.02
1918,28,8.599999999999984,10,0,0.02
1919,19,29.09999999999999,10,0,0.02
1920,9,29.599999999999998,10,0,0.02
1921,9,29.599999999999998,10,0,0.02
1922,16,9.199999999999992,10,0,0.02
1923,15,9.249999999999993,10,0,0.02
1924,21,8.949999999999989,10,0,0.02
1925,21,8.949999999999989,10,0,0.02
1926,9,29.599999999999998,10,0,0.02
1927,9,29.599999999999998,10,0,0.02
1928,15,9.249999999999993,10,0,0.02
1929,18,9.09999999999999,10,0,0.02
1930,9,29.599999999999998,10,0,0.02
1931,18,29.14999999999999,10,0,0.02
1932,9,29.599999999999998,10,0,0.02
1933,9,29.599999999999998,10,0,0.02
1934,9,29.599999999999998,10,0,0.02
1935,25,8.74999999999999,10,0,0.02
1936,15,9.249999999999993,10,0,0.02
1937,28,8.599999999999984,10,0,0.02
1938,11,9.449999999999996,10,0,0.02
1939,13,9.349999999999994,10,0,0.02
1940,17,9.149999999999991,10,0,0.02
1941,19,29.09999999999999,10,0,0.02
1942,24,168.79999999999998,20,1,0.02
1943,11,9.449999999999996,10,0,0.02
1944,14,9.299999999999994,10,0,0.02
1945,22,8.899999999999988,10,0,0.02
1946,19,29.09999999999999,10,0,0.02
1947,41,27.999999999999975,10,0,0.02
1948,22,8.899999999999988,10,0,0.02
1949,25,28.799999999999986,10,0,0.02
1950,9,29.599999999999998,10,0,0.02
1951,30,8.499999999999982,10,0,0.02
1952,9,29.599999999999998,10,0,0.02
1953,11,29.499999999999996,10,0,0.02
1954,23,28.899999999999988,10,0,0.02
1955,9,29.599999999999998,10,0,0.02
1956,57,7.149999999999963,10,0,0.02
1957,18,29.14999999999999,10,0,0.02
1958,25,28.79999999999999,10,0,0.02
1959,50,27.549999999999972,10,0,0.02
1960,9,29.599999999999998,10,0,0.02
1961,18,29.14999999999999,10,0,0.02
1962,11,29.499999999999996,10,0,0.02
1963,28,28.649999999999984,10,0,0.02
1964,18,29.14999999999999,10,0,0.02
1965,9,29.599999999999998,10,0,0.02
1966,82,5.899999999999956,10,0,0.02
1967,9,29.599999999999998,10,0,0.02
1968,20,8.999999999999993,10,0,0.02
1969,49,7.549999999999969,10,0,0.02
1970,21,28.99999999999999,10,0,0.02
1971,18,29.14999999999999,10,0,0.02
1972,11,9.449999999999996,10,0,0.02
1973,33,28.39999999999998,10,0,0.02
1974,19,29.09999999999999,10,0,0.02
1975,18,-20.900000000000002,0,0,0.02
1976,9,29.599999999999998,10,0,0.02
1977,9,29.599999999999998,10,0,0.02
1978,18,29.14999999999999,10,0,0.02
1979,9,29.599999999999998,10,0,0.02
1980,33,28.399999999999984,10,0,0.02
1981,28,8.599999999999984,10,0,0.02
1982,25,8.749999999999986,10,0,0.02
1983,25,8.74999999999999,10,0,0.02
1984,26,28.74999999999999,10,0,0.02
1985,9,29.599999999999998,10,0,0.02
1986,56,7.199999999999964,10,0,0.02
1987,58,27.149999999999963,10,0,0.02
1988,16,29.25,10,0,0.02
1989,13,29.399999999999995,10,0,0.02
1990,9,29.599999999999998,10,0,0.02
1991,75,6.24999999999995,10,0,0.02
1992,9,29.599999999999998,10,0,0.02
1993,25,28.799999999999986,10,0,0.02
1994,64,26.84999999999996,10,0,0.02
1995,18,9.09999999999999,10,0,0.02
1996,60,27.04999999999996,10,0,0.02
1997,9,29.599999999999998,10,0,0.02
1998,19,169.04999999999998,20,1,0.02
1999,27,28.699999999999985,10,0,0.02
2000,9,29.599999999999998,10,0,0.02
2001,9,29.599999999999998,10,0,0.02
2002,23,8.849999999999987,10,0,0.02
2003,9,29.599999999999998,10,0,0.02
2004,91,25.499999999999943,10,0,0.02
2005,32,28.449999999999996,10,0,0.02
2006,42,27.949999999999974,10,0,0.02
2007,33,28.39999999999998,10,0,0.02
2008,28,8.599999999999984,10,0,0.02
2009,8,-0.35,10,0,0.02
2010,16,29.249999999999993,10,0,0.02
2011,58,27.149999999999963,10,0,0.02
2012,38,8.099999999999977,10,0,0.02
2013,82,5.899999999999945,10,0,0.02
2014,17,29.199999999999992,20,1,0.02
2015,14,29.349999999999998,10,0,0.02
2016,19,29.09999999999999,10,0,0.02
2017,26,8.699999999999985,10,0,0.02
2018,14,29.349999999999994,10,0,0.02
2019,48,7.599999999999973,10,0,0.02
2020,24,28.849999999999987,10,0,0.02
2021,27,8.649999999999984,10,0,0.02
2022,9,29.599999999999998,10,0,0.02
2023,9,29.599999999999998,10,0,0.02
2024,82,5.899999999999952,10,0,0.02
2025,10,9.499999999999996,10,0,0.02
2026,9,29.599999999999998,10,0,0.02
2027,21,8.949999999999989,10,0,0.02
2028,19,9.04999999999999,10,0,0.02
2029,9,29.599999999999998,10,0,0.02
2030,15,9.249999999999993,10,0,0.02
2031,9,29.599999999999998,10,0,0.02
2032,25,28.799999999999986,10,0,0.02
2033,13,29.399999999999995,10,0,0.02
2034,32,-1.5500000000000007,0,0,0.02
2035,18,9.09999999999999,10,0,0.02
2036,25,28.799999999999986,10,0,0.02
2037,11,29.499999999999996,10,0,0.02
2038,9,29.599999999999998,10,0,0.02
2039,9,29.599999999999998,10,0,0.02
2040,11,29.499999999999996,10,0,0.02
2041,9,29.599999999999998,10,0,0.02
2042,43,27.899999999999977,10,0,0.02
2043,12,9.399999999999999,10,0,0.02
2044,11,29.499999999999996,10,0,0.02
2045,9,29.599999999999998,10,0,0.02
2046,11,29.499999999999996,10,0,0.02
2047,13,29.4,10,0,0.02
2048,11,29.499999999999996,10,0,0.02
2049,43,7.8499999999999766,10,0,0.02
2050,20,-0.9500000000000003,0,0,0.02
2051,78,6.099999999999948,10,0,0.02
2052,11,29.499999999999996,10,0,0.02
2053,10,29.55,10,0,0.02
2054,11,29.499999999999996,10,0,0.02
2055,11,29.499999999999996,10,0,0.02
2056,11,29.499999999999996,10,0,0.02
2057,11,29.499999999999996,10,0,0.02
2058,14,29.349999999999994,10,0,0.02
2059,9,29.599999999999998,10,0,0.02
2060,31,8.449999999999982,10,0,0.02
2061,9,29.599999999999998,10,0,0.02
2062,10,29.55,10,0,0.02
2063,11,29.499999999999996,10,0,0.02
2064,10,9.499999999999996,10,0,0.02
2065,9,29.599999999999998,10,0,0.02
2066,11,29.499999999999996,10,0,0.02
2067,14,29.349999999999998,10,0,0.02
2068,11,29.499999999999996,10,0,0.02
2069,11,29.499999999999996,10,0,0.02
2070,9,29.599999999999998,10,0,0.02
2071,11,29.499999999999996,10,0,0.02
2072,9,29.599999999999998,10,0,0.02
2073,11,29.499999999999996,10,0,0.02
2074,11,29.499999999999996,10,0,0.02
2075,11,29.499999999999996,10,0,0.02
2076,11,29.499999999999996,10,0,0.02
2077,9,29.599999999999998,10,0,0.02
2078,11,29.499999999999996,10,0,0.02
2079,11,29.499999999999996,10,0,0.02
2080,34,28.34999999999998,10,0,0.02
2081,11,29.499999999999996,10,0,0.02
2082,16,-20.8,0,0,0.02
2083,9,29.599999999999998,10,0,0.02
2084,11,9.45,10,0,0.02
2085,17,9.149999999999991,10,0,0.02
2086,11,29.499999999999996,10,0,0.02
2087,12,29.45,10,0,0.02
2088,11,29.499999999999996,10,0,0.02
2089,11,29.499999999999996,10,0,0.02
2090,9,29.599999999999998,10,0,0.02
2091,9,29.599999999999998,10,0,0.02
2092,11,29.499999999999996,10,0,0.02
2093,9,29.599999999999998,10,0,0.02
2094,11,29.499999999999996,10,0,0.02
2095,9,29.599999999999998,10,0,0.02
2096,11,29.499999999999996,10,0,0.02
2097,11,29.499999999999996,10,0,0.02
2098,11,29.499999999999996,10,0,0.02
2099,12,29.45,10,0,0.02
2100,11,29.499999999999996,10,0,0.02
2101,11,29.499999999999996,10,0,0.02
2102,11,29.499999999999996,10,0,0.02
2103,11,29.499999999999996,10,0,0.02
2104,11,29.499999999999996,10,0,0.02
2105,45,27.799999999999972,10,0,0.02
2106,9,29.599999999999998,10,0,0.02
2107,9,29.599999999999998,10,0,0.02
2108,9,29.599999999999998,10,0,0.02
2109,11,29.499999999999996,10,0,0.02
2110,10,29.55,10,0,0.02
2111,28,28.649999999999984,10,0,0.02
2112,11,29.499999999999996,10,0,0.02
2113,9,29.599999999999998,10,0,0.02
2114,11,29.499999999999996,10,0,0.02
2115,9,29.599999999999998,10,0,0.02
2116,11,29.499999999999996,10,0,0.02
2117,25,8.749999999999986,10,0,0.02
2118,11,29.499999999999996,10,0,0.02
2119,9,29.599999999999998,10,0,0.02
2120,23,8.849999999999987,10,0,0.02
2121,9,29.599999999999998,10,0,0.02
2122,52,27.44999999999997,20,1,0.02
2123,9,29.599999999999998,10,0,0.02
2124,12,29.449999999999996,10,0,0.02
2125,11,29.499999999999996,10,0,0.02
2126,32,8.39999999999998,10,0,0.02
2127,9,29.599999999999998,10,0,0.02
2128,11,29.499999999999996,10,0,0.02
2129,11,29.499999999999996,10,0,0.02
2130,11,29.499999999999996,10,0,0.02
2131,11,29.499999999999996,10,0,0.02
2132,9,29.599999999999998,10,0,0.02
2133,14,29.349999999999998,10,0,0.02
2134,11,29.499999999999996,10,0,0.02
2135,11,29.499999999999996,10,0,0.02
2136,9,29.599999999999998,10,0,0.02
2137,26,28.75,10,0,0.02
2138,25,8.749999999999986,10,0,0.02
2139,11,9.45,10,0,0.02
2140,11,29.499999999999996,10,0,0.02
2141,14,29.349999999999994,10,0,0.02
2142,9,29.599999999999998,10,0,0.02
2143,12,29.449999999999996,10,0,0.02
2144,11,29.499999999999996,10,0,0.02
2145,15,9.249999999999993,10,0,0.02
2146,9,29.599999999999998,10,0,0.02
2147,9,29.599999999999998,10,0,0.02
2148,18,9.09999999999999,10,0,0.02
2149,11,29.499999999999996,10,0,0.02
2150,9,29.599999999999998,10,0,0.02
2151,30,-1.4500000000000006,0,0,0.02
2152,13,29.399999999999995,10,0,0.02
2153,7,-20.35,0,0,0.02
2154,9,29.599999999999998,10,0,0.02
2155,10,29.55,10,0,0.02
2156,13,29.4,10,0,0.02
2157,13,9.349999999999994,10,0,0.02
2158,11,29.499999999999996,10,0,0.02
2159,48,27.64999999999997,10,0,0.02
2160,9,29.599999999999998,10,0,0.02
2161,23,28.899999999999995,10,0,0.02
2162,11,29.499999999999996,10,0,0.02
2163,9,29.599999999999998,10,0,0.02
2164,20,29.049999999999997,10,0,0.02
2165,9,29.599999999999998,10,0,0.02
2166,9,29.599999999999998,10,0,0.02
2167,19,29.099999999999998,10,0,0.02
2168,61,6.949999999999974,10,0,0.02
2169,9,29.599999999999998,10,0,0.02
2170,11,29.499999999999996,10,0,0.02
2171,12,29.45,10,0,0.02
2172,11,29.499999999999996,10,0,0.02
2173,11,29.499999999999996,10,0,0.02
2174,72,6.399999999999956,10,0,0.02
2175,11,29.499999999999996,10,0,0.02
2176,9,29.599999999999998,10,0,0.02
2177,11,29.499999999999996,10,0,0.02
2178,9,29.599999999999998,10,0,0.02
2179,11,29.499999999999996,10,0,0.02
2180,9,29.599999999999998,10,0,0.02
2181,11,29.499999999999996,10,0,0.02
2182,11,29.499999999999996,10,0,0.02
2183,14,29.349999999999994,10,0,0.02
2184,29,28.599999999999987,10,0,0.02
2185,61,26.99999999999996,10,0,0.02
2186,12,29.45,10,0,0.02
2187,9,29.599999999999998,10,0,0.02
2188,21,28.999999999999996,10,0,0.02
2189,11,29.499999999999996,10,0,0.02
2190,10,29.55,10,0,0.02
2191,11,29.499999999999996,10,0,0.02
2192,20,29.04999999999999,10,0,0.02
2193,52,27.449999999999967,10,0,0.02
2194,9,29.599999999999998,10,0,0.02
2195,11,29.499999999999996,10,0,0.02
2196,9,29.599999999999998,10,0,0.02
2197,11,29.499999999999996,10,0,0.02
2198,11,29.499999999999996,10,0,0.02
2199,10,9.5,10,0,0.02
2200,11,29.499999999999996,10,0,0.02
2201,11,29.499999999999996,10,0,0.02
2202,11,29.499999999999996,10,0,0.02
2203,11,29.499999999999996,10,0,0.02
2204,11,29.499999999999996,10,0,0.02
2205,28,28.649999999999984,10,0,0.02
2206,11,9.45,10,0,0.02
2207,11,29.499999999999996,10,0,0.02
2208,9,29.599999999999998,10,0,0.02
2209,37,8.14999999999998,10,0,0.02
2210,9,29.599999999999998,10,0,0.02
2211,28,8.599999999999984,10,0,0.02
2212,9,29.599999999999998,10,0,0.02
2213,47,7.649999999999981,10,0,0.02
2214,11,29.499999999999996,10,0,0.02
2215,14,29.349999999999994,10,0,0.02
2216,12,9.399999999999999,10,0,0.02
2217,9,29.599999999999998,10,0,0.02
2218,11,29.499999999999996,10,0,0.02
2219,11,29.499999999999996,10,0,0.02
2220,11,29.499999999999996,10,0,0.02
2221,11,29.499999999999996,10,0,0.02
2222,11,29.499999999999996,10,0,0.02
2223,11,29.499999999999996,10,0,0.02
2224,11,29.499999999999996,10,0,0.02
2225,57,-22.849999999999998,0,0,0.02
2226,11,29.499999999999996,10,0,0.02
2227,11,29.499999999999996,10,0,0.02
2228,11,29.5,10,0,0.02
2229,11,29.499999999999996,10,0,0.02
2230,11,29.499999999999996,10,0,0.02
2231,11,29.499999999999996,10,0,0.02
2232,11,29.499999999999996,10,0,0.02
2233,11,29.499999999999996,10,0,0.02
2234,15,9.249999999999996,10,0,0.02
2235,14,29.349999999999998,10,0,0.02
2236,11,29.499999999999996,10,0,0.02
2237,11,29.499999999999996,10,0,0.02
2238,11,29.499999999999996,10,0,0.02
2239,11,29.499999999999996,10,0,0.02
2240,9,29.599999999999998,10,0,0.02
2241,9,29.599999999999998,10,0,0.02
2242,11,29.499999999999996,10,0,0.02
2243,11,29.499999999999996,10,0,0.02
2244,11,29.499999999999996,10,0,0.02
2245,9,29.599999999999998,10,0,0.02
2246,11,29.499999999999996,10,0,0.02
2247,9,29.599999999999998,10,0,0.02
2248,11,29.499999999999996,10,0,0.02
2249,11,29.499999999999996,10,0,0.02
2250,11,29.499999999999996,10,0,0.02
2251,9,29.599999999999998,10,0,0.02
2252,9,29.599999999999998,10,0,0.02
2253,11,29.499999999999996,10,0,0.02
2254,7,-20.35,0,0,0.02
2255,9,29.599999999999998,10,0,0.02
2256,20,29.04999999999999,10,0,0.02
2257,11,29.499999999999996,10,0,0.02
2258,66,6.699999999999957,10,0,0.02
2259,9,29.599999999999998,10,0,0.02
2260,11,29.499999999999996,10,0,0.02
2261,11,29.499999999999996,10,0,0.02
2262,11,29.499999999999996,10,0,0.02
2263,11,29.499999999999996,10,0,0.02
2264,10,29.55,10,0,0.02
2265,11,29.499999999999996,10,0,0.02
2266,13,29.399999999999995,10,0,0.02
2267,11,29.499999999999996,10,0,0.02
2268,53,7.349999999999966,10,0,0.02
2269,60,-2.9499999999999975,10,0,0.02
2270,10,29.55,10,0,0.02
2271,41,27.999999999999975,10,0,0.02
2272,16,9.199999999999992,10,0,0.02
2273,23,28.9,10,0,0.02
2274,11,29.499999999999996,10,0,0.02
2275,11,29.499999999999996,10,0,0.02
2276,28,28.649999999999995,10,0,0.02
2277,11,29.499999999999996,10,0,0.02
2278,48,7.599999999999984,10,0,0.02
2279,11,29.499999999999996,10,0,0.02
2280,9,29.599999999999998,10,0,0.02
2281,9,29.599999999999998,10,0,0.02
2282,11,29.499999999999996,10,0,0.02
2283,21,28.999999999999996,10,0,0.02
2284,9,29.599999999999998,10,0,0.02
2285,9,9.549999999999997,10,0,0.02
2286,14,29.349999999999994,10,0,0.02
2287,12,-0.5499999999999999,10,0,0.02
2288,11,29.499999999999996,10,0,0.02
2289,22,28.949999999999992,10,0,0.02
2290,11,29.499999999999996,10,0,0.02
2291,9,29.599999999999998,10,0,0.02
2292,14,29.349999999999994,10,0,0.02
2293,24,28.849999999999998,10,0,0.02
2294,9,29.599999999999998,10,0,0.02
2295,9,29.599999999999998,10,0,0.02
2296,11,29.499999999999996,10,0,0.02
2297,13,29.4,10,0,0.02
2298,35,8.249999999999979,10,0,0.02
2299,11,29.499999999999996,10,0,0.02
2300,11,29.5,10,0,0.02
2301,9,29.599999999999998,10,0,0.02
2302,13,29.399999999999995,10,0,0.02
2303,12,29.449999999999996,10,0,0.02
2304,11,29.499999999999996,10,0,0.02
2305,13,29.4,10,0,0.02
2306,9,29.599999999999998,10,0,0.02
2307,11,29.499999999999996,10,0,0.02
2308,11,29.499999999999996,10,0,0.02
2309,10,29.55,10,0,0.02
2310,11,29.499999999999996,10,0,0.02
2311,11,29.499999999999996,10,0,0.02
2312,9,29.599999999999998,10,0,0.02
2313,11,29.499999999999996,10,0,0.02
2314,11,29.499999999999996,10,0,0.02
2315,11,29.499999999999996,10,0,0.02
2316,11,29.499999999999996,10,0,0.02
2317,9,29.599999999999998,10,0,0.02
2318,11,29.499999999999996,10,0,0.02
2319,9,29.599999999999998,10,0,0.02
2320,8,-20.400000000000002,0,0,0.02
2321,9,29.599999999999998,10,0,0.02
2322,33,28.39999999999998,10,0,0.02
2323,8,-0.35,0,0,0.02
2324,9,29.599999999999998,10,0,0.02
2325,12,29.45,10,0,0.02
2326,11,29.499999999999996,10,0,0.02
2327,14,29.349999999999994,10,0,0.02
2328,9,29.599999999999998,10,0,0.02
2329,11,29.499999999999996,10,0,0.02
2330,14,29.349999999999994,10,0,0.02
2331,11,29.499999999999996,10,0,0.02
2332,5,-20.25,0,0,0.02
2333,11,29.5,10,0,0.02
2334,11,29.499999999999996,10,0,0.02
2335,11,29.499999999999996,10,0,0.02
2336,14,29.349999999999994,10,0,0.02
2337,11,29.499999999999996,10,0,0.02
2338,12,29.449999999999996,10,0,0.02
2339,21,28.999999999999996,10,0,0.02
2340,12,9.399999999999995,10,0,0.02
2341,9,29.599999999999998,10,0,0.02
2342,6,-0.25,10,0,0.02
2343,9,29.599999999999998,10,0,0.02
2344,22,28.95,10,0,0.02
2345,14,9.299999999999994,10,0,0.02
2346,9,29.599999999999998,10,0,0.02
2347,10,29.55,10,0,0.02
2348,11,29.499999999999996,10,0,0.02
2349,14,29.349999999999998,10,0,0.02
2350,11,29.499999999999996,10,0,0.02
2351,13,9.349999999999994,10,0,0.02
2352,11,29.499999999999996,10,0,0.02
2353,9,29.599999999999998,10,0,0.02
2354,11,29.499999999999996,10,0,0.02
2355,11,29.499999999999996,10,0,0.02
2356,11,29.499999999999996,10,0,0.02
2357,12,29.45,10,0,0.02
2358,11,29.499999999999996,10,0,0.02
2359,11,29.499999999999996,10,0,0.02
2360,9,29.599999999999998,10,0,0.02
2361,9,29.599999999999998,10,0,0.02
2362,11,29.499999999999996,10,0,0.02
2363,12,29.45,10,0,0.02
2364,11,29.499999999999996,10,0,0.02
2365,13,9.349999999999994,10,0,0.02
2366,9,29.599999999999998,10,0,0.02
2367,11,29.499999999999996,10,0,0.02
2368,11,29.499999999999996,10,0,0.02
2369,31,28.499999999999993,10,0,0.02
2370,11,29.499999999999996,10,0,0.02
2371,18,-20.900000000000002,0,0,0.02
2372,9,29.599999999999998,10,0,0.02
2373,11,29.499999999999996,10,0,0.02
2374,9,29.599999999999998,10,0,0.02
2375,9,-0.39999999999999997,0,0,0.02
2376,11,29.499999999999996,10,0,0.02
2377,9,29.599999999999998,10,0,0.02
2378,44,7.799999999999976,10,0,0.02
2379,9,29.599999999999998,10,0,0.02
2380,30,28.549999999999986,10,0,0.02
2381,15,9.25,10,0,0.02
2382,14,29.349999999999994,10,0,0.02
2383,11,29.499999999999996,10,0,0.02
2384,11,29.499999999999996,10,0,0.02
2385,11,29.499999999999996,10,0,0.02
2386,14,29.349999999999994,10,0,0.02
2387,9,29.599999999999998,10,0,0.02
2388,11,29.499999999999996,10,0,0.02
2389,9,29.599999999999998,10,0,0.02
2390,13,29.399999999999995,10,0,0.02
2391,26,28.749999999999986,10,0,0.02
2392,11,29.499999999999996,10,0,0.02
2393,9,29.599999999999998,10,0,0.02
2394,52,7.399999999999967,10,0,0.02
2395,9,29.599999999999998,10,0,0.02
2396,9,29.599999999999998,10,0,0.02
2397,11,29.499999999999996,10,0,0.02
2398,11,29.499999999999996,10,0,0.02
2399,9,29.599999999999998,10,0,0.02
2400,11,29.499999999999996,10,0,0.02
2401,11,29.499999999999996,10,0,0.02
2402,11,29.499999999999996,10,0,0.02
2403,11,29.499999999999996,10,0,0.02
2404,9,29.599999999999998,10,0,0.02
2405,14,29.349999999999994,10,0,0.02
2406,11,29.499999999999996,10,0,0.02
2407,9,29.599999999999998,10,0,0.02
2408,9,29.599999999999998,10,0,0.02
2409,11,29.499999999999996,10,0,0.02
2410,11,29.499999999999996,10,0,0.02
2411,11,29.499999999999996,10,0,0.02
2412,11,29.499999999999996,10,0,0.02
2413,11,29.499999999999996,10,0,0.02
2414,10,29.549999999999997,10,0,0.02
2415,11,29.499999999999996,10,0,0.02
2416,11,29.499999999999996,10,0,0.02
2417,12,29.449999999999996,10,0,0.02
2418,9,29.599999999999998,10,0,0.02
2419,9,29.599999999999998,10,0,0.02
2420,11,29.499999999999996,10,0,0.02
2421,9,29.599999999999998,10,0,0.02
2422,11,29.499999999999996,10,0,0.02
2423,12,29.45,10,0,0.02
2424,11,29.499999999999996,10,0,0.02
2425,9,29.599999999999998,10,0,0.02
2426,11,29.499999999999996,10,0,0.02
2427,22,8.899999999999988,10,0,0.02
2428,14,29.349999999999994,10,0,0.02
2429,11,29.499999999999996,10,0,0.02
2430,11,29.499999999999996,10,0,0.02
2431,11,29.499999999999996,10,0,0.02
2432,9,29.599999999999998,10,0,0.02
2433,11,29.499999999999996,10,0,0.02
2434,11,29.499999999999996,10,0,0.02
2435,11,29.499999999999996,10,0,0.02
2436,19,29.099999999999998,10,0,0.02
2437,9,29.599999999999998,10,0,0.02
2438,11,29.499999999999996,10,0,0.02
2439,10,29.55,10,0,0.02
2440,69,6.5499999999999545,10,0,0.02
2441,31,8.449999999999982,10,0,0.02
2442,10,29.55,10,0,0.02
2443,29,28.599999999999994,10,0,0.02
2444,12,29.45,10,0,0.02
2445,13,29.399999999999995,10,0,0.02
2446,11,29.499999999999996,10,0,0.02
2447,9,29.599999999999998,10,0,0.02
2448,17,29.199999999999996,10,0,0.02
2449,9,29.599999999999998,10,0,0.02
2450,12,29.45,10,0,0.02
2451,12,29.45,10,0,0.02
2452,8,-0.35,10,0,0.02
2453,11,29.5,10,0,0.02
2454,10,29.549999999999997,10,0,0.02
2455,8,-20.400000000000002,0,0,0.02
2456,6,-0.25,10,0,0.02
2457,12,29.45,10,0,0.02
2458,35,28.29999999999998,20,1,0.02
2459,38,28.149999999999977,10,0,0.02
2460,10,29.55,10,0,0.02
2461,11,29.499999999999996,10,0,0.02
2462,11,29.499999999999996,10,0,0.02
2463,9,29.599999999999998,10,0,0.02
2464,11,29.499999999999996,10,0,0.02
2465,9,29.599999999999998,10,0,0.02
2466,11,29.499999999999996,10,0,0.02
2467,34,8.29999999999998,10,0,0.02
2468,11,29.499999999999996,10,0,0.02
2469,11,29.499999999999996,10,0,0.02
2470,12,29.449999999999996,10,0,0.02
2471,12,9.399999999999995,10,0,0.02
2472,11,29.499999999999996,10,0,0.02
2473,12,9.399999999999995,10,0,0.02
2474,11,29.499999999999996,10,0,0.02
2475,9,29.599999999999998,10,0,0.02
2476,12,29.449999999999996,10,0,0.02
2477,22,8.899999999999988,10,0,0.02
2478,20,8.999999999999993,10,0,0.02
2479,11,29.5,10,0,0.02
2480,9,29.599999999999998,10,0,0.02
2481,9,29.599999999999998,10,0,0.02
2482,9,29.599999999999998,10,0,0.02
2483,11,29.499999999999996,10,0,0.02
2484,9,29.599999999999998,10,0,0.02
2485,9,29.599999999999998,10,0,0.02
2486,29,28.599999999999998,10,0,0.02
2487,11,29.499999999999996,10,0,0.02
2488,11,29.499999999999996,10,0,0.02
2489,11,29.499999999999996,10,0,0.02
2490,11,29.499999999999996,10,0,0.02
2491,12,9.399999999999999,10,0,0.02
2492,11,29.499999999999996,10,0,0.02
2493,10,29.55,10,0,0.02
2494,9,29.599999999999998,10,0,0.02
2495,9,29.599999999999998,10,0,0.02
2496,11,29.499999999999996,10,0,0.02
2497,12,29.449999999999996,10,0,0.02
2498,9,29.599999999999998,10,0,0.02
2499,11,29.499999999999996,10,0,0.02
2500,9,29.599999999999998,10,0,0.02
