episode,steps,total_reward,score,success,outcome,epsilon
1,183,0.33047625732420727,10,0,one_apple,0.999
2,43,-2.2352677612304697,0,0,failed,0.998001
3,38,-22.140436187744143,0,0,failed,0.997002999
4,11,-0.43352026367187496,0,0,failed,0.996005996001
5,35,-21.74866961669922,0,0,failed,0.995009990004999
6,22,-1.1288338012695314,0,0,failed,0.994014980014994
7,17,9.245666076660155,10,0,one_apple,0.993020965034979
8,22,-0.8839032897949219,0,0,failed,0.9920279440699441
9,36,-1.8319421386718755,0,0,failed,0.9910359161258742
10,18,-20.97938235473633,0,0,failed,0.9900448802097482
11,12,-0.5393376159667967,0,0,failed,0.9890548353295385
12,9,-0.2838042907714844,0,0,failed,0.988065780494209
13,11,-20.509483032226562,0,0,failed,0.9870777147137147
14,25,-1.1706398315429687,0,0,failed,0.986090636999001
15,30,-21.66686068725586,0,0,failed,0.9851045463620021
16,23,-0.9214460449218751,0,0,failed,0.98411944181564
17,14,-0.7285444946289062,0,0,failed,0.9831353223738244
18,28,-1.3166614685058593,0,0,failed,0.9821521870514506
19,10,-20.56814587402344,0,0,failed,0.9811700348643991
20,18,-21.070806640625,0,0,failed,0.9801888648295347
21,12,-0.613456085205078,0,0,failed,0.9792086759647052
22,34,28.22180661010742,10,0,one_apple,0.9782294672887405
23,19,-20.993265380859377,0,0,failed,0.9772512378214517
24,14,-0.6713242187499999,0,0,failed,0.9762739865836303
25,9,-20.54520495605469,0,0,failed,0.9752977125970467
26,11,-0.4942800903320314,0,0,failed,0.9743224148844496
27,9,-0.35585055541992194,0,0,failed,0.9733480924695651
28,10,-0.4340350341796875,0,0,failed,0.9723747443770956
29,8,-0.2893376159667969,0,0,failed,0.9714023696327185
30,31,-1.5744892883300785,0,0,failed,0.9704309672630859
31,32,-1.7786731567382819,0,0,failed,0.9694605362958227
32,32,-1.8723201293945317,0,0,failed,0.9684910757595269
33,74,26.357119445800766,10,0,one_apple,0.9675225846837673
34,7,-0.2414824218750001,0,0,failed,0.9665550620990835
35,16,-0.9178091735839844,0,0,failed,0.9655885070369844
36,9,-0.2907419738769532,0,0,failed,0.9646229185299474
37,27,-1.2254054565429688,0,0,failed,0.9636582956114175
38,24,28.982242218017575,10,0,one_apple,0.9626946373158061
39,19,-0.7971682739257812,0,0,failed,0.9617319426784903
40,55,-2.7292170410156267,0,0,failed,0.9607702107358118
41,14,-0.7201640014648437,0,0,failed,0.959809440525076
42,22,-1.0775411682128906,0,0,failed,0.9588496310845509
43,14,-0.7011245727539063,0,0,failed,0.9578907814534664
44,13,-0.7219347534179688,0,0,failed,0.9569328906720129
45,29,-21.70298474121094,0,0,failed,0.9559759577813409
46,16,9.183793762207028,10,0,one_apple,0.9550199818235596
47,36,-2.2313955383300783,0,0,failed,0.9540649618417361
48,9,-20.308235229492187,0,0,failed,0.9531108968798944
49,45,7.906009628295898,10,0,one_apple,0.9521577859830145
50,51,-2.730887451171876,0,0,failed,0.9512056281970315
51,4,-0.0975955200195313,0,0,failed,0.9502544225688344
52,22,-1.218334167480469,0,0,failed,0.9493041681462656
53,19,-1.0511032104492186,0,0,failed,0.9483548639781193
54,19,-1.0852805786132813,0,0,failed,0.9474065091141411
55,23,-1.3899483032226565,0,0,failed,0.946459102605027
56,25,-1.0862637329101565,0,0,failed,0.9455126435024219
57,19,-0.8616512451171875,0,0,failed,0.9445671308589195
58,12,-0.4987797241210937,0,0,failed,0.9436225637280606
59,22,-1.053938934326172,0,0,failed,0.9426789411643326
60,34,-1.858347442626954,0,0,failed,0.9417362622231683
61,16,-0.77612646484375,0,0,failed,0.9407945259609451
62,14,-0.595166961669922,0,0,failed,0.9398537314349842
63,32,-1.7106047058105474,0,0,failed,0.9389138777035492
64,11,-0.39516638183593755,0,0,failed,0.9379749638258457
65,26,-1.1320096435546876,0,0,failed,0.9370369888620198
66,23,-1.1385606689453127,0,0,failed,0.9360999518731578
67,57,-3.0074262695312513,0,0,failed,0.9351638519212846
68,22,-20.974566131591796,0,0,failed,0.9342286880693633
69,29,8.541373275756833,10,0,one_apple,0.933294459381294
70,32,-1.768806945800782,0,0,failed,0.9323611649219127
71,32,-1.6048450012207038,0,0,failed,0.9314288037569908
72,22,-1.1613155517578126,0,0,failed,0.9304973749532338
73,18,-20.695668869018554,0,0,failed,0.9295668775782806
74,31,-1.760524536132813,0,0,failed,0.9286373107007023
75,23,-1.3116593322753907,0,0,failed,0.9277086733900016
76,17,9.230909332275388,10,0,one_apple,0.9267809647166116
77,10,-0.5812426757812499,0,0,failed,0.925854183751895
78,45,27.72593898010253,10,0,one_apple,0.9249283295681431
79,21,-0.9751833190917969,0,0,failed,0.9240034012385749
80,23,-1.1016226501464847,0,0,failed,0.9230793978373364
81,34,-1.8024069213867193,0,0,failed,0.9221563184394991
82,29,-1.528538024902344,0,0,failed,0.9212341621210596
83,9,-0.3599193115234375,0,0,failed,0.9203129279589385
84,8,-20.34759552001953,0,0,failed,0.9193926150309796
85,8,-20.25823522949219,0,0,failed,0.9184732224159486
86,19,29.269596191406247,10,0,one_apple,0.9175547491935327
87,8,-20.322490783691407,0,0,failed,0.9166371944443392
88,61,-3.2471341552734385,0,0,failed,0.9157205572498949
89,9,-0.3784893493652344,0,0,failed,0.914804836692645
90,12,-0.47044848632812514,0,0,failed,0.9138900318559524
91,7,-20.147595520019532,0,0,failed,0.9129761418240965
92,19,-20.980717987060547,0,0,failed,0.9120631656822724
93,10,-20.444833312988283,0,0,failed,0.9111511025165902
94,15,-0.746522705078125,0,0,failed,0.9102399514140735
95,12,-0.6010194091796875,0,0,failed,0.9093297114626595
96,12,-0.4874968872070313,0,0,failed,0.9084203817511969
97,19,-20.91003140258789,0,0,failed,0.9075119613694457
98,12,-0.4052165832519532,0,0,failed,0.9066044494080763
99,26,8.504214050292955,10,0,one_apple,0.9056978449586682
100,16,-0.8767769165039062,0,0,failed,0.9047921471137096
101,49,-2.892588500976564,10,0,one_apple,0.9038873549665959
102,12,-0.5620148925781251,0,0,failed,0.9029834676116293
103,10,-0.36877557373046876,0,0,failed,0.9020804841440176
104,28,-1.3265724182128906,0,0,failed,0.9011784036598737
105,10,-0.4599816589355469,0,0,failed,0.9002772252562138
106,13,-0.5082921142578125,0,0,failed,0.8993769480309576
107,21,-20.949398193359375,0,0,failed,0.8984775710829266
108,15,29.242076171875,10,0,one_apple,0.8975790935118436
109,30,-1.6370828857421882,0,0,failed,0.8966815144183318
110,16,29.254299041748045,10,0,one_apple,0.8957848329039134
111,25,-1.0322190551757813,10,0,one_apple,0.8948890480710096
112,10,-0.3980754699707032,0,0,failed,0.8939941590229386
113,10,-0.3319903564453126,0,0,failed,0.8931001648639156
114,60,-2.854654815673829,0,0,failed,0.8922070646990518
115,33,-1.700304626464844,0,0,failed,0.8913148576343527
116,24,8.82091920471191,10,0,one_apple,0.8904235427767183
117,23,-1.1330847778320314,0,0,failed,0.8895331192339416
118,20,-21.012438903808594,0,0,failed,0.8886435861147077
119,8,-0.0975955200195313,0,0,failed,0.887754942528593
120,13,-0.6724321594238281,0,0,failed,0.8868671875860644
121,35,-21.81943771362305,0,0,failed,0.8859803203984784
122,12,-0.6345826416015625,0,0,failed,0.88509434007808
123,21,-21.1394384765625,0,0,failed,0.8842092457380019
124,11,-0.533259735107422,0,0,failed,0.8833250364922639
125,9,-0.26362261962890643,0,0,failed,0.8824417114557717
126,28,-1.2141504211425782,0,0,failed,0.8815592697443159
127,22,-0.9604270629882811,0,0,failed,0.8806777104745716
128,57,-2.9415938720703134,0,0,failed,0.8797970327640969
129,23,-1.0281968994140624,0,0,failed,0.8789172357313328
130,21,-0.9147677764892578,0,0,failed,0.8780383184956015
131,12,-20.659929443359374,0,0,failed,0.8771602801771059
132,7,-20.34759552001953,0,0,failed,0.8762831198969288
133,23,29.206751129150387,10,0,one_apple,0.8754068367770318
134,8,-20.30645556640625,0,0,failed,0.8745314299402548
135,12,-20.634115173339843,0,0,failed,0.8736568985103146
136,17,-0.9610920410156251,0,0,failed,0.8727832416118043
137,40,-2.369843811035157,0,0,failed,0.8719104583701925
138,9,-20.55,0,0,failed,0.8710385479118223
139,16,-0.6383311157226563,0,0,failed,0.8701675093639105
140,31,8.761446044921875,10,0,one_apple,0.8692973418545467
141,11,-0.3883937377929688,0,0,failed,0.8684280445126921
142,12,-0.5438912353515625,0,0,failed,0.8675596164681794
143,10,-20.507094482421877,0,0,failed,0.8666920568517111
144,46,-2.214928283691407,0,0,failed,0.8658253647948594
145,9,-20.398984619140627,0,0,failed,0.8649595394300645
146,13,-0.5059107055664063,0,0,failed,0.8640945798906344
147,28,28.967658981323236,10,0,one_apple,0.8632304853107438
148,15,-0.5936256713867188,0,0,failed,0.862367254825433
149,16,-0.6398152465820314,0,0,failed,0.8615048875706075
150,44,-22.459766693115235,0,0,failed,0.8606433826830369
151,9,-0.2752691650390625,0,0,failed,0.8597827393003539
152,7,-20.247595520019534,0,0,failed,0.8589229565610536
153,29,-1.6129698181152345,0,0,failed,0.8580640336044925
154,15,29.26234649658203,10,0,one_apple,0.857205969570888
155,58,27.286236404418926,10,0,one_apple,0.8563487636013172
156,16,-0.8158110961914063,0,0,failed,0.8554924148377159
157,11,-0.5167461547851563,0,0,failed,0.8546369224228781
158,23,-1.332460815429688,0,0,failed,0.8537822855004553
159,21,-1.1770617065429687,0,0,failed,0.8529285032149548
160,13,-0.5870966186523437,0,0,failed,0.8520755747117399
161,36,8.435126373291013,10,0,one_apple,0.8512234991370281
162,15,29.3322446899414,10,0,one_apple,0.8503722756378911
163,20,-0.9538560791015624,0,0,failed,0.8495219033622532
164,24,-1.12055859375,0,0,failed,0.8486723814588909
165,11,-0.3827188720703125,0,0,failed,0.847823709077432
166,35,-21.899278747558597,0,0,failed,0.8469758853683546
167,29,28.695503143310546,10,0,one_apple,0.8461289094829862
168,11,-0.6239939575195311,0,0,failed,0.8452827805735033
169,34,-21.7618141784668,0,0,failed,0.8444374977929298
170,12,-0.5514981689453125,0,0,failed,0.8435930602951368
171,13,-20.686559692382815,0,0,failed,0.8427494672348417
172,13,-0.5657704162597658,0,0,failed,0.8419067177676068
173,69,-3.4867662658691425,0,0,failed,0.8410648110498392
174,20,-21.14143084716797,0,0,failed,0.8402237462387894
175,13,-0.6258026733398437,0,0,failed,0.8393835224925505
176,44,27.85861300659179,10,0,one_apple,0.838544138970058
177,20,-0.8946254577636722,0,0,failed,0.8377055948310879
178,25,-21.335897094726562,0,0,failed,0.8368678892362568
179,24,-1.1801958618164063,0,0,failed,0.8360310213470206
180,33,-21.55781365966797,0,0,failed,0.8351949903256736
181,16,-20.75658157348633,0,0,failed,0.8343597953353479
182,10,-20.43878924560547,0,0,failed,0.8335254355400126
183,17,9.228180984497069,10,0,one_apple,0.8326919101044725
184,4,-0.0975955200195313,0,0,failed,0.831859218194368
185,9,-20.358235229492188,0,0,failed,0.8310273589761736
186,14,-0.7746919555664064,0,0,failed,0.8301963316171974
187,10,-0.4700494384765625,0,0,failed,0.8293661352855802
188,27,28.91394155883789,10,0,one_apple,0.8285367691502946
189,11,-0.4309750366210938,0,0,failed,0.8277082323811443
190,11,-0.4376830139160158,0,0,failed,0.8268805241487632
191,12,-0.38165686035156265,0,0,failed,0.8260536436246144
192,47,-2.578609161376954,0,0,failed,0.8252275899809898
193,38,28.09465481567382,10,0,one_apple,0.8244023623910088
194,16,9.23018682861328,10,0,one_apple,0.8235779600286178
195,22,-0.9780129547119141,0,0,failed,0.8227543820685892
196,47,27.646602691650386,10,0,one_apple,0.8219316276865206
197,9,-0.2977654724121094,0,0,failed,0.8211096960588341
198,21,-1.0381187438964845,0,0,failed,0.8202885863627752
199,14,-0.5835549926757813,0,0,failed,0.8194682977764125
200,10,-20.49529168701172,0,0,failed,0.818648829478636
201,14,-0.8712249145507812,0,0,failed,0.8178301806491574
202,18,29.35138912963867,10,0,one_apple,0.8170123504685082
203,33,-1.6179861755371099,0,0,failed,0.8161953381180397
204,24,28.892662139892575,10,0,one_apple,0.8153791427799216
205,14,-0.7386812744140625,0,0,failed,0.8145637636371417
206,16,-0.7672687377929687,0,0,failed,0.8137491998735046
207,45,27.60848643493652,10,0,one_apple,0.812935450673631
208,21,-1.0041015014648438,0,0,failed,0.8121225152229574
209,21,-0.9371445312499999,0,0,failed,0.8113103927077344
210,14,-0.733060974121094,0,0,failed,0.8104990823150267
211,18,-0.7424570617675783,0,0,failed,0.8096885832327116
212,26,-21.160213806152345,0,0,failed,0.8088788946494789
213,20,-21.011133087158203,0,0,failed,0.8080700157548294
214,31,-1.4214754943847658,0,0,failed,0.8072619457390746
215,15,9.476788574218748,10,0,one_apple,0.8064546837933355
216,21,-1.1500254211425784,0,0,failed,0.8056482291095421
217,29,8.411020477294915,10,0,one_apple,0.8048425808804326
218,11,-0.44481817626953124,0,0,failed,0.8040377382995522
219,11,-0.5312901611328127,0,0,failed,0.8032337005612527
220,14,-0.6883651123046874,0,0,failed,0.8024304668606914
221,15,-0.8246510009765624,0,0,failed,0.8016280363938307
222,20,-1.0771672058105468,0,0,failed,0.8008264083574369
223,10,-0.3591883850097656,0,0,failed,0.8000255819490795
224,21,-0.9261919250488281,10,0,one_apple,0.7992255563671304
225,15,29.215607452392575,10,0,one_apple,0.7984263308107633
226,14,-0.6337658691406252,0,0,failed,0.7976279044799526
227,7,-20.294818176269533,0,0,failed,0.7968302765754727
228,22,-0.8423097534179688,0,0,failed,0.7960334462988972
229,10,-20.358235229492188,0,0,failed,0.7952374128525983
230,9,29.669024963378906,10,0,one_apple,0.7944421754397457
231,24,-1.2540073547363284,0,0,failed,0.7936477332643059
232,11,-0.6,0,0,failed,0.7928540855310416
233,12,-20.594627868652346,0,0,failed,0.7920612314455105
234,10,-20.459741638183594,0,0,failed,0.7912691702140651
235,26,8.830303894042967,10,0,one_apple,0.790477901043851
236,9,-0.41282373046875,0,0,failed,0.7896874231428072
237,17,29.213486602783203,10,0,one_apple,0.7888977357196644
238,12,-0.7309750366210938,0,0,failed,0.7881088379839447
239,26,-1.3903554077148441,0,0,failed,0.7873207291459607
240,18,-21.06079919433594,0,0,failed,0.7865334084168147
241,13,9.349707458496095,10,0,one_apple,0.7857468750083979
242,12,-0.5298626708984375,0,0,failed,0.7849611281333895
243,12,-0.5845580444335938,0,0,failed,0.784176167005256
244,17,29.55808459472656,10,0,one_apple,0.7833919908382508
245,19,-20.913380523681642,0,0,failed,0.7826085988474126
246,41,-2.1571329040527347,0,0,failed,0.7818259902485653
247,14,-0.6504344482421875,0,0,failed,0.7810441642583167
248,18,9.232334350585937,10,0,one_apple,0.7802631200940584
249,23,-1.1484605407714843,0,0,failed,0.7794828569739644
250,4,-0.0975955200195313,0,0,failed,0.7787033741169904
251,18,-21.059223571777345,0,0,failed,0.7779246707428734
252,13,-0.49393218994140625,0,0,failed,0.7771467460721305
253,15,-20.757629791259767,0,0,failed,0.7763695993260584
254,13,-0.4967012023925782,0,0,failed,0.7755932297267324
255,25,-1.13085546875,10,0,one_apple,0.7748176364970056
256,11,-0.43852795410156253,0,0,failed,0.7740428188605086
257,9,-20.373811157226562,0,0,failed,0.7732687760416481
258,21,-1.0489152221679687,0,0,failed,0.7724955072656065
259,10,-20.481630798339843,0,0,failed,0.7717230117583408
260,11,-0.5805407104492188,0,0,failed,0.7709512887465825
261,11,-0.5475345458984375,0,0,failed,0.7701803374578359
262,24,-1.3324573364257815,0,0,failed,0.7694101571203781
263,32,28.5786187133789,10,0,one_apple,0.7686407469632577
264,35,-1.691581909179688,0,0,failed,0.7678721062162944
265,7,-20.247595520019534,0,0,failed,0.7671042341100781
266,11,-0.4691815795898439,0,0,failed,0.766337129875968
267,7,-20.34759552001953,0,0,failed,0.7655707927460921
268,12,-0.5475521850585938,0,0,failed,0.764805221953346
269,7,-0.1183079986572266,0,0,failed,0.7640404167313927
270,16,-0.7390848388671876,0,0,failed,0.7632763763146613
271,18,-0.7751153869628907,0,0,failed,0.7625130999383466
272,25,-1.1533477172851565,0,0,failed,0.7617505868384082
273,19,9.191071472167962,10,0,one_apple,0.7609888362515699
274,52,7.737006866455072,10,0,one_apple,0.7602278474153183
275,32,-1.551920440673829,0,0,failed,0.759467619567903
276,19,9.088993347167968,10,0,one_apple,0.7587081519483351
277,10,-0.2970973510742188,0,0,failed,0.7579494437963867
278,21,-21.244707153320313,0,0,failed,0.7571914943525904
279,6,-0.1136226196289063,0,0,failed,0.7564343028582378
280,14,9.21417749023437,10,0,one_apple,0.7556778685553796
281,19,9.11611846923828,10,0,one_apple,0.7549221906868242
282,14,-0.38729180908203126,0,0,failed,0.7541672684961374
283,16,9.32752471923828,10,0,one_apple,0.7534131012276413
284,22,-21.098083923339843,0,0,failed,0.7526596881264136
285,28,-21.447990631103515,0,0,failed,0.7519070284382872
286,24,28.777489135742183,10,0,one_apple,0.7511551214098489
287,26,-1.1324576110839846,0,0,failed,0.750403966288439
288,18,9.034811309814453,10,0,one_apple,0.7496535623221505
289,51,-2.6279205627441415,0,0,failed,0.7489039087598284
290,17,-0.7569988403320311,0,0,failed,0.7481550048510686
291,9,-0.1868762817382813,0,0,failed,0.7474068498462175
292,12,-0.5193109741210937,0,0,failed,0.7466594429963713
293,21,-21.00456091308594,0,0,failed,0.745912783553375
294,20,-1.1393866271972657,0,0,failed,0.7451668707698216
295,24,-1.246178588867188,0,0,failed,0.7444217038990517
296,43,28.0888157043457,10,0,one_apple,0.7436772821951526
297,8,-0.2511148681640626,0,0,failed,0.7429336049129575
298,23,-21.086218673706057,0,0,failed,0.7421906713080445
299,20,-0.7712882690429688,0,0,failed,0.7414484806367364
300,12,-20.590274414062502,0,0,failed,0.7407070321560997
301,10,-20.556625061035156,0,0,failed,0.7399663251239436
302,22,-1.0234517211914065,0,0,failed,0.7392263587988196
303,14,9.357382507324218,10,0,one_apple,0.7384871324400207
304,4,-0.0975955200195313,0,0,failed,0.7377486453075807
305,27,8.493543197631833,10,0,one_apple,0.737010896662273
306,18,-0.7600908203125001,0,0,failed,0.7362738857656108
307,22,-1.1636074523925783,0,0,failed,0.7355376118798452
308,15,-20.63794567871094,0,0,failed,0.7348020742679654
309,24,8.653513671874997,10,0,one_apple,0.7340672721936974
310,19,-0.8839713745117188,0,0,failed,0.7333332049215037
311,13,-0.5011661376953125,0,0,failed,0.7325998717165821
312,38,-1.8598405151367192,0,0,failed,0.7318672718448656
313,11,-0.57837646484375,0,0,failed,0.7311354045730207
314,9,-0.5417991943359376,0,0,failed,0.7304042691684477
315,23,-1.040776123046875,0,0,failed,0.7296738648992792
316,30,-21.64156530761719,0,0,failed,0.7289441910343799
317,11,-0.532798828125,0,0,failed,0.7282152468433455
318,18,-0.7996233825683593,10,0,one_apple,0.7274870315965022
319,4,-0.0975955200195313,0,0,failed,0.7267595445649057
320,33,-1.498586578369141,0,0,failed,0.7260327850203407
321,7,-20.199657775878908,0,0,failed,0.7253067522353204
322,17,-0.7551591796874999,0,0,failed,0.724581445483085
323,22,-0.9904426269531251,0,0,failed,0.723856864037602
324,19,-0.8877584838867186,0,0,failed,0.7231330071735643
325,10,-0.4422653808593751,0,0,failed,0.7224098741663908
326,12,-0.6322071533203124,0,0,failed,0.7216874642922244
327,10,-20.434115173339844,0,0,failed,0.7209657768279322
328,24,-1.4064878540039067,0,0,failed,0.7202448110511043
329,25,-1.429682556152344,0,0,failed,0.7195245662400531
330,15,-20.752055297851562,0,0,failed,0.7188050416738131
331,23,-1.1198236083984376,0,0,failed,0.7180862366321393
332,9,-0.33884307861328133,0,0,failed,0.7173681503955072
333,11,-0.6754363403320313,0,0,failed,0.7166507822451117
334,19,-20.98697750854492,0,0,failed,0.7159341314628666
335,9,-0.2104686279296876,0,0,failed,0.7152181973314037
336,41,-2.0188034667968755,0,0,failed,0.7145029791340722
337,51,-2.8962483520507822,0,0,failed,0.7137884761549381
338,12,-0.48903524780273444,0,0,failed,0.7130746876787832
339,40,-1.701797424316407,0,0,failed,0.7123616129911045
340,18,-0.8487075805664063,0,0,failed,0.7116492513781133
341,10,-0.5159379882812499,0,0,failed,0.7109376021267352
342,29,-1.5724895019531255,0,0,failed,0.7102266645246085
343,22,-21.283502731323242,0,0,failed,0.7095164378600839
344,28,-1.3941741943359376,0,0,failed,0.7088069214222238
345,12,-0.5768483276367187,0,0,failed,0.7080981145008015
346,41,-2.1644717407226572,0,0,failed,0.7073900163863007
347,18,-21.010039001464843,0,0,failed,0.7066826263699144
348,37,-1.708946716308594,0,0,failed,0.7059759437435444
349,19,-21.082819396972656,0,0,failed,0.7052699677998009
350,12,-20.653638916015627,0,0,failed,0.704564697832001
351,20,-0.8745328979492186,0,0,failed,0.7038601331341691
352,25,-1.2828416137695313,0,0,failed,0.7031562730010349
353,17,-21.0149619140625,0,0,failed,0.7024531167280339
354,47,28.065393035888672,10,0,one_apple,0.7017506636113059
355,14,9.392327484130856,10,0,one_apple,0.7010489129476946
356,13,-20.54726156616211,0,0,failed,0.7003478640347469
357,21,-1.191418609619141,0,0,failed,0.6996475161707122
358,23,29.38293905639648,10,0,one_apple,0.6989478686545415
359,9,-0.3078570861816407,0,0,failed,0.698248920785887
360,15,-0.5394639282226562,0,0,failed,0.6975506718651011
361,9,-0.39759552001953125,0,0,failed,0.6968531211932361
362,8,-20.447595520019533,0,0,failed,0.6961562680720428
363,20,-20.936080932617188,0,0,failed,0.6954601118039707
364,38,28.412042388916003,10,0,one_apple,0.6947646516921667
365,31,-1.7548276977539066,0,0,failed,0.6940698870404746
366,22,-1.1338984985351563,0,0,failed,0.6933758171534341
367,15,9.318934478759761,10,0,one_apple,0.6926824413362807
368,26,-1.2361284790039064,0,0,failed,0.6919897588949444
369,10,-0.2921046752929688,0,0,failed,0.6912977691360495
370,12,-0.5232212524414064,0,0,failed,0.6906064713669134
371,21,-1.113212890625,0,0,failed,0.6899158648955466
372,19,-1.0165717163085939,0,0,failed,0.689225949030651
373,7,-20.16111785888672,0,0,failed,0.6885367230816204
374,14,29.229311279296873,10,0,one_apple,0.6878481863585387
375,10,-20.447595520019533,0,0,failed,0.6871603381721801
376,28,8.630650054931639,10,0,one_apple,0.686473177834008
377,29,28.35540231323242,10,0,one_apple,0.685786704656174
378,21,-0.8890006713867187,0,0,failed,0.6851009179515178
379,21,-1.0109517517089843,0,0,failed,0.6844158170335664
380,18,-0.7973318481445312,0,0,failed,0.6837314012165328
381,10,-0.43610681152343744,0,0,failed,0.6830476698153162
382,10,-20.51779296875,0,0,failed,0.6823646221455009
383,15,9.27508407592773,10,0,one_apple,0.6816822575233553
384,24,-1.2378543701171878,0,0,failed,0.6810005752658319
385,5,-20.163622619628907,0,0,failed,0.680319574690566
386,4,-0.0975955200195313,0,0,failed,0.6796392551158754
387,18,9.217725158691405,10,0,one_apple,0.6789596158607596
388,29,8.562962371826167,10,0,one_apple,0.6782806562448989
389,26,8.798027770996082,10,0,one_apple,0.677602375588654
390,31,-1.6272480468750004,0,0,failed,0.6769247732130653
391,12,-20.503949096679687,0,0,failed,0.6762478484398523
392,9,-0.29523675537109384,0,0,failed,0.6755716005914124
393,14,-20.568189056396484,0,0,failed,0.674896028990821
394,19,-0.8847166137695314,0,0,failed,0.6742211329618302
395,29,-1.5054635620117192,0,0,failed,0.6735469118288684
396,11,-20.48008090209961,0,0,failed,0.6728733649170395
397,13,-0.47018450927734373,0,0,failed,0.6722004915521225
398,25,-1.0748104248046875,0,0,failed,0.6715282910605703
399,17,-20.774533935546877,0,0,failed,0.6708567627695098
400,58,-2.9688998565673836,0,0,failed,0.6701859060067403
401,8,-0.30823522949218757,0,0,failed,0.6695157201007336
402,27,-1.512376708984375,0,0,failed,0.6688462043806328
403,10,-20.33941522216797,0,0,failed,0.6681773581762521
404,12,-0.5727612915039062,0,0,failed,0.6675091808180759
405,8,-20.5658193359375,0,0,failed,0.6668416716372578
406,10,-20.458647705078125,0,0,failed,0.6661748299656206
407,5,-0.0975955200195313,0,0,failed,0.6655086551356549
408,18,-1.0301003723144533,0,0,failed,0.6648431464805192
409,27,-21.56196548461914,0,0,failed,0.6641783033340387
410,16,-0.727474578857422,0,0,failed,0.6635141250307047
411,17,-20.835814849853517,0,0,failed,0.662850610905674
412,24,-21.19506118774414,0,0,failed,0.6621877602947683
413,28,-1.2543382568359378,0,0,failed,0.6615255725344735
414,26,-1.418290222167969,0,0,failed,0.660864046961939
415,12,-0.5746099853515625,0,0,failed,0.660203182914977
416,20,9.306517578124996,10,0,one_apple,0.6595429797320621
417,55,27.47525170898437,10,0,one_apple,0.6588834367523301
418,13,9.502392517089843,10,0,one_apple,0.6582245533155777
419,18,-0.9319484863281251,0,0,failed,0.6575663287622622
420,20,-1.0056123046875,0,0,failed,0.6569087624334999
421,5,-20.147595520019532,0,0,failed,0.6562518536710664
422,17,-20.819926391601562,0,0,failed,0.6555956018173954
423,13,-0.5691450805664063,0,0,failed,0.654940006215578
424,15,9.400555023193359,10,0,one_apple,0.6542850662093624
425,9,-20.53124267578125,0,0,failed,0.6536307811431531
426,16,9.165083023071286,10,0,one_apple,0.65297715036201
427,10,-0.3669274291992188,0,0,failed,0.6523241732116479
428,14,-20.899406188964843,0,0,failed,0.6516718490384363
429,26,8.797857391357418,10,0,one_apple,0.6510201771893979
430,9,-20.38577111816406,0,0,failed,0.6503691570122084
431,27,-1.3509932250976566,0,0,failed,0.6497187878551962
432,7,-20.226562042236328,0,0,failed,0.649069069067341
433,19,-0.7608296508789063,0,0,failed,0.6484199999982736
434,6,-0.1367773132324219,0,0,failed,0.6477715799982753
435,34,28.47343907165527,10,0,one_apple,0.647123808418277
436,9,-0.1975955200195313,0,0,failed,0.6464766846098587
437,8,-0.29759552001953127,0,0,failed,0.6458302079252489
438,7,-20.29218896484375,0,0,failed,0.6451843777173236
439,29,28.533164154052734,10,0,one_apple,0.6445391933396063
440,11,-0.4338970336914062,0,0,failed,0.6438946541462667
441,5,-20.147595520019532,0,0,failed,0.6432507594921204
442,47,-2.529314514160157,0,0,failed,0.6426075087326283
443,29,28.87385375976562,10,0,one_apple,0.6419649012238956
444,11,-0.573464599609375,0,0,failed,0.6413229363226717
445,29,-21.434554107666017,0,0,failed,0.640681613386349
446,11,-0.3067953796386719,0,0,failed,0.6400409317729626
447,23,-21.1313837890625,0,0,failed,0.6394008908411897
448,24,-1.1856367492675783,0,0,failed,0.6387614899503485
449,20,-21.017113311767577,0,0,failed,0.6381227284603982
450,8,-20.359895874023437,0,0,failed,0.6374846057319378
451,51,-22.27227719116211,0,0,failed,0.6368471211262058
452,18,-0.7750050048828125,0,0,failed,0.6362102740050796
453,11,-20.530483459472656,0,0,failed,0.6355740637310745
454,43,-2.451895507812501,0,0,failed,0.6349384896673435
455,54,7.353705230712869,10,0,one_apple,0.6343035511776761
456,17,9.095423553466794,10,0,one_apple,0.6336692476264985
457,8,-0.30000000000000004,0,0,failed,0.6330355783788719
458,14,-20.800512817382813,0,0,failed,0.632402542800493
459,19,-0.9097120666503906,0,0,failed,0.6317701402576925
460,17,-0.7927971191406251,0,0,failed,0.6311383701174348
461,32,8.657760284423826,10,0,one_apple,0.6305072317473174
462,43,7.777356201171862,10,0,one_apple,0.6298767245155701
463,29,-1.5221855468750003,0,0,failed,0.6292468477910546
464,12,29.53500549316406,10,0,one_apple,0.6286176009432635
465,7,-0.3104686279296876,0,0,failed,0.6279889833423202
466,29,-21.695051025390626,0,0,failed,0.6273609943589779
467,10,29.589531372070308,10,0,one_apple,0.6267336333646188
468,12,-0.45769955444335947,0,0,failed,0.6261068997312542
469,16,-0.6882493286132811,0,0,failed,0.6254807928315229
470,10,-0.5793000488281249,0,0,failed,0.6248553120386914
471,8,-0.2841151733398438,0,0,failed,0.6242304567266527
472,16,-20.95008349609375,0,0,failed,0.623606226269926
473,31,-1.4617261657714846,0,0,failed,0.6229826200436561
474,22,-21.147595520019532,0,0,failed,0.6223596374236124
475,7,-20.15823522949219,0,0,failed,0.6217372777861888
476,13,-0.6975133056640626,0,0,failed,0.6211155405084027
477,55,27.618070312499984,10,0,one_apple,0.6204944249678943
478,15,29.24123365783691,10,0,one_apple,0.6198739305429264
479,19,9.040505920410151,10,0,one_apple,0.6192540566123834
480,11,-20.41839978027344,0,0,failed,0.6186348025557711
481,11,-0.35871252441406265,0,0,failed,0.6180161677532153
482,19,-0.9194484252929686,0,0,failed,0.6173981515854621
483,12,-20.626908905029296,0,0,failed,0.6167807534338766
484,14,-0.7204074096679688,0,0,failed,0.6161639726804428
485,56,7.431151336669913,10,0,one_apple,0.6155478087077623
486,25,-1.1333484191894534,0,0,failed,0.6149322608990545
487,19,-21.061218902587893,0,0,failed,0.6143173286381555
488,11,-0.4379599304199219,0,0,failed,0.6137030113095173
489,18,29.279912780761713,10,0,one_apple,0.6130893082982078
490,33,-1.6044029235839847,0,0,failed,0.6124762189899097
491,13,-20.692466430664062,0,0,failed,0.6118637427709198
492,51,7.468949768066402,10,0,one_apple,0.6112518790281489
493,17,9.244545593261716,10,0,one_apple,0.6106406271491208
494,21,-21.1803232421875,0,0,failed,0.6100299865219717
495,15,29.33653071594238,10,0,one_apple,0.6094199565354498
496,37,28.121355224609374,10,0,one_apple,0.6088105365789144
497,10,-20.447595520019533,0,0,failed,0.6082017260423355
498,34,28.6881767425537,10,0,one_apple,0.6075935243162931
499,20,-1.0102029418945313,0,0,failed,0.6069859307919768
500,20,-21.033013244628908,0,0,failed,0.6063789448611848
501,42,7.971122497558582,10,0,one_apple,0.6057725659163237
502,10,-20.506109008789064,0,0,failed,0.6051667933504074
503,18,-0.8274477539062499,0,0,failed,0.6045616265570569
504,21,-21.04568395996094,0,0,failed,0.6039570649304998
505,24,-1.4331221923828128,0,0,failed,0.6033531078655693
506,12,-0.5284411315917968,0,0,failed,0.6027497547577038
507,27,28.736982452392578,10,0,one_apple,0.602147005002946
508,7,-0.20013934326171878,0,0,failed,0.6015448579979431
509,17,9.313412872314453,10,0,one_apple,0.6009433131399452
510,11,-0.5489561767578126,0,0,failed,0.6003423698268052
511,10,-20.487092468261718,0,0,failed,0.5997420274569785
512,19,29.242384292602537,10,0,one_apple,0.5991422854295215
513,33,-21.961628479003906,0,0,failed,0.598543143144092
514,42,8.214277038574206,10,0,one_apple,0.5979446000009478
515,13,29.352549926757806,10,0,one_apple,0.5973466554009469
516,18,-0.7154082489013672,10,0,one_apple,0.596749308745546
517,19,-0.8870095825195313,0,0,failed,0.5961525594368005
518,24,-1.163739715576172,0,0,failed,0.5955564068773637
519,11,-0.4082352294921876,0,0,failed,0.5949608504704863
520,22,-21.24932928466797,0,0,failed,0.5943658896200158
521,24,-1.418893157958985,0,0,failed,0.5937715237303958
522,21,-0.8656353149414063,0,0,failed,0.5931777522066654
523,9,-0.3262172241210939,0,0,failed,0.5925845744544587
524,21,28.905229385375975,10,0,one_apple,0.5919919898800042
525,19,-0.7001494140625001,0,0,failed,0.5913999978901242
526,22,-1.1063035278320315,0,0,failed,0.590808597892234
527,32,-1.738657379150391,0,0,failed,0.5902177892943418
528,29,-21.718239410400393,0,0,failed,0.5896275715050474
529,28,-1.3400561523437502,0,0,failed,0.5890379439335424
530,24,9.210835754394527,10,0,one_apple,0.5884489059896089
531,19,-20.809877075195313,0,0,failed,0.5878604570836192
532,11,-20.54076434326172,0,0,failed,0.5872725966265356
533,10,-0.478476806640625,0,0,failed,0.5866853240299091
534,21,8.933262847900389,10,0,one_apple,0.5860986387058792
535,17,9.412145446777343,10,0,one_apple,0.5855125400671733
536,22,-1.0567555236816406,0,0,failed,0.5849270275271061
537,10,-0.313404296875,0,0,failed,0.584342100499579
538,12,-0.36619085693359377,0,0,failed,0.5837577583990794
539,18,-0.744542724609375,10,0,one_apple,0.5831740006406804
540,14,29.289315200805664,10,0,one_apple,0.5825908266400397
541,9,-0.3736936035156251,0,0,failed,0.5820082358133997
542,28,8.39276593017578,10,0,one_apple,0.5814262275775862
543,34,28.216952636718748,10,0,one_apple,0.5808448013500086
544,25,-1.162248260498047,0,0,failed,0.5802639565486586
545,13,-0.6583425903320312,0,0,failed,0.57968369259211
546,40,-2.3016462707519545,0,0,failed,0.5791040088995179
547,18,-0.611817077636719,0,0,failed,0.5785249048906184
548,14,-20.81582360839844,0,0,failed,0.5779463799857277
549,14,9.362928894042966,10,0,one_apple,0.577368433605742
550,21,-20.953464477539065,0,0,failed,0.5767910651721362
551,23,28.973695220947263,10,0,one_apple,0.576214274106964
552,14,-0.7193109741210937,0,0,failed,0.5756380598328571
553,44,-2.4129230651855478,0,0,failed,0.5750624217730242
554,8,-20.388351806640625,0,0,failed,0.5744873593512512
555,48,-2.4164486694335947,0,0,failed,0.5739128719918999
556,36,28.200799133300773,10,0,one_apple,0.573338959119908
557,9,-20.447595520019533,0,0,failed,0.572765620160788
558,34,-22.000897216796876,0,0,failed,0.5721928545406272
559,35,8.201781494140624,10,0,one_apple,0.5716206616860866
560,29,-21.445712554931642,0,0,failed,0.5710490410244006
561,23,-1.304836395263672,0,0,failed,0.5704779919833761
562,31,-1.609475219726563,0,0,failed,0.5699075139913927
563,62,6.868789367675777,10,0,one_apple,0.5693376064774013
564,43,27.877420349121085,10,0,one_apple,0.5687682688709239
565,37,28.076566345214843,10,0,one_apple,0.5681995006020529
566,13,-0.5644732360839844,0,0,failed,0.5676313011014509
567,19,-20.87639471435547,0,0,failed,0.5670636698003494
568,50,27.20982739257812,10,0,one_apple,0.5664966061305491
569,11,-0.6872750854492188,0,0,failed,0.5659301095244186
570,10,-0.5336407470703126,0,0,failed,0.5653641794148941
571,34,-1.620424743652344,0,0,failed,0.5647988152354793
572,18,-20.86779333496094,0,0,failed,0.5642340164202437
573,15,9.34387478637695,10,0,one_apple,0.5636697824038235
574,20,-21.167813751220706,0,0,failed,0.5631061126214196
575,11,-20.628612548828126,0,0,failed,0.5625430065087982
576,44,27.99754403686523,10,0,one_apple,0.5619804635022894
577,47,27.867913116455064,10,0,one_apple,0.561418483038787
578,13,-0.5487797241210937,0,0,failed,0.5608570645557482
579,11,-0.6208865356445312,0,0,failed,0.5602962074911925
580,12,-0.5905006103515626,0,0,failed,0.5597359112837013
581,29,28.861063171386714,10,0,one_apple,0.5591761753724176
582,32,28.534057891845695,10,0,one_apple,0.5586169991970452
583,16,9.203459442138671,10,0,one_apple,0.5580583821978482
584,28,-1.4742787475585941,0,0,failed,0.5575003238156504
585,33,-1.6915822448730473,0,0,failed,0.5569428234918348
586,21,-21.124014526367187,0,0,failed,0.5563858806683429
587,20,-0.9309005737304688,0,0,failed,0.5558294947876746
588,32,-1.691525268554688,0,0,failed,0.5552736652928869
589,18,-0.8721768188476564,0,0,failed,0.5547183916275941
590,8,-0.37656884765625015,0,0,failed,0.5541636732359665
591,15,29.26951654052734,10,0,one_apple,0.5536095095627305
592,20,-1.2186944885253908,0,0,failed,0.5530559000531677
593,9,-20.319836547851562,0,0,failed,0.5525028441531146
594,12,-20.479838623046877,0,0,failed,0.5519503413089615
595,26,8.496184326171868,10,0,one_apple,0.5513983909676525
596,31,28.484095611572265,10,0,one_apple,0.5508469925766849
597,8,-0.4522063598632814,0,0,failed,0.5502961455841082
598,18,-0.64430029296875,0,0,failed,0.5497458494385241
599,15,-20.74993426513672,0,0,failed,0.5491961035890855
600,32,-21.89045965576172,0,0,failed,0.5486469074854965
601,26,28.65473724365234,10,0,one_apple,0.548098260578011
602,25,29.020137115478512,10,0,one_apple,0.547550162317433
603,8,-20.322197570800782,0,0,failed,0.5470026121551156
604,48,-2.581708770751954,0,0,failed,0.5464556095429605
605,37,-21.912986633300783,0,0,failed,0.5459091539334175
606,14,-0.6817122802734376,0,0,failed,0.5453632447794842
607,13,-0.5069844665527345,0,0,failed,0.5448178815347047
608,13,9.307148498535152,10,0,one_apple,0.54427306365317
609,45,27.40641705322265,10,0,one_apple,0.5437287905895168
610,35,-21.9661943359375,0,0,failed,0.5431850617989273
611,15,9.329574096679687,10,0,one_apple,0.5426418767371284
612,13,-0.5877959594726564,0,0,failed,0.5420992348603912
613,21,29.084581466674802,10,0,one_apple,0.5415571356255309
614,25,28.89808673095703,10,0,one_apple,0.5410155784899053
615,8,-0.36600262451171883,0,0,failed,0.5404745629114154
616,26,-1.2208218383789067,0,0,failed,0.539934088348504
617,33,-1.820005310058594,0,0,failed,0.5393941542601555
618,10,-0.41268029785156257,0,0,failed,0.5388547601058953
619,23,-1.2053447570800784,0,0,failed,0.5383159053457894
620,43,-22.165582092285156,0,0,failed,0.5377775894404436
621,24,-1.1222593688964844,0,0,failed,0.5372398118510032
622,32,-1.689467498779297,0,0,failed,0.5367025720391522
623,36,28.247245925903314,10,0,one_apple,0.536165869467113
624,27,8.843263061523434,10,0,one_apple,0.5356297035976458
625,16,-0.9452694091796876,0,0,failed,0.5350940738940482
626,43,-2.2715214233398444,0,0,failed,0.5345589798201541
627,45,-22.320139465332034,0,0,failed,0.534024420840334
628,52,-2.743501281738282,0,0,failed,0.5334903964194936
629,25,9.024333969116206,10,0,one_apple,0.5329569060230741
630,24,28.86931555175781,10,0,one_apple,0.532423949117051
631,4,-0.0975955200195313,0,0,failed,0.531891525167934
632,20,-1.0210105895996096,0,0,failed,0.5313596336427661
633,25,-21.331781799316406,0,0,failed,0.5308282740091232
634,10,-0.39759552001953125,0,0,failed,0.5302974457351142
635,19,-1.0275691528320312,0,0,failed,0.5297671482893791
636,52,-2.428554229736329,0,0,failed,0.5292373811410898
637,15,29.295500061035156,10,0,one_apple,0.5287081437599487
638,42,-22.089758361816408,0,0,failed,0.5281794356161887
639,12,-0.5104686279296876,0,0,failed,0.5276512561805725
640,32,-21.672400146484378,0,0,failed,0.5271236049243919
641,33,-1.680230346679688,0,0,failed,0.5265964813194676
642,31,-1.615760162353516,0,0,failed,0.5260698848381481
643,10,-0.337491455078125,0,0,failed,0.5255438149533099
644,16,29.228246002197263,10,0,one_apple,0.5250182711383566
645,32,-1.4213762512207033,0,0,failed,0.5244932528672183
646,19,-20.699251724243165,0,0,failed,0.5239687596143511
647,10,-20.389536712646485,0,0,failed,0.5234447908547367
648,42,27.960483428955072,10,0,one_apple,0.522921346063882
649,10,-0.28676431274414066,0,0,failed,0.522398424717818
650,35,-21.841811172485354,0,0,failed,0.5218760262931003
651,24,8.759784057617182,10,0,one_apple,0.5213541502668072
652,31,-1.6577900390625004,0,0,failed,0.5208327961165404
653,11,29.50483361816406,10,0,one_apple,0.5203119633204238
654,26,28.69733004760742,10,0,one_apple,0.5197916513571034
655,9,-20.326776916503906,0,0,failed,0.5192718597057463
656,29,8.59712707519531,10,0,one_apple,0.5187525878460405
657,12,-0.6414698486328124,0,0,failed,0.5182338352581944
658,11,-0.5081464233398438,0,0,failed,0.5177156014229363
659,23,-21.059541320800783,0,0,failed,0.5171978858215134
660,16,-0.696900634765625,0,0,failed,0.5166806879356919
661,27,-1.19933154296875,0,0,failed,0.5161640072477562
662,15,9.38568829345703,10,0,one_apple,0.5156478432405085
663,12,-0.4816295776367189,0,0,failed,0.515132195397268
664,16,29.254654205322264,10,0,one_apple,0.5146170632018707
665,20,-21.22401953125,0,0,failed,0.5141024461386688
666,33,28.633808441162106,10,0,one_apple,0.5135883436925301
667,36,-1.8490260620117194,0,0,failed,0.5130747553488376
668,27,-21.415545532226563,0,0,failed,0.5125616805934888
669,11,-0.46783270263671883,0,0,failed,0.5120491189128954
670,16,-0.7145241088867188,0,0,failed,0.5115370697939825
671,12,-20.652264862060548,0,0,failed,0.5110255327241885
672,15,9.240561553955075,10,0,one_apple,0.5105145071914643
673,11,-20.68475650024414,0,0,failed,0.5100039926842729
674,13,-0.6965877685546877,0,0,failed,0.5094939886915886
675,11,-20.435163452148437,0,0,failed,0.508984494702897
676,24,-21.228948867797854,0,0,failed,0.508475510208194
677,9,-0.208140625,0,0,failed,0.5079670346979859
678,17,9.083459350585937,10,0,one_apple,0.5074590676632879
679,11,-0.4242763061523438,0,0,failed,0.5069516085956246
680,23,-1.118386932373047,0,0,failed,0.506444656987029
681,10,-0.4046818847656251,0,0,failed,0.505938212330042
682,32,-1.6527363281250003,0,0,failed,0.505432274117712
683,20,-20.797640899658205,0,0,failed,0.5049268418435943
684,24,-21.02008837890625,0,0,failed,0.5044219150017507
685,12,-0.48164068603515625,0,0,failed,0.5039174930867489
686,11,-0.626491912841797,0,0,failed,0.5034135755936622
687,11,-0.5167916870117188,0,0,failed,0.5029101620180685
688,21,-1.0787744140625,0,0,failed,0.5024072518560504
689,11,-0.6146927490234375,0,0,failed,0.5019048446041944
690,26,-1.2848690490722658,0,0,failed,0.5014029397595902
691,24,-1.4192489929199221,0,0,failed,0.5009015368198305
692,13,-0.5320623168945313,0,0,failed,0.5004006352830107
693,37,28.270465606689452,10,0,one_apple,0.4999002346477277
694,15,9.485126159667969,10,0,one_apple,0.49940033441307996
695,14,29.365384582519525,10,0,one_apple,0.49890093407866687
696,39,8.308610382080076,10,0,one_apple,0.4984020331445882
697,9,-20.383603576660157,0,0,failed,0.4979036311114436
698,34,-1.860824584960938,0,0,failed,0.4974057274803321
699,16,-0.8006732788085936,0,0,failed,0.49690832175285177
700,29,-1.507072143554688,0,0,failed,0.4964114134310989
701,6,-20.247595520019534,0,0,failed,0.4959150020176678
702,10,-20.419008789062502,0,0,failed,0.49541908701565013
703,13,-0.5574978942871095,0,0,failed,0.49492366792863446
704,21,-1.2543946533203127,0,0,failed,0.4944287442607058
705,12,-0.4917060546875,0,0,failed,0.4939343155164451
706,11,-0.43175167846679696,0,0,failed,0.4934403812009287
707,18,-20.730926239013673,0,0,failed,0.4929469408197278
708,21,-0.85572265625,0,0,failed,0.49245399387890804
709,9,-20.277163482666015,0,0,failed,0.4919615398850291
710,7,-20.247595520019534,0,0,failed,0.4914695783451441
711,17,-0.9715855712890625,0,0,failed,0.4909781087667989
712,18,29.56853588867187,10,0,one_apple,0.4904871306580321
713,4,-0.0975955200195313,0,0,failed,0.4899966435273741
714,30,28.565473876953114,10,0,one_apple,0.4895066468838467
715,8,-0.39759552001953125,0,0,failed,0.48901714023696286
716,27,8.573759399414058,10,0,one_apple,0.4885281230967259
717,20,-20.97191290283203,0,0,failed,0.48803959497362914
718,27,29.036934082031244,10,0,one_apple,0.4875515553786555
719,15,-0.5658751373291017,10,0,one_apple,0.48706400382327686
720,12,-20.56189343261719,0,0,failed,0.4865769398194536
721,10,-20.46872787475586,0,0,failed,0.48609036287963414
722,19,-0.8444741821289065,0,0,failed,0.48560427251675453
723,11,-0.3676812744140626,0,0,failed,0.48511866824423777
724,22,28.828484924316403,10,0,one_apple,0.4846335495759935
725,8,-0.2104686279296876,0,0,failed,0.4841489160264175
726,25,8.92963214111328,10,0,one_apple,0.4836647671103911
727,8,-0.17507666015625012,10,0,one_apple,0.4831811023432807
728,15,9.313038391113277,10,0,one_apple,0.4826979212409374
729,9,-20.480975036621096,0,0,failed,0.48221522331969646
730,12,-0.61685791015625,0,0,failed,0.48173300809637676
731,14,-0.6518016357421875,0,0,failed,0.48125127508828036
732,11,-0.45464382934570313,0,0,failed,0.48077002381319206
733,8,-0.2104686279296876,10,0,one_apple,0.48028925378937887
734,17,29.420336700439453,10,0,one_apple,0.47980896453558947
735,19,-1.0068589782714845,0,0,failed,0.4793291555710539
736,9,-0.39759552001953125,0,0,failed,0.47884982641548285
737,8,-0.2783484497070313,0,0,failed,0.47837097658906735
738,11,-0.5870374755859374,0,0,failed,0.47789260561247826
739,21,-0.8679858398437501,0,0,failed,0.4774147130068658
740,28,-1.2857118835449222,0,0,failed,0.4769372982938589
741,22,8.867527099609372,10,0,one_apple,0.47646036099556505
742,8,-20.39153332519531,0,0,failed,0.47598390063456947
743,17,-0.7368941650390626,0,0,failed,0.4755079167339349
744,26,29.330296066284177,20,1,complete,0.47503240881720094
745,19,9.251196777343749,10,0,one_apple,0.47455737640838375
746,10,-0.4779061889648438,0,0,failed,0.47408281903197536
747,25,28.96165023803711,10,0,one_apple,0.47360873621294336
748,18,-20.887714660644534,0,0,failed,0.4731351274767304
749,49,7.340237030029282,10,0,one_apple,0.4726619923492537
750,36,8.215899749755852,10,0,one_apple,0.47218933035690447
751,14,29.44989105224609,10,0,one_apple,0.47171714102654755
752,10,-20.407296783447265,0,0,failed,0.471245423885521
753,10,29.66555236816406,10,0,one_apple,0.47077417846163544
754,26,-21.216644989013673,0,0,failed,0.4703034042831738
755,15,29.483787200927733,10,0,one_apple,0.46983310087889063
756,14,-20.53269223022461,0,0,failed,0.46936326777801174
757,17,-20.82266412353516,0,0,failed,0.4688939045102337
758,9,-20.493313598632813,0,0,failed,0.4684250106057235
759,13,-0.6540100097656251,0,0,failed,0.46795658559511777
760,16,29.380745056152346,10,0,one_apple,0.46748862900952265
761,10,-0.42295881652832035,0,0,failed,0.4670211403805131
762,22,29.153904083251952,10,0,one_apple,0.4665541192401326
763,12,-0.4273309326171875,0,0,failed,0.4660875651208925
764,10,-0.4975955200195312,0,0,failed,0.4656214775557716
765,15,9.208000549316402,10,0,one_apple,0.46515585607821586
766,28,-1.2626769409179688,0,0,failed,0.46469070022213765
767,31,-1.3358280029296878,0,0,failed,0.4642260095219155
768,22,9.253254272460932,10,0,one_apple,0.4637617835123936
769,29,28.754687927246092,10,0,one_apple,0.46329802172888124
770,33,8.66166477966308,10,0,one_apple,0.46283472370715234
771,35,28.534824707031248,10,0,one_apple,0.46237188898344517
772,9,-0.31098126220703126,0,0,failed,0.4619095170944617
773,6,-20.252752746582033,0,0,failed,0.46144760757736725
774,28,28.883769897460937,10,0,one_apple,0.46098615996978987
775,26,29.050591491699212,10,0,one_apple,0.46052517380982005
776,19,-0.8550025329589843,0,0,failed,0.4600646486360102
777,19,29.270756011962888,10,0,one_apple,0.4596045839873742
778,15,9.292978179931637,10,0,one_apple,0.45914497940338683
779,11,-20.48988052368164,0,0,failed,0.4586858344239834
780,29,28.839897827148434,10,0,one_apple,0.45822714858955943
781,8,-20.28213690185547,0,0,failed,0.45776892144096987
782,10,-0.4467444458007813,0,0,failed,0.4573111525195289
783,9,-20.34759552001953,0,0,failed,0.4568538413670094
784,15,29.545914642333983,10,0,one_apple,0.4563969875256424
785,12,-0.5412375488281252,0,0,failed,0.45594059053811675
786,13,9.37136193847656,10,0,one_apple,0.45548464994757865
787,9,-20.42507666015625,0,0,failed,0.45502916529763104
788,8,-20.243410919189454,0,0,failed,0.45457413613233344
789,23,9.1055119934082,10,0,one_apple,0.4541195619962011
790,5,-0.0975955200195313,0,0,failed,0.4536654424342049
791,12,-0.5635184020996094,0,0,failed,0.45321177699177073
792,13,9.415552490234372,10,0,one_apple,0.452758565214779
793,33,28.263375335693354,10,0,one_apple,0.4523058066495642
794,7,-20.247595520019534,0,0,failed,0.45185350084291465
795,20,-0.8560020751953126,0,0,failed,0.4514016473420717
796,41,28.320270477294915,10,0,one_apple,0.45095024569472963
797,20,-0.9984032287597655,0,0,failed,0.4504992954490349
798,19,-0.8644703979492188,0,0,failed,0.45004879615358584
799,8,-0.35810290527343763,0,0,failed,0.44959874735743227
800,19,-0.9137276916503907,0,0,failed,0.4491491486100748
801,42,-2.0378558044433603,0,0,failed,0.44869999946146477
802,10,-0.3965418090820313,0,0,failed,0.4482512994620033
803,7,-0.1975955200195313,0,0,failed,0.4478030481625413
804,12,9.607899261474609,10,0,one_apple,0.44735524511437874
805,8,-0.09986505126953131,0,0,failed,0.4469078898692644
806,21,-1.1585228271484376,0,0,failed,0.4464609819793951
807,8,-20.40669512939453,0,0,failed,0.44601452099741573
808,45,7.543502471923823,10,0,one_apple,0.4455685064764183
809,9,-0.40198284912109383,0,0,failed,0.4451229379699419
810,10,9.509806579589839,10,0,one_apple,0.44467781503197196
811,17,-0.8438588256835937,0,0,failed,0.44423313721693997
812,46,-2.4967371215820324,0,0,failed,0.44378890407972305
813,9,-0.584205322265625,0,0,failed,0.44334511517564335
814,33,28.54789981079101,10,0,one_apple,0.4429017700604677
815,20,-0.8672520751953126,0,0,failed,0.44245886829040726
816,25,-21.217819091796876,0,0,failed,0.44201640942211684
817,5,-0.0975955200195313,0,0,failed,0.44157439301269474
818,8,-0.20509118652343755,0,0,failed,0.44113281861968207
819,25,28.975580261230462,10,0,one_apple,0.4406916858010624
820,26,8.675951965332022,10,0,one_apple,0.4402509941152613
821,10,-0.3409009094238282,0,0,failed,0.43981074312114604
822,9,-0.36419134521484375,0,0,failed,0.4393709323780249
823,23,29.083020019531247,10,0,one_apple,0.4389315614456469
824,33,28.956732452392576,20,1,complete,0.43849262988420123
825,22,-1.0049132080078125,0,0,failed,0.438054137254317
826,16,-0.5997740783691408,10,0,one_apple,0.4376160831170627
827,44,-22.194154220581055,0,0,failed,0.43717846703394564
828,22,-1.1024436645507814,0,0,failed,0.4367412885669117
829,20,-21.062755859375002,0,0,failed,0.4363045472783448
830,6,-20.26046862792969,0,0,failed,0.43586824273106645
831,25,28.893882019042955,10,0,one_apple,0.4354323744883354
832,19,-21.038063903808595,0,0,failed,0.43499694211384704
833,9,-0.3136226196289063,0,0,failed,0.4345619451717332
834,10,-20.489291931152344,0,0,failed,0.43412738322656147
835,21,-21.045460845947268,0,0,failed,0.4336932558433349
836,14,29.20483361816406,10,0,one_apple,0.43325956258749154
837,36,-1.9809006958007815,0,0,failed,0.43282630302490405
838,7,-20.1955126953125,0,0,failed,0.43239347672187917
839,52,7.327051818847643,10,0,one_apple,0.4319610832451573
840,12,-20.587182739257813,0,0,failed,0.43152912216191214
841,14,-20.584594146728517,0,0,failed,0.4310975930397502
842,22,-21.03268637084961,0,0,failed,0.43066649544671043
843,9,-20.466746154785156,0,0,failed,0.4302358289512637
844,12,-0.4177935180664064,0,0,failed,0.4298055931223125
845,11,-0.4580567016601562,0,0,failed,0.42937578752919014
846,23,-1.2522683410644533,0,0,failed,0.4289464117416609
847,21,-1.0233221740722653,0,0,failed,0.42851746532991924
848,10,-0.49516790771484387,0,0,failed,0.42808894786458934
849,12,-0.4659656372070312,0,0,failed,0.42766085891672473
850,22,-1.0474407348632813,0,0,failed,0.427233198057808
851,51,-2.577078063964845,0,0,failed,0.4268059648597502
852,38,27.88163122558592,10,0,one_apple,0.4263791588948904
853,13,29.278767272949214,10,0,one_apple,0.42595277973599555
854,19,-0.8241700439453127,0,0,failed,0.42552682695625954
855,20,-0.8116140136718751,0,0,failed,0.4251013001293033
856,13,9.524239807128904,10,0,one_apple,0.424676198829174
857,13,29.610806747436524,10,0,one_apple,0.4242515226303448
858,17,29.34314451599121,10,0,one_apple,0.42382727110771445
859,10,-0.5675433349609376,0,0,failed,0.4234034438366067
860,25,28.743122421264648,10,0,one_apple,0.4229800403927701
861,13,-0.7445765991210938,0,0,failed,0.42255706035237733
862,12,-0.5231550903320313,0,0,failed,0.42213450329202495
863,33,28.535131683349597,10,0,one_apple,0.4217123687887329
864,28,-1.418788055419922,0,0,failed,0.4212906564199442
865,27,-1.0273391113281252,0,0,failed,0.42086936576352424
866,18,-0.8440612487792969,0,0,failed,0.4204484963977607
867,13,9.406569488525388,10,0,one_apple,0.42002804790136294
868,17,-0.5528941345214844,0,0,failed,0.4196080198534616
869,31,28.941703735351563,10,0,one_apple,0.4191884118336081
870,20,-0.8961646118164063,0,0,failed,0.41876922342177453
871,17,-21.07108038330078,0,0,failed,0.41835045419835276
872,24,-21.135423278808595,0,0,failed,0.4179321037441544
873,13,29.206374328613276,10,0,one_apple,0.41751417164041027
874,14,-0.6836136474609376,0,0,failed,0.41709665746876984
875,13,-0.5463446655273438,0,0,failed,0.4166795608113011
876,16,-0.776268768310547,0,0,failed,0.41626288125048977
877,10,-0.48656829833984383,0,0,failed,0.41584661836923925
878,31,-1.2531348876953128,0,0,failed,0.41543077175087
879,39,28.57545779418945,10,0,one_apple,0.41501534097911913
880,16,-0.5259218139648437,0,0,failed,0.41460032563814003
881,21,-20.949711853027345,0,0,failed,0.4141857253125019
882,39,-2.206527709960938,0,0,failed,0.41377153958718943
883,39,27.56175677490234,10,0,one_apple,0.4133577680476022
884,16,29.30674398803711,10,0,one_apple,0.4129444102795546
885,24,-0.8705020751953128,0,0,failed,0.412531465869275
886,17,-20.90930355834961,0,0,failed,0.41211893440340575
887,20,-1.1100361938476566,0,0,failed,0.41170681546900234
888,27,-21.49319891357422,0,0,failed,0.41129510865353336
889,12,-0.411087646484375,0,0,failed,0.41088381354487985
890,24,8.602863891601562,10,0,one_apple,0.410472929731335
891,12,-20.434047424316407,0,0,failed,0.41006245680160364
892,26,-1.0830963134765625,0,0,failed,0.40965239434480205
893,28,-1.2752552185058597,0,0,failed,0.40924274195045723
894,9,-0.3854549560546876,0,0,failed,0.40883349920850676
895,43,27.977336578369137,10,0,one_apple,0.40842466570929825
896,6,-0.0975955200195313,0,0,failed,0.40801624104358897
897,78,26.076069580078105,10,0,one_apple,0.4076082248025454
898,9,29.757593505859372,10,0,one_apple,0.4072006165777428
899,39,-1.5267417602539066,0,0,failed,0.4067934159611651
900,39,-21.95069000244141,0,0,failed,0.4063866225452039
901,9,-20.46046862792969,0,0,failed,0.4059802359226587
902,10,-20.409945449829102,0,0,failed,0.40557425568673605
903,14,-0.5861785888671877,0,0,failed,0.40516868143104934
904,15,9.513821960449217,10,0,one_apple,0.4047635127496183
905,11,-0.6469822387695312,0,0,failed,0.4043587492368687
906,15,-0.6854661865234375,0,0,failed,0.4039543904876318
907,21,29.227150634765625,10,0,one_apple,0.4035504360971442
908,15,29.69887301635742,10,0,one_apple,0.40314688566104706
909,15,-0.7873757019042971,0,0,failed,0.402743738775386
910,19,29.12375598144531,10,0,one_apple,0.4023409950366106
911,15,9.108783325195311,10,0,one_apple,0.401938654041574
912,27,8.896427734374996,10,0,one_apple,0.4015367153875324
913,24,-0.9934685058593751,0,0,failed,0.4011351786721449
914,8,-20.56509020996094,0,0,failed,0.40073404349347275
915,37,-1.5300159606933599,0,0,failed,0.40033330944997925
916,16,9.131814880371092,10,0,one_apple,0.39993297614052925
917,29,28.84858393859863,10,0,one_apple,0.3995330431643887
918,36,-1.8177037963867189,0,0,failed,0.39913351012122433
919,15,29.330336959838863,10,0,one_apple,0.3987343766111031
920,11,-0.4370119628906251,0,0,failed,0.398335642234492
921,22,29.179350402832025,10,0,one_apple,0.3979373065922575
922,14,29.289531372070304,10,0,one_apple,0.39753936928566525
923,33,-1.485530456542969,0,0,failed,0.3971418299163796
924,31,-1.4495850524902347,0,0,failed,0.3967446880864632
925,16,9.337529296875,10,0,one_apple,0.3963479433983767
926,15,29.31381359863281,10,0,one_apple,0.3959515954549783
927,12,-0.4194866333007813,0,0,failed,0.39555564385952335
928,17,9.25117381286621,10,0,one_apple,0.39516008821566384
929,8,29.68953137207031,10,0,one_apple,0.3947649281274482
930,38,-1.9477498779296882,0,0,failed,0.3943701631993207
931,16,9.260270690917967,10,0,one_apple,0.3939757930361214
932,29,28.60741580200195,10,0,one_apple,0.3935818172430853
933,12,9.487602783203123,10,0,one_apple,0.3931882354258422
934,10,-20.522895965576172,0,0,failed,0.39279504719041636
935,16,29.05799340820312,10,0,one_apple,0.39240225214322594
936,15,9.330512725830076,10,0,one_apple,0.39200984989108273
937,27,8.732531997680663,10,0,one_apple,0.39161784004119166
938,19,-20.977009826660158,0,0,failed,0.39122622220115044
939,37,28.329214660644524,10,0,one_apple,0.3908349959789493
940,23,29.06113696289062,10,0,one_apple,0.3904441609829703
941,18,9.37576440429687,10,0,one_apple,0.3900537168219873
942,24,29.08342346191406,10,0,one_apple,0.3896636631051653
943,10,-0.31111785888671883,0,0,failed,0.38927399944206015
944,21,9.321045410156245,10,0,one_apple,0.3888847254426181
945,13,-0.7287309570312499,0,0,failed,0.38849584071717547
946,23,-1.2296209716796875,0,0,failed,0.3881073448764583
947,7,-0.2104686279296876,0,0,failed,0.3877192375315819
948,45,-2.4719030456542974,0,0,failed,0.3873315182940503
949,15,29.359843688964844,10,0,one_apple,0.38694418677575626
950,14,29.280609130859375,10,0,one_apple,0.3865572425889805
951,20,9.243109802246089,10,0,one_apple,0.38617068534639154
952,11,-0.5495641784667971,0,0,failed,0.38578451466104513
953,8,29.68953137207031,10,0,one_apple,0.3853987301463841
954,17,29.27264276123046,10,0,one_apple,0.3850133314162377
955,36,-2.0305502319335944,0,0,failed,0.3846283180848215
956,12,-0.6007570495605469,0,0,failed,0.3842436897667367
957,19,9.157185592651366,10,0,one_apple,0.3838594460769699
958,11,-0.53914794921875,0,0,failed,0.38347558663089293
959,12,9.43596105957031,10,0,one_apple,0.38309211104426205
960,10,-20.36416082763672,0,0,failed,0.3827090189332178
961,13,-20.496972137451174,0,0,failed,0.38232630991428457
962,11,-0.4264396667480469,0,0,failed,0.38194398360437026
963,13,9.35181634521484,10,0,one_apple,0.3815620396207659
964,17,29.242229187011713,10,0,one_apple,0.38118047758114515
965,25,-1.0901779785156254,0,0,failed,0.380799297103564
966,24,-1.2042316894531249,0,0,failed,0.3804184978064605
967,27,-1.268098114013672,0,0,failed,0.380038079308654
968,16,9.226652893066401,10,0,one_apple,0.3796580412293454
969,18,-0.7729974670410157,0,0,failed,0.379278383188116
970,41,28.2346160583496,10,0,one_apple,0.3788991048049279
971,9,-0.5116358032226562,0,0,failed,0.37852020570012296
972,21,29.306420776367187,10,0,one_apple,0.37814168549442284
973,42,-2.007001708984376,0,0,failed,0.3777635438089284
974,12,29.480689025878902,10,0,one_apple,0.3773857802651195
975,22,-21.326902954101563,0,0,failed,0.37700839448485435
976,53,-22.72124151611328,0,0,failed,0.3766313860903695
977,21,-0.9143572692871095,0,0,failed,0.37625475470427916
978,13,29.377721282958984,10,0,one_apple,0.3758784999495749
979,33,8.564453826904291,10,0,one_apple,0.3755026214496253
980,15,29.343398254394526,10,0,one_apple,0.3751271188281757
981,27,28.768110992431637,10,0,one_apple,0.3747519917093475
982,21,-21.14346597290039,0,0,failed,0.37437723971763814
983,17,-20.954970001220705,0,0,failed,0.37400286247792053
984,42,8.127047790527335,10,0,one_apple,0.3736288596154426
985,21,-20.9653486328125,0,0,failed,0.37325523075582717
986,19,-0.9508984985351563,0,0,failed,0.37288197552507135
987,10,-0.4309750366210938,0,0,failed,0.37250909354954626
988,13,-0.6586986999511718,0,0,failed,0.37213658445599673
989,21,-1.063819549560547,0,0,failed,0.3717644478715407
990,42,28.001785095214828,10,0,one_apple,0.3713926834236692
991,15,29.1202759399414,10,0,one_apple,0.37102129074024554
992,28,28.950701171874996,10,0,one_apple,0.3706502694495053
993,11,29.47536810302734,10,0,one_apple,0.3702796191800558
994,11,-20.45823522949219,0,0,failed,0.36990933956087574
995,21,28.988106658935546,10,0,one_apple,0.36953943022131486
996,22,9.088601425170893,10,0,one_apple,0.3691698907910935
997,20,-20.887170989990235,0,0,failed,0.3688007209003024
998,32,28.696602722167967,10,0,one_apple,0.36843192017940213
999,20,9.239531372070307,10,0,one_apple,0.36806348825922275
1000,10,-0.5254473876953125,0,0,failed,0.3676954247709635
1001,6,-0.1082352294921875,0,0,failed,0.36732772934619257
1002,8,29.68953137207031,10,0,one_apple,0.3669604016168464
1003,8,29.68953137207031,10,0,one_apple,0.3665934412152296
1004,16,29.238871917724605,10,0,one_apple,0.3662268477740143
1005,9,-0.1694398803710938,0,0,failed,0.36586062092624033
1006,21,9.141358154296867,10,0,one_apple,0.3654947603053141
1007,37,-1.901651672363282,0,0,failed,0.36512926554500874
1008,34,-1.9601646118164069,0,0,failed,0.36476413627946375
1009,9,-20.522618896484374,0,0,failed,0.3643993721431843
1010,13,-0.6590384521484374,0,0,failed,0.36403497277104113
1011,9,-0.14334741210937502,0,0,failed,0.3636709377982701
1012,8,-0.2082352294921875,10,0,one_apple,0.3633072668604718
1013,26,-1.189762390136719,0,0,failed,0.36294395959361136
1014,24,8.998008483886718,10,0,one_apple,0.36258101563401773
1015,13,29.485136962890625,10,0,one_apple,0.3622184346183837
1016,14,9.612518829345703,10,0,one_apple,0.36185621618376534
1017,22,-1.0857127075195316,0,0,failed,0.36149435996758156
1018,9,-0.2082352294921875,10,0,one_apple,0.361132865607614
1019,22,9.153900390624997,10,0,one_apple,0.36077173274200636
1020,8,29.69176477050781,10,0,one_apple,0.36041096100926434
1021,22,-1.2603665466308596,0,0,failed,0.3600505500482551
1022,22,9.036086242675779,10,0,one_apple,0.35969049949820686
1023,29,8.566694824218743,10,0,one_apple,0.3593308089987087
1024,32,28.892198791503905,10,0,one_apple,0.35897147818971
1025,36,-1.673856597900391,0,0,failed,0.3586125067115203
1026,39,28.166361160278313,10,0,one_apple,0.35825389420480874
1027,22,29.31449291992187,10,0,one_apple,0.35789564031060395
1028,10,-0.3030192565917969,10,0,one_apple,0.35753774467029337
1029,29,28.749179931640615,10,0,one_apple,0.3571802069256231
1030,18,-0.6844593505859375,10,0,one_apple,0.3568230267186975
1031,16,-20.65777133178711,0,0,failed,0.3564662036919788
1032,22,-1.1461808166503908,0,0,failed,0.35610973748828684
1033,8,29.69176477050781,10,0,one_apple,0.35575362775079855
1034,12,-20.62042919921875,0,0,failed,0.35539787412304774
1035,13,9.47312396240234,10,0,one_apple,0.3550424762489247
1036,22,29.204046569824214,10,0,one_apple,0.3546874337726758
1037,8,-0.2309750366210938,10,0,one_apple,0.35433274633890316
1038,50,-2.917095581054689,0,0,failed,0.35397841359256427
1039,67,-3.5179627685546886,0,0,failed,0.3536244351789717
1040,11,-0.596705810546875,0,0,failed,0.35327081074379274
1041,33,-1.7450954589843752,0,0,failed,0.352917539933049
1042,14,29.49176477050781,10,0,one_apple,0.3525646223931159
1043,30,8.823819732666006,10,0,one_apple,0.3522120577707228
1044,12,-0.5167485961914062,0,0,failed,0.3518598457129521
1045,8,-0.2082352294921875,10,0,one_apple,0.35150798586723914
1046,56,27.11635485839843,10,0,one_apple,0.3511564778813719
1047,12,-0.6366441955566406,0,0,failed,0.3508053214034905
1048,50,7.278346069335935,10,0,one_apple,0.35045451608208705
1049,13,-0.5932304077148436,0,0,failed,0.350104061566005
1050,24,28.824601562499996,10,0,one_apple,0.349753957504439
1051,45,-2.3391350097656254,10,0,one_apple,0.3494042035469346
1052,19,9.292194152832028,10,0,one_apple,0.3490547993433876
1053,37,28.043520202636717,10,0,one_apple,0.34870574454404424
1054,8,-0.2828180541992188,0,0,failed,0.3483570387995002
1055,70,26.606595123290987,10,0,one_apple,0.3480086817607007
1056,21,-21.251259033203127,0,0,failed,0.34766067307894
1057,43,27.745654541015607,10,0,one_apple,0.34731301240586104
1058,23,-0.918884948730469,0,0,failed,0.3469656993934552
1059,8,-0.2082352294921875,10,0,one_apple,0.3466187336940617
1060,14,-0.6566587524414063,0,0,failed,0.34627211496036764
1061,15,9.262031921386718,10,0,one_apple,0.3459258428454073
1062,32,28.46981854248046,10,0,one_apple,0.34557991700256185
1063,10,-20.526671142578127,0,0,failed,0.3452343370855593
1064,22,28.908756530761714,10,0,one_apple,0.34488910274847373
1065,23,29.102241943359367,10,0,one_apple,0.34454421364572524
1066,26,28.816869262695302,10,0,one_apple,0.3441996694320795
1067,23,8.73029467773437,10,0,one_apple,0.34385546976264747
1068,62,26.82128112792966,10,0,one_apple,0.34351161429288485
1069,19,-20.860413818359376,0,0,failed,0.34316810267859194
1070,9,-20.48262890625,0,0,failed,0.34282493457591334
1071,16,29.30483361816406,10,0,one_apple,0.3424821096413374
1072,16,29.259798828124996,10,0,one_apple,0.3421396275316961
1073,40,27.869728134155263,10,0,one_apple,0.34179748790416437
1074,51,7.678665985107404,10,0,one_apple,0.3414556904162602
1075,31,28.789911499023436,10,0,one_apple,0.34111423472584396
1076,12,-0.3908604736328126,0,0,failed,0.34077312049111813
1077,13,-0.4975955200195312,0,0,failed,0.340432347370627
1078,19,-0.9384888305664065,10,0,one_apple,0.34009191502325636
1079,12,29.600015563964842,10,0,one_apple,0.3397518231082331
1080,38,8.121929992675764,10,0,one_apple,0.33941207128512485
1081,16,-0.5978482666015627,0,0,failed,0.3390726592138397
1082,28,8.694795593261713,10,0,one_apple,0.3387335865546259
1083,8,-20.28881787109375,0,0,failed,0.33839485296807126
1084,41,27.9627684020996,10,0,one_apple,0.3380564581151032
1085,18,-0.7038659057617187,10,0,one_apple,0.33771840165698813
1086,20,29.381877746582028,10,0,one_apple,0.33738068325533116
1087,7,-0.0975955200195313,10,0,one_apple,0.3370433025720758
1088,11,-20.449865051269533,0,0,failed,0.33670625926950376
1089,140,3.2553421630859347,10,0,one_apple,0.33636955301023425
1090,30,28.727631500244133,10,0,one_apple,0.336033183457224
1091,25,28.743118453979484,10,0,one_apple,0.3356971502737668
1092,47,7.744439666748036,10,0,one_apple,0.335361453123493
1093,65,26.766103790283196,10,0,one_apple,0.3350260916703695
1094,9,-0.29759552001953127,0,0,failed,0.33469106557869915
1095,8,-0.3086238403320313,0,0,failed,0.33435637451312045
1096,4,-0.0975955200195313,0,0,failed,0.3340220181386073
1097,18,9.015338287353515,10,0,one_apple,0.33368799612046873
1098,30,28.700332824707022,10,0,one_apple,0.33335430812434824
1099,14,-20.558235229492187,0,0,failed,0.3330209538162239
1100,50,27.70238523864745,10,0,one_apple,0.33268793286240766
1101,29,8.740794189453123,10,0,one_apple,0.33235524492954527
1102,8,9.752404479980468,10,0,one_apple,0.33202288968461574
1103,30,-21.563163574218752,0,0,failed,0.33169086679493115
1104,9,-0.44824871826171875,0,0,failed,0.33135917592813624
1105,10,-0.4893817749023438,0,0,failed,0.3310278167522081
1106,46,27.49004760742185,10,0,one_apple,0.3306967889354559
1107,25,29.151702758789057,10,0,one_apple,0.33036609214652046
1108,5,-0.0975955200195313,0,0,failed,0.3300357260543739
1109,8,9.752404479980468,10,0,one_apple,0.32970569032831953
1110,27,8.530295043945308,10,0,one_apple,0.3293759846379912
1111,58,27.058924743652316,10,0,one_apple,0.3290466086533532
1112,9,-20.41623779296875,0,0,failed,0.3287175620446999
1113,16,-20.860546508789064,0,0,failed,0.32838884448265515
1114,18,-0.7841842346191407,10,0,one_apple,0.3280604556381725
1115,16,9.540898681640623,10,0,one_apple,0.32773239518253433
1116,9,29.702404479980466,10,0,one_apple,0.3274046627873518
1117,31,8.816318481445304,10,0,one_apple,0.32707725812456445
1118,31,-1.6979857177734374,0,0,failed,0.32675018086643987
1119,17,-0.5760658569335938,10,0,one_apple,0.32642343068557345
1120,8,9.752404479980468,10,0,one_apple,0.3260970072548879
1121,34,28.490153320312487,10,0,one_apple,0.325770910247633
1122,25,-21.53176760864258,0,0,failed,0.32544513933738534
1123,14,9.419356872558591,10,0,one_apple,0.3251196941980479
1124,9,-0.29759552001953127,0,0,failed,0.32479457450384985
1125,61,27.0058603210449,10,0,one_apple,0.324469779929346
1126,12,-0.5340957641601565,0,0,failed,0.32414531014941667
1127,7,-20.34759552001953,0,0,failed,0.32382116483926726
1128,47,8.053361633300764,10,0,one_apple,0.323497343674428
1129,9,-20.413911193847657,0,0,failed,0.3231738463307536
1130,15,-20.634007965087893,0,0,failed,0.32285067248442284
1131,8,-0.1975955200195313,0,0,failed,0.3225278218119384
1132,22,28.925624420166013,10,0,one_apple,0.3222052939901265
1133,9,-0.3342604980468751,0,0,failed,0.32188308869613635
1134,55,27.023152526855448,10,0,one_apple,0.3215612056074402
1135,26,-21.34376858520508,0,0,failed,0.3212396444018328
1136,27,28.941016479492188,10,0,one_apple,0.32091840475743094
1137,7,-20.34759552001953,0,0,failed,0.3205974863526735
1138,7,-20.34759552001953,0,0,failed,0.32027688886632083
1139,8,-20.28881787109375,0,0,failed,0.3199566119774545
1140,45,-22.157093902587892,0,0,failed,0.31963665536547703
1141,26,-21.583214477539062,0,0,failed,0.31931701871011153
1142,12,29.46649835205078,10,0,one_apple,0.3189977016914014
1143,20,9.157178955078123,10,0,one_apple,0.31867870398971
1144,17,-20.73366371154785,0,0,failed,0.31836002528572027
1145,12,-0.4815242919921876,0,0,failed,0.31804166526043454
1146,9,-0.43251043701171876,0,0,failed,0.3177236235951741
1147,10,-0.40043884277343744,0,0,failed,0.3174058999715789
1148,12,-0.4847973632812502,0,0,failed,0.31708849407160733
1149,65,26.531159881591773,10,0,one_apple,0.31677140557753575
1150,16,29.037312011718747,10,0,one_apple,0.31645463417195824
1151,8,-20.372761291503906,0,0,failed,0.3161381795377863
1152,11,-0.4829177246093751,0,0,failed,0.3158220413582485
1153,28,-1.4754838256835938,0,0,failed,0.3155062193168902
1154,26,8.910863769531248,10,0,one_apple,0.31519071309757335
1155,23,-1.129257568359375,0,0,failed,0.3148755223844758
1156,27,28.702708679199212,10,0,one_apple,0.31456064686209134
1157,10,29.669024963378906,10,0,one_apple,0.31424608621522926
1158,16,29.422950592041012,10,0,one_apple,0.31393184012901404
1159,12,29.602404479980468,10,0,one_apple,0.31361790828888503
1160,9,-0.39759552001953125,0,0,failed,0.31330429038059615
1161,20,-21.042122650146485,0,0,failed,0.31299098609021553
1162,16,-0.70008056640625,10,0,one_apple,0.3126779951041253
1163,16,9.461301025390622,10,0,one_apple,0.31236531710902116
1164,41,27.787687866210934,10,0,one_apple,0.3120529517919121
1165,42,28.262793899536128,10,0,one_apple,0.3117408988401202
1166,25,28.761880889892574,10,0,one_apple,0.31142915794128007
1167,19,-0.907781494140625,0,0,failed,0.31111772878333877
1168,9,-0.20798947143554689,10,0,one_apple,0.3108066110545554
1169,23,29.19279077148437,10,0,one_apple,0.3104958044435009
1170,42,28.082837524414046,10,0,one_apple,0.3101853086390574
1171,5,-20.247595520019534,0,0,failed,0.30987512333041833
1172,22,-21.212811004638674,0,0,failed,0.3095652482070879
1173,12,-20.647595520019532,0,0,failed,0.30925568295888084
1174,26,8.699830291748043,10,0,one_apple,0.308946427275922
1175,9,-0.3223533935546875,0,0,failed,0.30863748084864606
1176,17,-0.7335731201171874,0,0,failed,0.3083288433677974
1177,9,-0.3157740478515626,0,0,failed,0.30802051452442963
1178,76,6.4229388122558255,10,0,one_apple,0.3077124940099052
1179,21,29.018365753173818,10,0,one_apple,0.3074047815158953
1180,11,-0.46122644042968763,0,0,failed,0.30709737673437937
1181,26,-1.2014085083007815,10,0,one_apple,0.30679027935764497
1182,22,29.16171279907226,10,0,one_apple,0.3064834890782873
1183,17,29.54588647460937,10,0,one_apple,0.306177005589209
1184,10,-0.4525557250976564,0,0,failed,0.3058708285836198
1185,12,-20.559096130371096,0,0,failed,0.30556495775503617
1186,26,29.30980403137207,10,0,one_apple,0.30525939279728115
1187,25,28.91316513061523,10,0,one_apple,0.30495413340448385
1188,8,9.752404479980468,10,0,one_apple,0.3046491792710794
1189,25,-1.0228482055664063,0,0,failed,0.3043445300918083
1190,8,9.752404479980468,10,0,one_apple,0.30404018556171647
1191,16,-0.629540283203125,0,0,failed,0.30373614537615473
1192,23,-0.7701171569824219,10,0,one_apple,0.3034324092307786
1193,284,145.86434448242173,20,1,complete,0.3031289768215478
1194,17,-20.947692291259767,0,0,failed,0.30282584784472627
1195,23,29.144149841308586,10,0,one_apple,0.3025230219968815
1196,13,9.312002197265624,10,0,one_apple,0.3022204989748846
1197,41,27.896087493896477,10,0,one_apple,0.30191827847590974
1198,33,28.691230255126946,10,0,one_apple,0.3016163601974338
1199,24,-1.0301111755371093,0,0,failed,0.3013147438372364
1200,8,9.752404479980468,10,0,one_apple,0.3010134290933992
1201,8,9.752404479980468,10,0,one_apple,0.3007124156643058
1202,12,-0.5975955200195312,0,0,failed,0.30041170324864147
1203,26,28.938419464111323,10,0,one_apple,0.30011129154539284
1204,8,-20.447595520019533,0,0,failed,0.29981118025384745
1205,18,29.455901519775388,10,0,one_apple,0.2995113690735936
1206,17,29.649877441406247,10,0,one_apple,0.29921185770452
1207,7,-0.1975955200195313,10,0,one_apple,0.2989126458468155
1208,26,-1.2819942016601564,0,0,failed,0.2986137332009687
1209,19,-0.994720947265625,0,0,failed,0.29831511946776773
1210,41,-2.341707611083985,0,0,failed,0.29801680434829997
1211,11,-20.432770935058596,0,0,failed,0.29771878754395165
1212,24,29.229820648193357,10,0,one_apple,0.29742106875640767
1213,8,-0.2082352294921875,0,0,failed,0.29712364768765126
1214,52,27.60902813720701,10,0,one_apple,0.2968265240399636
1215,44,8.072015624999981,10,0,one_apple,0.2965296975159237
1216,8,-0.2082352294921875,0,0,failed,0.29623316781840775
1217,14,-20.780307830810546,0,0,failed,0.29593693465058934
1218,47,27.876881408691393,10,0,one_apple,0.29564099771593877
1219,20,29.187714477539053,10,0,one_apple,0.2953453567182228
1220,18,-0.8501934204101563,0,0,failed,0.2950500113615046
1221,27,8.575852569580075,10,0,one_apple,0.2947549613501431
1222,42,28.004776550292956,10,0,one_apple,0.294460206388793
1223,15,9.19230044555664,10,0,one_apple,0.2941657461824042
1224,44,-1.97546371459961,10,0,one_apple,0.2938715804362218
1225,19,-0.9795209960937502,0,0,failed,0.2935777088557856
1226,24,8.851236999511713,10,0,one_apple,0.2932841311469298
1227,9,-20.474236877441406,0,0,failed,0.2929908470157829
1228,18,-20.654982818603518,0,0,failed,0.2926978561687671
1229,23,-0.9848638305664066,0,0,failed,0.29240515831259833
1230,18,-0.7039433593750001,0,0,failed,0.29211275315428575
1231,35,8.05677923583984,10,0,one_apple,0.2918206404011315
1232,9,-0.33097503662109384,0,0,failed,0.29152881976073036
1233,5,-0.0975955200195313,0,0,failed,0.2912372909409696
1234,35,-1.9017148437500007,0,0,failed,0.2909460536500286
1235,8,9.70540505981445,10,0,one_apple,0.2906551075963786
1236,19,-20.85846697998047,0,0,failed,0.2903644524887822
1237,36,28.36624963378905,10,0,one_apple,0.2900740880362934
1238,281,146.08383837890614,20,1,complete,0.28978401394825715
1239,24,29.25151293945312,10,0,one_apple,0.2894942299343089
1240,23,-1.0028320312499999,0,0,failed,0.2892047357043746
1241,21,-1.049346008300781,0,0,failed,0.28891553096867023
1242,15,9.16756335449218,10,0,one_apple,0.2886266154377016
1243,7,-20.25,0,0,failed,0.28833798882226386
1244,5,-0.1309750366210938,0,0,failed,0.2880496508334416
1245,70,6.493756347656216,10,0,one_apple,0.28776160118260813
1246,20,9.061779998779294,10,0,one_apple,0.2874738395814255
1247,58,27.319510375976552,10,0,one_apple,0.2871863657418441
1248,9,-0.3263246765136719,0,0,failed,0.28689917937610226
1249,23,-1.196869812011719,0,0,failed,0.2866122801967262
1250,16,29.221990783691403,10,0,one_apple,0.28632566791652947
1251,49,27.573052795410142,10,0,one_apple,0.28603934224861294
1252,47,27.663414855957026,10,0,one_apple,0.2857533029063643
1253,19,-0.8463902587890625,0,0,failed,0.28546754960345794
1254,24,-1.0221270751953127,0,0,failed,0.2851820820538545
1255,35,-1.7644920043945318,0,0,failed,0.2848968999718006
1256,11,-0.5147169189453126,0,0,failed,0.2846120030718288
1257,18,9.23163751220703,10,0,one_apple,0.284327391068757
1258,10,-0.5,0,0,failed,0.2840430636776882
1259,16,-0.9758749389648437,0,0,failed,0.28375902061401054
1260,11,-0.5641913452148437,0,0,failed,0.28347526159339653
1261,13,-0.5580616455078125,0,0,failed,0.28319178633180314
1262,26,-0.9564733581542968,0,0,failed,0.28290859454547135
1263,13,-0.6624639892578126,0,0,failed,0.28262568595092585
1264,47,7.506447296142575,10,0,one_apple,0.2823430602649749
1265,8,-20.372761291503906,0,0,failed,0.28206071720470993
1266,48,27.71304522705077,10,0,one_apple,0.2817786564875052
1267,15,9.257241516113279,10,0,one_apple,0.28149687783101773
1268,35,28.499707519531242,10,0,one_apple,0.2812153809531867
1269,18,29.18325384521484,10,0,one_apple,0.28093416557223355
1270,26,8.739797729492185,10,0,one_apple,0.2806532314066613
1271,4,-0.0082352294921875,0,0,failed,0.2803725781752547
1272,7,-0.20810290527343758,0,0,failed,0.2800922055970794
1273,24,9.032329132080076,10,0,one_apple,0.2798121133914823
1274,21,-1.0385035400390625,0,0,failed,0.2795323012780908
1275,36,28.278535095214846,10,0,one_apple,0.2792527689768127
1276,17,29.394108154296873,10,0,one_apple,0.2789735162078359
1277,76,25.77940820312497,10,0,one_apple,0.2786945426916281
1278,37,-1.7312723999023438,0,0,failed,0.27841584814893644
1279,24,8.67780145263671,10,0,one_apple,0.2781374323007875
1280,10,-0.48458154296875,0,0,failed,0.27785929486848676
1281,16,29.336861434936523,10,0,one_apple,0.27758143557361825
1282,15,9.14465921020507,10,0,one_apple,0.27730385413804465
1283,15,29.356152709960934,10,0,one_apple,0.2770265502839066
1284,17,29.046605987548826,10,0,one_apple,0.2767495237336227
1285,11,-0.4907680053710938,0,0,failed,0.2764727742098891
1286,9,-0.5049132080078126,0,0,failed,0.2761963014356792
1287,63,6.685514099121072,10,0,one_apple,0.27592010513424353
1288,36,-1.6728048095703127,0,0,failed,0.2756441850291093
1289,16,-0.7073983154296875,10,0,one_apple,0.2753685408440802
1290,5,-0.1309750366210938,0,0,failed,0.2750931723032361
1291,31,28.44062127685546,10,0,one_apple,0.27481807913093287
1292,15,-0.67074267578125,0,0,failed,0.27454326105180193
1293,13,-0.5388850708007811,0,0,failed,0.2742687177907501
1294,10,-0.4154139404296877,0,0,failed,0.2739944490729594
1295,8,-0.37656884765625015,0,0,failed,0.27372045462388644
1296,22,28.80869705200195,10,0,one_apple,0.2734467341692626
1297,60,-2.983891723632812,0,0,failed,0.27317328743509334
1298,13,29.389531372070305,10,0,one_apple,0.27290011414765825
1299,43,27.872213073730453,10,0,one_apple,0.2726272140335106
1300,9,-20.50776239013672,0,0,failed,0.27235458681947705
1301,17,9.254480392456054,10,0,one_apple,0.2720822322326576
1302,37,28.282351898193358,10,0,one_apple,0.2718101500004249
1303,13,9.390393463134766,10,0,one_apple,0.27153833985042447
1304,16,29.39147930908203,10,0,one_apple,0.27126680151057403
1305,16,9.343503601074218,10,0,one_apple,0.27099553470906346
1306,23,29.130542175292966,10,0,one_apple,0.2707245391743544
1307,5,-0.1309750366210938,0,0,failed,0.27045381463518003
1308,15,-0.5945255126953126,10,0,one_apple,0.27018336082054484
1309,39,7.958433898925776,10,0,one_apple,0.2699131774597243
1310,28,28.70826879882812,10,0,one_apple,0.2696432642822646
1311,7,-20.34759552001953,0,0,failed,0.26937362101798235
1312,24,-1.144223815917969,0,0,failed,0.26910424739696437
1313,29,8.667992675781239,10,0,one_apple,0.2688351431495674
1314,11,-20.55521759033203,0,0,failed,0.26856630800641784
1315,30,28.675965026855458,10,0,one_apple,0.2682977416984114
1316,9,-0.35009912109374997,0,0,failed,0.268029443956713
1317,14,29.261606018066402,10,0,one_apple,0.2677614145127563
1318,25,28.474175476074215,10,0,one_apple,0.2674936530982436
1319,33,8.386653076171868,10,0,one_apple,0.26722615944514533
1320,15,9.552027297973632,10,0,one_apple,0.2669589332857002
1321,10,-0.41430535888671877,0,0,failed,0.2666919743524145
1322,14,-20.647595520019532,0,0,failed,0.26642528237806207
1323,11,-0.4277606811523438,0,0,failed,0.266158857095684
1324,9,-0.3280079956054688,0,0,failed,0.2658926982385883
1325,18,-0.9110174560546874,0,0,failed,0.26562680554034973
1326,16,29.39728381347656,10,0,one_apple,0.26536117873480936
1327,9,-20.546482666015624,0,0,failed,0.26509581755607453
1328,29,28.461868682861326,10,0,one_apple,0.26483072173851846
1329,10,-0.41793975830078123,0,0,failed,0.26456589101677996
1330,7,-20.318001586914065,0,0,failed,0.2643013251257632
1331,15,-0.5916892700195313,10,0,one_apple,0.2640370238006374
1332,7,-20.26711383056641,0,0,failed,0.2637729867768368
1333,16,9.120270141601555,10,0,one_apple,0.26350921379006
1334,5,-0.0975955200195313,0,0,failed,0.26324570457626995
1335,18,-0.62389404296875,10,0,one_apple,0.2629824588716937
1336,16,9.39171673583984,10,0,one_apple,0.262719476412822
1337,19,-20.967079528808593,0,0,failed,0.2624567569364092
1338,34,28.518847564697253,10,0,one_apple,0.26219430017947276
1339,5,-0.0975955200195313,0,0,failed,0.2619321058792933
1340,5,-0.0975955200195313,0,0,failed,0.261670173773414
1341,8,9.70540505981445,10,0,one_apple,0.2614085035996406
1342,17,-20.883412963867187,0,0,failed,0.26114709509604095
1343,5,-0.0975955200195313,0,0,failed,0.2608859480009449
1344,5,-0.0975955200195313,0,0,failed,0.26062506205294395
1345,6,-0.0975955200195313,0,0,failed,0.260364436990891
1346,16,-20.760958190917968,0,0,failed,0.2601040725539001
1347,10,-0.5421072998046875,0,0,failed,0.2598439684813462
1348,30,8.526925231933582,10,0,one_apple,0.2595841245128649
1349,9,-0.3745578308105469,0,0,failed,0.259324540388352
1350,65,26.834276519775358,10,0,one_apple,0.25906521584796366
1351,6,-0.0975955200195313,0,0,failed,0.2588061506321157
1352,28,8.507158096313471,10,0,one_apple,0.2585473444814836
1353,26,-21.330497619628908,0,0,failed,0.2582887971370021
1354,93,25.244736785888644,10,0,one_apple,0.2580305083398651
1355,25,29.075774871826166,10,0,one_apple,0.2577724778315252
1356,31,28.36902853393554,10,0,one_apple,0.25751470535369364
1357,16,9.345355880737301,10,0,one_apple,0.25725719064833996
1358,6,-0.0975955200195313,0,0,failed,0.2569999334576916
1359,16,29.1694917602539,10,0,one_apple,0.25674293352423394
1360,5,-0.0975955200195313,0,0,failed,0.2564861905907097
1361,46,7.693542846679666,10,0,one_apple,0.256229704400119
1362,42,28.140655578613273,10,0,one_apple,0.25597347469571885
1363,6,-0.0975955200195313,0,0,failed,0.25571750122102316
1364,5,-0.0975955200195313,0,0,failed,0.25546178371980216
1365,34,28.70994827270507,10,0,one_apple,0.25520632193608234
1366,28,28.65428332519531,10,0,one_apple,0.25495111561414624
1367,25,28.605499450683592,10,0,one_apple,0.2546961644985321
1368,14,29.3918935546875,10,0,one_apple,0.2544414683340336
1369,6,-0.0975955200195313,0,0,failed,0.25418702686569955
1370,23,-1.260183563232422,0,0,failed,0.25393283983883386
1371,27,8.822857910156245,10,0,one_apple,0.25367890699899504
1372,5,-0.0975955200195313,0,0,failed,0.253425228091996
1373,11,-0.4916627807617188,0,0,failed,0.253171802863904
1374,5,-0.0975955200195313,0,0,failed,0.2529186310610401
1375,16,9.161182800292966,10,0,one_apple,0.2526657124299791
1376,17,29.41136975097656,10,0,one_apple,0.2524130467175491
1377,34,28.62264239501953,10,0,one_apple,0.2521606336708316
1378,52,27.4942243041992,10,0,one_apple,0.25190847303716074
1379,18,29.340598632812497,10,0,one_apple,0.25165656456412355
1380,12,-0.5359060668945315,0,0,failed,0.25140490799955945
1381,17,9.236309204101559,10,0,one_apple,0.25115350309155987
1382,15,29.138542846679684,10,0,one_apple,0.2509023495884683
1383,10,-0.39038867187500004,0,0,failed,0.25065144723887983
1384,29,28.68795629882812,10,0,one_apple,0.25040079579164093
1385,42,28.489880676269525,10,0,one_apple,0.2501503949958493
1386,16,29.276932434082028,10,0,one_apple,0.24990024460085344
1387,10,-0.4975955200195312,0,0,failed,0.24965034435625258
1388,6,-0.0975955200195313,0,0,failed,0.24940069401189632
1389,24,-1.375552612304688,0,0,failed,0.24915129331788444
1390,7,-20.247595520019534,0,0,failed,0.24890214202456656
1391,19,9.214165863037106,10,0,one_apple,0.248653239882542
1392,8,-20.43539587402344,0,0,failed,0.24840458664265946
1393,14,29.47460690307617,10,0,one_apple,0.2481561820560168
1394,20,-21.04509619140625,0,0,failed,0.2479080258739608
1395,9,-20.247595520019534,0,0,failed,0.24766011784808684
1396,16,29.376843688964843,10,0,one_apple,0.24741245773023876
1397,17,29.309611328124998,10,0,one_apple,0.24716504527250852
1398,6,-0.0975955200195313,0,0,failed,0.24691788022723601
1399,9,-0.2660026245117188,0,0,failed,0.24667096234700878
1400,6,-0.0975955200195313,0,0,failed,0.24642429138466176
1401,14,9.452404479980466,10,0,one_apple,0.2461778670932771
1402,9,-0.2251363525390626,0,0,failed,0.24593168922618383
1403,6,-0.20810290527343758,0,0,failed,0.24568575753695765
1404,6,-0.0975955200195313,0,0,failed,0.2454400717794207
1405,17,29.13174307250976,10,0,one_apple,0.24519463170764128
1406,16,29.237974655151362,10,0,one_apple,0.24494943707593364
1407,31,28.736599060058587,10,0,one_apple,0.24470448763885772
1408,6,-0.0975955200195313,0,0,failed,0.24445978315121886
1409,5,-0.0975955200195313,0,0,failed,0.24421532336806764
1410,12,29.602404479980464,10,0,one_apple,0.24397110804469957
1411,16,9.505626220703125,10,0,one_apple,0.24372713693665488
1412,5,-0.0975955200195313,0,0,failed,0.24348340979971822
1413,19,-20.809489959716796,0,0,failed,0.2432399263899185
1414,5,-0.0975955200195313,0,0,failed,0.2429966864635286
1415,32,8.547308792114254,10,0,one_apple,0.24275368977706507
1416,11,29.555087402343748,10,0,one_apple,0.24251093608728802
1417,17,9.199536102294918,10,0,one_apple,0.24226842515120073
1418,10,-0.3560579528808596,0,0,failed,0.24202615672604952
1419,51,27.6500054321289,10,0,one_apple,0.24178413056932346
1420,22,-21.103992340087892,0,0,failed,0.24154234643875414
1421,44,27.868895629882807,10,0,one_apple,0.24130080409231539
1422,18,29.119252868652342,10,0,one_apple,0.24105950328822306
1423,12,-0.5540488281250001,0,0,failed,0.24081844378493483
1424,12,29.305193664550778,10,0,one_apple,0.2405776253411499
1425,58,27.363690948486312,10,0,one_apple,0.24033704771580874
1426,9,-20.478721313476562,0,0,failed,0.24009671066809293
1427,24,-21.347615020751952,0,0,failed,0.23985661395742483
1428,6,-0.0975955200195313,0,0,failed,0.2396167573434674
1429,7,-20.34759552001953,0,0,failed,0.23937714058612394
1430,24,-21.240744522094726,0,0,failed,0.23913776344553783
1431,17,-0.8333347778320312,0,0,failed,0.2388986256820923
1432,5,-0.0975955200195313,0,0,failed,0.2386597270564102
1433,9,-0.39759552001953125,0,0,failed,0.23842106732935378
1434,14,9.262682312011716,10,0,one_apple,0.23818264626202443
1435,11,-0.43884301757812505,0,0,failed,0.2379444636157624
1436,13,9.439637573242184,10,0,one_apple,0.23770651915214663
1437,36,28.370982055664058,10,0,one_apple,0.2374688126329945
1438,13,-0.5944025878906251,0,0,failed,0.23723134382036148
1439,56,27.01378393554686,10,0,one_apple,0.23699411247654112
1440,9,-20.337252960205078,0,0,failed,0.23675711836406457
1441,27,8.704806182861322,10,0,one_apple,0.2365203612457005
1442,17,8.992023864746091,10,0,one_apple,0.2362838408844548
1443,23,8.70878427124023,10,0,one_apple,0.23604755704357036
1444,28,8.57223614501953,10,0,one_apple,0.2358115094865268
1445,14,9.196877990722651,10,0,one_apple,0.23557569797704025
1446,14,9.15936175537109,10,0,one_apple,0.2353401222790632
1447,16,9.19567219543457,10,0,one_apple,0.23510478215678413
1448,9,-0.43596679687499995,0,0,failed,0.23486967737462733
1449,13,9.365884826660153,10,0,one_apple,0.2346348076972527
1450,23,8.647313995361323,10,0,one_apple,0.23440017288955545
1451,38,28.47952836608886,10,0,one_apple,0.2341657727166659
1452,14,9.198469665527341,10,0,one_apple,0.2339316069439492
1453,8,-0.3841151733398438,0,0,failed,0.23369767533700525
1454,31,28.51412884521483,10,0,one_apple,0.23346397766166824
1455,22,8.691931579589841,10,0,one_apple,0.23323051368400657
1456,20,29.290264709472652,10,0,one_apple,0.23299728317032256
1457,14,29.306755920410154,10,0,one_apple,0.23276428588715223
1458,21,29.096499908447264,10,0,one_apple,0.23253152160126508
1459,15,29.304232818603513,10,0,one_apple,0.23229899007966381
1460,9,-0.4841151733398438,0,0,failed,0.23206669108958414
1461,16,9.230029281616208,10,0,one_apple,0.23183462439849456
1462,25,28.827438537597647,10,0,one_apple,0.23160278977409607
1463,24,-1.1868366088867188,0,0,failed,0.23137118698432196
1464,6,-0.0975955200195313,0,0,failed,0.23113981579733764
1465,25,8.804713836669919,10,0,one_apple,0.2309086759815403
1466,10,-0.39759552001953125,0,0,failed,0.23067776730555875
1467,5,-0.0975955200195313,0,0,failed,0.23044708953825319
1468,4,-0.0975955200195313,0,0,failed,0.23021664244871493
1469,10,29.605109710693355,10,0,one_apple,0.22998642580626621
1470,8,-0.1975955200195313,0,0,failed,0.22975643938045995
1471,27,8.543497085571286,10,0,one_apple,0.2295266829410795
1472,11,29.555109710693355,10,0,one_apple,0.22929715625813843
1473,55,7.27034027099608,10,0,one_apple,0.2290678591018803
1474,15,9.436014724731443,10,0,one_apple,0.22883879124277842
1475,22,29.103978973388664,10,0,one_apple,0.22860995245153565
1476,16,9.272207458496087,10,0,one_apple,0.22838134249908412
1477,10,-0.2777275695800782,0,0,failed,0.22815296115658504
1478,8,-20.36487359619141,0,0,failed,0.22792480819542846
1479,19,9.047476348876952,10,0,one_apple,0.22769688338723304
1480,22,29.164158020019528,10,0,one_apple,0.22746918650384582
1481,24,8.852189788818347,10,0,one_apple,0.22724171731734197
1482,47,27.500341888427716,10,0,one_apple,0.22701447560002463
1483,10,29.605109710693355,10,0,one_apple,0.2267874611244246
1484,20,29.073136962890622,10,0,one_apple,0.22656067366330018
1485,22,-1.001973785400391,0,0,failed,0.22633411298963688
1486,37,28.097762725830073,10,0,one_apple,0.22610777887664724
1487,19,-21.036568115234374,0,0,failed,0.22588167109777058
1488,64,27.35323126220701,10,0,one_apple,0.2256557894266728
1489,12,-0.4975955200195312,0,0,failed,0.22543013363724612
1490,14,9.319840118408198,10,0,one_apple,0.22520470350360888
1491,20,-0.7810740966796876,0,0,failed,0.2249794988001053
1492,6,-0.0975955200195313,0,0,failed,0.2247545193013052
1493,10,29.605109710693355,10,0,one_apple,0.22452976478200387
1494,27,-21.23597299194336,0,0,failed,0.22430523501722185
1495,8,-0.29759552001953127,0,0,failed,0.22408092978220462
1496,9,29.705109710693357,10,0,one_apple,0.2238568488524224
1497,19,-20.95002264404297,0,0,failed,0.22363299200356998
1498,12,-0.589028076171875,0,0,failed,0.22340935901156642
1499,16,-0.5637715454101562,10,0,one_apple,0.22318594965255484
1500,5,-0.0975955200195313,0,0,failed,0.22296276370290227
1501,10,-0.42036267089843754,0,0,failed,0.22273980093919937
1502,12,-0.58975439453125,0,0,failed,0.22251706113826017
1503,15,9.352404479980464,10,0,one_apple,0.2222945440771219
1504,14,9.555109710693355,10,0,one_apple,0.22207224953304477
1505,108,25.166345321655236,10,0,one_apple,0.22185017728351172
1506,11,-20.525357513427736,0,0,failed,0.2216283271062282
1507,13,29.60508740234375,10,0,one_apple,0.22140669877912197
1508,27,28.97831344604491,10,0,one_apple,0.22118529208034285
1509,13,29.39597827148437,10,0,one_apple,0.2209641067882625
1510,19,-0.9712052307128907,0,0,failed,0.22074314268147424
1511,12,29.605109710693355,10,0,one_apple,0.22052239953879277
1512,68,6.539399475097632,10,0,one_apple,0.22030187713925398
1513,27,28.936031494140614,10,0,one_apple,0.22008157526211472
1514,63,26.851113037109343,10,0,one_apple,0.2198614936868526
1515,5,-0.0975955200195313,0,0,failed,0.21964163219316574
1516,41,28.156068054199203,10,0,one_apple,0.21942199056097256
1517,6,-0.0975955200195313,0,0,failed,0.2192025685704116
1518,19,9.15890112304687,10,0,one_apple,0.21898336600184118
1519,26,8.615678588867187,10,0,one_apple,0.21876438263583933
1520,11,-0.6082567138671875,0,0,failed,0.21854561825320348
1521,6,-0.0975955200195313,0,0,failed,0.21832707263495027
1522,61,27.094644531249987,10,0,one_apple,0.21810874556231533
1523,5,-0.0975955200195313,0,0,failed,0.217890636816753
1524,19,29.213497055053708,10,0,one_apple,0.21767274617993623
1525,9,-0.3162937927246094,0,0,failed,0.2174550734337563
1526,49,27.842427246093745,10,0,one_apple,0.21723761836032254
1527,56,-3.2110604248046886,0,0,failed,0.21702038074196223
1528,22,-1.031102478027344,0,0,failed,0.21680336036122028
1529,11,-20.575129669189455,0,0,failed,0.21658655700085905
1530,5,-0.0975955200195313,0,0,failed,0.2163699704438582
1531,6,-0.0975955200195313,0,0,failed,0.21615360047341434
1532,7,-0.2204652099609376,0,0,failed,0.21593744687294092
1533,10,-0.44380413818359377,0,0,failed,0.21572150942606796
1534,32,28.546662506103512,10,0,one_apple,0.2155057879166419
1535,15,29.28127487182617,10,0,one_apple,0.21529028212872525
1536,11,-0.5558105163574218,0,0,failed,0.21507499184659654
1537,14,9.259929260253902,10,0,one_apple,0.21485991685474995
1538,10,-20.544820556640627,0,0,failed,0.2146450569378952
1539,13,9.20608038330078,10,0,one_apple,0.21443041188095732
1540,10,-0.5841151733398438,0,0,failed,0.21421598146907636
1541,10,29.605109710693355,10,0,one_apple,0.21400176548760727
1542,11,29.649545593261717,10,0,one_apple,0.21378776372211966
1543,26,8.999355285644526,10,0,one_apple,0.21357397595839755
1544,14,-0.5685026245117187,0,0,failed,0.21336040198243916
1545,30,28.82543264770507,10,0,one_apple,0.21314704158045672
1546,37,28.142282867431636,10,0,one_apple,0.21293389453887626
1547,16,29.36846527099609,10,0,one_apple,0.21272096064433738
1548,25,8.578520187377926,10,0,one_apple,0.21250823968369303
1549,14,9.377787963867185,10,0,one_apple,0.21229573144400934
1550,28,28.70378994750976,10,0,one_apple,0.21208343571256533
1551,13,-0.32097229003906264,0,0,failed,0.21187135227685275
1552,15,9.255373748779295,10,0,one_apple,0.2116594809245759
1553,45,27.729785766601545,10,0,one_apple,0.21144782144365132
1554,15,-20.978592834472657,0,0,failed,0.21123637362220768
1555,23,28.766297180175776,10,0,one_apple,0.21102513724858546
1556,33,28.490208770751952,10,0,one_apple,0.21081411211133688
1557,12,-20.676106445312502,0,0,failed,0.21060329799922556
1558,14,29.621344970703124,10,0,one_apple,0.21039269470122635
1559,16,29.282545928955074,10,0,one_apple,0.21018230200652513
1560,59,27.454029846191396,10,0,one_apple,0.2099721197045186
1561,32,28.34562731933593,10,0,one_apple,0.20976214758481407
1562,9,-0.36323211669921884,0,0,failed,0.20955238543722926
1563,22,8.977602355957025,10,0,one_apple,0.20934283305179202
1564,38,27.957532043457025,10,0,one_apple,0.20913349021874023
1565,16,29.458143432617184,10,0,one_apple,0.2089243567285215
1566,16,29.37468597412109,10,0,one_apple,0.20871543237179296
1567,17,9.317367065429682,10,0,one_apple,0.20850671693942116
1568,19,29.061826461791988,10,0,one_apple,0.20829821022248174
1569,9,-0.29759552001953127,0,0,failed,0.20808991201225926
1570,15,29.474763916015622,10,0,one_apple,0.207881822100247
1571,37,28.276414443969724,10,0,one_apple,0.20767394027814676
1572,22,-21.043383911132814,0,0,failed,0.2074662663378686
1573,16,29.40407550048828,10,0,one_apple,0.20725880007153075
1574,30,8.737793457031245,10,0,one_apple,0.20705154127145922
1575,13,29.32698931884765,10,0,one_apple,0.20684448973018776
1576,25,28.755120117187495,10,0,one_apple,0.20663764524045758
1577,14,29.302404479980463,10,0,one_apple,0.20643100759521713
1578,10,-0.4879562377929688,0,0,failed,0.20622457658762192
1579,25,28.88988613891601,10,0,one_apple,0.2060183520110343
1580,25,28.831620788574217,10,0,one_apple,0.20581233365902327
1581,18,29.21583102416992,10,0,one_apple,0.20560652132536425
1582,13,9.452404479980466,10,0,one_apple,0.20540091480403888
1583,9,29.78743212890625,10,0,one_apple,0.20519551388923485
1584,15,9.110201889038086,10,0,one_apple,0.20499031837534562
1585,16,9.547728210449215,10,0,one_apple,0.20478532805697028
1586,14,29.380276245117184,10,0,one_apple,0.2045805427289133
1587,24,8.842468444824217,10,0,one_apple,0.20437596218618437
1588,24,28.842978698730466,10,0,one_apple,0.2041715862239982
1589,18,29.22998086547851,10,0,one_apple,0.2039674146377742
1590,18,29.33717967224121,10,0,one_apple,0.20376344722313644
1591,13,29.32698931884765,10,0,one_apple,0.2035596837759133
1592,427,138.96373759460437,20,1,complete,0.20335612409213738
1593,15,29.360407073974606,10,0,one_apple,0.20315276796804524
1594,41,27.69777584838867,10,0,one_apple,0.2029496152000772
1595,44,27.94835693359375,10,0,one_apple,0.20274666558487714
1596,10,-0.3918565673828126,0,0,failed,0.20254391891929227
1597,22,28.99187008666992,10,0,one_apple,0.20234137500037297
1598,10,-0.3918565673828126,0,0,failed,0.20213903362537258
1599,10,-0.3918565673828126,0,0,failed,0.2019368945917472
1600,15,9.222233581542966,10,0,one_apple,0.20173495769715546
1601,19,8.921517517089839,10,0,one_apple,0.2015332227394583
1602,10,-0.3918565673828126,0,0,failed,0.20133168951671884
1603,20,-0.8213257446289064,0,0,failed,0.20113035782720212
1604,22,29.303329895019527,10,0,one_apple,0.20092922746937492
1605,28,28.602556030273433,10,0,one_apple,0.20072829824190555
1606,13,-0.4470758666992188,0,0,failed,0.20052756994366364
1607,19,-0.9739202270507813,0,0,failed,0.20032704237371998
1608,21,-1.0023786315917969,0,0,failed,0.20012671533134627
1609,20,-0.9354320373535155,0,0,failed,0.19992658861601492
1610,28,8.663945617675775,10,0,one_apple,0.19972666202739892
1611,15,-0.7252253112792969,10,0,one_apple,0.19952693536537153
1612,15,9.383155639648436,10,0,one_apple,0.19932740843000615
1613,31,28.5088110961914,10,0,one_apple,0.19912808102157614
1614,60,27.031021179199215,10,0,one_apple,0.19892895294055457
1615,28,28.796439727783202,10,0,one_apple,0.19873002398761402
1616,21,-0.9874794464111327,0,0,failed,0.1985312939636264
1617,9,-20.411008911132814,0,0,failed,0.19833276266966277
1618,10,-0.4125538940429688,0,0,failed,0.1981344299069931
1619,8,-0.3195366210937501,0,0,failed,0.1979362954770861
1620,10,-0.29960748291015626,0,0,failed,0.197738359181609
1621,8,-0.1996074829101563,0,0,failed,0.1975406208224274
1622,21,29.473440948486328,10,0,one_apple,0.197343080201605
1623,21,-0.8418055114746094,0,0,failed,0.19714573712140337
1624,8,-0.2017068481445313,0,0,failed,0.19694859138428197
1625,15,9.176345703124994,10,0,one_apple,0.1967516427928977
1626,56,27.49680456542968,10,0,one_apple,0.1965548911501048
1627,22,29.208143432617184,10,0,one_apple,0.19635833625895469
1628,56,-2.89825750732422,0,0,failed,0.19616197792269574
1629,32,-1.549763305664063,0,0,failed,0.19596581594477305
1630,76,26.33117529296874,20,1,complete,0.19576985012882828
1631,11,-0.5525557250976564,0,0,failed,0.19557408027869944
1632,18,29.274556488037106,10,0,one_apple,0.19537850619842073
1633,27,-1.3585933227539064,0,0,failed,0.19518312769222232
1634,13,9.325317382812496,10,0,one_apple,0.19498794456453009
1635,64,6.673794158935543,10,0,one_apple,0.19479295661996557
1636,60,-3.047384613037111,0,0,failed,0.1945981636633456
1637,17,-0.7711722412109376,0,0,failed,0.19440356549968224
1638,46,27.819101226806623,10,0,one_apple,0.19420916193418256
1639,45,-22.360154022216797,0,0,failed,0.19401495277224837
1640,40,-2.0383118896484382,0,0,failed,0.19382093781947612
1641,28,-1.413379608154297,0,0,failed,0.19362711688165665
1642,21,-1.0401832580566408,0,0,failed,0.193433489764775
1643,34,28.39119818115234,10,0,one_apple,0.19324005627501023
1644,38,-22.10193609619141,0,0,failed,0.1930468162187352
1645,9,-0.4133586425781251,0,0,failed,0.19285376940251647
1646,12,29.549644104003903,10,0,one_apple,0.19266091563311397
1647,42,27.76956826782226,10,0,one_apple,0.19246825471748086
1648,16,9.411570312499999,10,0,one_apple,0.1922757864627634
1649,10,-0.2730015258789063,0,0,failed,0.1920835106763006
1650,51,27.169754104614245,10,0,one_apple,0.19189142716562432
1651,18,-1.0531294555664064,0,0,failed,0.1916995357384587
1652,9,-0.4496456909179688,0,0,failed,0.19150783620272022
1653,81,6.002445190429672,10,0,one_apple,0.1913163283665175
1654,16,-20.880644470214843,0,0,failed,0.19112501203815097
1655,18,-0.7203446655273439,0,0,failed,0.1909338870261128
1656,27,8.592579315185542,10,0,one_apple,0.19074295313908668
1657,16,-0.7337811889648438,0,0,failed,0.1905522101859476
1658,41,7.990824310302727,10,0,one_apple,0.19036165797576166
1659,7,-20.34759552001953,0,0,failed,0.1901712963177859
1660,7,-20.34759552001953,0,0,failed,0.1899811250214681
1661,8,-0.39759552001953125,0,0,failed,0.18979114389644663
1662,11,-0.5166665649414063,0,0,failed,0.1896013527525502
1663,48,27.981118194580077,10,0,one_apple,0.18941175139979763
1664,17,-0.6489735717773437,0,0,failed,0.18922233964839782
1665,19,29.331127777099606,10,0,one_apple,0.18903311730874942
1666,7,-0.1549132080078125,0,0,failed,0.18884408419144066
1667,85,5.686527923583963,10,0,one_apple,0.1886552401072492
1668,9,-0.3787187805175782,0,0,failed,0.18846658486714196
1669,22,28.950070831298827,10,0,one_apple,0.1882781182822748
1670,29,8.498495635986327,10,0,one_apple,0.18808984016399252
1671,14,-0.6862997131347657,0,0,failed,0.18790175032382853
1672,18,-20.86751254272461,0,0,failed,0.1877138485735047
1673,15,-0.6959842529296875,0,0,failed,0.1875261347249312
1674,10,-0.29759552001953127,0,0,failed,0.1873386085902063
1675,12,-0.5160026245117189,0,0,failed,0.18715126998161608
1676,10,-20.34759552001953,0,0,failed,0.18696411871163446
1677,14,-0.5063673706054688,0,0,failed,0.18677715459292282
1678,14,-0.646482666015625,0,0,failed,0.1865903774383299
1679,13,29.40406167602539,10,0,one_apple,0.18640378706089158
1680,35,8.455488235473627,10,0,one_apple,0.1862173832738307
1681,14,-0.5553294067382812,0,0,failed,0.18603116589055688
1682,10,-20.35977264404297,0,0,failed,0.18584513472466632
1683,36,28.374991027832024,10,0,one_apple,0.18565928958994166
1684,16,29.380976913452145,10,0,one_apple,0.18547363030035172
1685,15,9.119897399902342,10,0,one_apple,0.18528815667005136
1686,18,-20.786997375488284,0,0,failed,0.1851028685133813
1687,13,29.59642346191406,10,0,one_apple,0.18491776564486792
1688,19,29.21174346923828,10,0,one_apple,0.18473284787922306
1689,15,9.364046646118162,10,0,one_apple,0.18454811503134383
1690,25,8.725216339111327,10,0,one_apple,0.18436356691631248
1691,18,29.245783447265623,10,0,one_apple,0.18417920334939616
1692,14,9.321436828613276,10,0,one_apple,0.18399502414604677
1693,17,-20.731252380371096,0,0,failed,0.18381102912190073
1694,16,29.214174865722654,10,0,one_apple,0.18362721809277882
1695,13,29.317256042480466,10,0,one_apple,0.18344359087468604
1696,27,8.648710327148436,10,0,one_apple,0.18326014728381135
1697,15,9.308904541015622,10,0,one_apple,0.18307688713652753
1698,17,29.245783447265623,10,0,one_apple,0.182893810249391
1699,20,-0.9569450683593751,0,0,failed,0.1827109164391416
1700,26,28.778254028320312,10,0,one_apple,0.18252820552270246
1701,26,28.73301574707031,10,0,one_apple,0.18234567731717977
1702,11,-0.37456979370117194,0,0,failed,0.1821633316398626
1703,28,8.438098022460935,10,0,one_apple,0.18198116830822272
1704,12,9.368931213378904,10,0,one_apple,0.1817991871399145
1705,35,8.082720886230465,10,0,one_apple,0.18161738795277457
1706,9,-0.2553294067382813,0,0,failed,0.1814357705648218
1707,26,28.810803924560545,10,0,one_apple,0.18125433479425698
1708,18,-0.8544079589843749,0,0,failed,0.18107308045946272
1709,48,27.7275842590332,10,0,one_apple,0.18089200737900324
1710,37,28.107660308837886,10,0,one_apple,0.18071111537162424
1711,25,28.87905563354492,10,0,one_apple,0.1805304042562526
1712,21,29.01810475158691,10,0,one_apple,0.18034987385199636
1713,29,-21.69886865234375,0,0,failed,0.18016952397814437
1714,10,-20.61551354980469,0,0,failed,0.17998935445416622
1715,20,-20.994054260253908,0,0,failed,0.17980936509971204
1716,6,-20.147595520019532,0,0,failed,0.17962955573461234
1717,20,-21.154465820312502,0,0,failed,0.17944992617887773
1718,24,9.116000778198238,10,0,one_apple,0.17927047625269885
1719,9,29.70508740234375,10,0,one_apple,0.17909120577644616
1720,8,-0.09986505126953131,0,0,failed,0.17891211457066972
1721,11,-0.5020839080810546,0,0,failed,0.17873320245609906
1722,27,8.776805816650388,10,0,one_apple,0.17855446925364296
1723,25,8.970078002929686,10,0,one_apple,0.17837591478438933
1724,55,27.389382354736323,10,0,one_apple,0.17819753886960493
1725,10,-0.45780798339843753,0,0,failed,0.17801934133073533
1726,11,-0.45374597167968755,0,0,failed,0.17784132198940458
1727,33,-21.752070281982423,0,0,failed,0.1776634806674152
1728,14,-0.5515382080078125,10,0,one_apple,0.17748581718674777
1729,8,-0.3081029052734376,0,0,failed,0.17730833136956103
1730,22,-0.8181106567382812,0,0,failed,0.17713102303819148
1731,6,-20.147595520019532,0,0,failed,0.1769538920151533
1732,7,-0.1849023132324219,0,0,failed,0.17677693812313813
1733,48,27.64819772338867,10,0,one_apple,0.17660016118501498
1734,8,-20.33581805419922,0,0,failed,0.17642356102382997
1735,15,-20.52862921142578,0,0,failed,0.17624713746280615
1736,11,-0.3553294067382813,0,0,failed,0.17607089032534334
1737,29,-21.44892758178711,0,0,failed,0.175894819435018
1738,44,27.857832611083982,10,0,one_apple,0.17571892461558297
1739,31,8.443031738281245,10,0,one_apple,0.1755432056909674
1740,15,9.345086791992184,10,0,one_apple,0.17536766248527644
1741,30,-1.2431505432128904,0,0,failed,0.17519229482279117
1742,13,29.43287512207031,10,0,one_apple,0.17501710252796837
1743,53,-2.6613683471679694,0,0,failed,0.1748420854254404
1744,9,-0.3730106811523438,0,0,failed,0.17466724334001496
1745,34,28.565734252929683,10,0,one_apple,0.17449257609667496
1746,12,29.357148498535153,10,0,one_apple,0.1743180835205783
1747,12,-0.5867276000976565,0,0,failed,0.1741437654370577
1748,34,28.412412719726564,10,0,one_apple,0.17396962167162064
1749,14,9.412885620117184,10,0,one_apple,0.173795652049949
1750,20,-0.8266670532226562,0,0,failed,0.17362185639789907
1751,28,-1.326411041259766,0,0,failed,0.17344823454150116
1752,33,28.477007904052734,10,0,one_apple,0.17327478630695967
1753,24,28.9108420715332,10,0,one_apple,0.1731015115206527
1754,25,28.852082244873046,10,0,one_apple,0.17292841000913206
1755,36,-21.69890658569336,0,0,failed,0.17275548159912293
1756,33,8.362090270996092,10,0,one_apple,0.17258272611752382
1757,42,-1.8849367065429696,0,0,failed,0.17241014339140628
1758,49,27.65516467285156,10,0,one_apple,0.1722377332480149
1759,36,28.50526971435546,10,0,one_apple,0.17206549551476688
1760,9,-0.36323211669921884,0,0,failed,0.1718934300192521
1761,13,9.464733886718747,10,0,one_apple,0.17172153658923286
1762,8,-20.247595520019534,0,0,failed,0.17154981505264363
1763,24,-1.2116345214843751,0,0,failed,0.17137826523759098
1764,19,-0.6859577941894531,0,0,failed,0.1712068869723534
1765,22,-0.9634590454101564,0,0,failed,0.17103568008538103
1766,26,-21.249734252929688,0,0,failed,0.17086464440529564
1767,12,29.602404479980468,10,0,one_apple,0.17069377976089034
1768,55,-2.526155914306642,0,0,failed,0.17052308598112945
1769,8,-20.247595520019534,0,0,failed,0.17035256289514833
1770,10,29.502404479980466,10,0,one_apple,0.17018221033225317
1771,41,-1.9999989929199227,0,0,failed,0.17001202812192093
1772,32,28.60027056884765,10,0,one_apple,0.169842016093799
1773,22,-1.0209395751953125,0,0,failed,0.1696721740777052
1774,8,-0.29759552001953127,0,0,failed,0.1695025019036275
1775,18,-21.018260345458984,0,0,failed,0.1693329994017239
1776,8,-0.3680101928710938,0,0,failed,0.16916366640232217
1777,32,-1.4572080688476567,0,0,failed,0.16899450273591984
1778,9,-20.312542602539065,0,0,failed,0.16882550823318393
1779,55,7.542870788574199,10,0,one_apple,0.16865668272495074
1780,18,-20.9589580078125,0,0,failed,0.1684880260422258
1781,8,-0.27570111083984383,0,0,failed,0.16831953801618357
1782,7,-0.4005545654296876,0,0,failed,0.16815121847816739
1783,8,-0.29759552001953127,0,0,failed,0.16798306725968923
1784,18,-21.019517700195312,0,0,failed,0.16781508419242955
1785,17,-20.883584045410156,0,0,failed,0.16764726910823713
1786,17,9.265789062499994,10,0,one_apple,0.1674796218391289
1787,25,28.969508514404296,10,0,one_apple,0.16731214221728977
1788,35,28.008987304687498,10,0,one_apple,0.16714483007507247
1789,26,28.9300181274414,10,0,one_apple,0.1669776852449974
1790,19,-1.0350687866210937,0,0,failed,0.1668107075597524
1791,73,-3.5348496704101575,0,0,failed,0.16664389685219266
1792,16,29.320296447753904,10,0,one_apple,0.16647725295534047
1793,21,9.25735821533203,10,0,one_apple,0.16631077570238512
1794,15,9.43846331787109,10,0,one_apple,0.16614446492668272
1795,13,-0.4759047851562501,0,0,failed,0.16597832046175603
1796,46,8.05937963867186,10,0,one_apple,0.16581234214129428
1797,20,9.203774475097653,10,0,one_apple,0.16564652979915298
1798,34,28.753574371337884,10,0,one_apple,0.16548088326935384
1799,22,29.23275363159179,10,0,one_apple,0.1653154023860845
1800,14,29.371673706054683,10,0,one_apple,0.1651500869836984
1801,21,29.327351318359373,10,0,one_apple,0.1649849368967147
1802,49,27.847360763549784,10,0,one_apple,0.164819951959818
1803,13,29.414148559570307,10,0,one_apple,0.16465513200785817
1804,24,29.074209899902343,10,0,one_apple,0.1644904768758503
1805,28,-1.2232824096679693,0,0,failed,0.16432598639897444
1806,23,9.116601272583,10,0,one_apple,0.16416166041257546
1807,37,28.489258972167963,10,0,one_apple,0.16399749875216288
1808,16,9.253938354492185,10,0,one_apple,0.16383350125341073
1809,14,29.391754272460936,10,0,one_apple,0.16366966775215733
1810,11,-0.4975955200195312,0,0,failed,0.16350599808440516
1811,8,-0.23669824218750007,0,0,failed,0.16334249208632076
1812,9,-0.36323211669921884,0,0,failed,0.16317914959423443
1813,8,-0.2017068481445313,0,0,failed,0.1630159704446402
1814,18,29.259256958007807,10,0,one_apple,0.16285295447419557
1815,32,28.91797363281249,10,0,one_apple,0.16269010151972138
1816,8,-0.3893817749023438,0,0,failed,0.16252741141820165
1817,18,29.260814193725583,10,0,one_apple,0.16236488400678345
1818,62,27.362033264160154,10,0,one_apple,0.16220251912277667
1819,15,9.377271484374997,10,0,one_apple,0.1620403166036539
1820,17,29.314145233154292,10,0,one_apple,0.16187827628705023
1821,9,-20.390598785400393,0,0,failed,0.16171639801076318
1822,15,9.347949005126953,10,0,one_apple,0.1615546816127524
1823,21,-1.00968115234375,0,0,failed,0.16139312693113966
1824,22,9.231706848144526,10,0,one_apple,0.16123173380420852
1825,34,28.278356506347645,10,0,one_apple,0.16107050207040433
1826,40,28.269745727539043,10,0,one_apple,0.16090943156833393
1827,27,28.849527282714842,10,0,one_apple,0.1607485221367656
1828,22,29.09785028076172,10,0,one_apple,0.16058777361462884
1829,22,28.970287841796868,10,0,one_apple,0.1604271858410142
1830,9,-20.500156799316407,0,0,failed,0.16026675865517317
1831,20,29.312331665039057,10,0,one_apple,0.160106491896518
1832,15,29.32619006347656,10,0,one_apple,0.15994638540462147
1833,68,26.89055023193357,10,0,one_apple,0.15978643901921685
1834,28,8.801506866455064,10,0,one_apple,0.15962665258019765
1835,33,28.810152282714835,10,0,one_apple,0.15946702592761744
1836,37,8.069651641845681,10,0,one_apple,0.15930755890168982
1837,15,29.329460983276366,10,0,one_apple,0.15914825134278812
1838,64,27.053484771728485,10,0,one_apple,0.15898910309144534
1839,35,28.393938079833983,10,0,one_apple,0.1588301139883539
1840,16,29.35330255126953,10,0,one_apple,0.15867128387436555
1841,33,28.602514160156232,10,0,one_apple,0.15851261259049118
1842,59,7.225905273437483,10,0,one_apple,0.1583540999779007
1843,11,-0.5388962402343751,0,0,failed,0.1581957458779228
1844,57,-2.8765510559082044,0,0,failed,0.15803755013204487
1845,19,-0.949166687011719,0,0,failed,0.15787951258191282
1846,14,29.39448156738281,10,0,one_apple,0.1577216330693309
1847,31,-1.800513275146485,0,0,failed,0.15756391143626158
1848,18,-0.6930079650878906,0,0,failed,0.15740634752482532
1849,15,29.253919311523436,10,0,one_apple,0.1572489411773005
1850,9,-0.41877539062500013,0,0,failed,0.1570916922361232
1851,14,9.439743804931638,10,0,one_apple,0.15693460054388708
1852,23,-1.2674540405273436,0,0,failed,0.1567776659433432
1853,44,7.654654266357415,10,0,one_apple,0.15662088827739984
1854,14,29.262199035644528,10,0,one_apple,0.15646426738912245
1855,26,29.10861627197265,10,0,one_apple,0.1563078031217333
1856,32,8.36913903808594,10,0,one_apple,0.15615149531861158
1857,12,9.365884826660153,10,0,one_apple,0.15599534382329297
1858,23,29.01166108703613,10,0,one_apple,0.15583934847946967
1859,32,8.443738342285155,10,0,one_apple,0.15568350913099022
1860,58,27.588449707031234,10,0,one_apple,0.15552782562185924
1861,57,27.14846612548826,10,0,one_apple,0.15537229779623737
1862,34,8.626367797851557,10,0,one_apple,0.15521692549844113
1863,15,9.415552368164061,10,0,one_apple,0.15506170857294269
1864,15,29.33383099365234,10,0,one_apple,0.15490664686436975
1865,33,28.46441735839843,10,0,one_apple,0.15475174021750537
1866,27,8.813990295410154,10,0,one_apple,0.15459698847728787
1867,32,28.594501037597652,10,0,one_apple,0.1544423914888106
1868,37,28.491007904052733,10,0,one_apple,0.15428794909732177
1869,29,8.537321807861318,10,0,one_apple,0.15413366114822444
1870,14,9.415552368164061,10,0,one_apple,0.15397952748707622
1871,55,-2.6621556091308607,0,0,failed,0.15382554795958914
1872,50,27.592189392089836,10,0,one_apple,0.15367172241162955
1873,48,27.72439520263671,10,0,one_apple,0.15351805068921792
1874,26,-1.2582529296875002,0,0,failed,0.1533645326385287
1875,71,-3.5507617187500014,0,0,failed,0.15321116810589017
1876,52,-2.5989301147460946,0,0,failed,0.1530579569377843
1877,64,26.81589514160153,10,0,one_apple,0.1529048989808465
1878,37,28.355075561523435,10,0,one_apple,0.15275199408186566
1879,14,29.434120819091795,10,0,one_apple,0.15259924208778378
1880,13,29.46825759887695,10,0,one_apple,0.15244664284569598
1881,44,27.750193054199208,10,0,one_apple,0.15229419620285028
1882,50,27.947174011230448,10,0,one_apple,0.15214190200664743
1883,44,27.869754699707023,10,0,one_apple,0.15198976010464077
1884,17,29.259836761474606,10,0,one_apple,0.15183777034453613
1885,17,29.295644470214842,10,0,one_apple,0.1516859325741916
1886,17,29.31455921936035,10,0,one_apple,0.1515342466416174
1887,30,28.63272100830077,10,0,one_apple,0.1513827123949758
1888,14,9.397355773925774,10,0,one_apple,0.15123132968258082
1889,20,29.439081665039062,10,0,one_apple,0.15108009835289823
1890,47,27.623537353515623,10,0,one_apple,0.15092901825454533
1891,64,-2.9613358764648456,0,0,failed,0.15077808923629077
1892,15,29.297450927734374,10,0,one_apple,0.15062731114705447
1893,42,7.927535919189449,10,0,one_apple,0.1504766838359074
1894,18,-0.6926646118164063,10,0,one_apple,0.15032620715207148
1895,18,-0.8905846557617187,0,0,failed,0.1501758809449194
1896,84,-24.14696893310547,0,0,failed,0.15002570506397447
1897,17,-0.9175267944335938,0,0,failed,0.1498756793589105
1898,26,28.795059936523433,10,0,one_apple,0.14972580367955157
1899,31,-1.4775336914062505,0,0,failed,0.14957607787587202
1900,49,-2.3531011047363286,0,0,failed,0.14942650179799613
1901,18,-20.799282592773437,0,0,failed,0.14927707529619813
1902,21,-0.8814745483398438,0,0,failed,0.14912779822090194
1903,35,28.433485763549793,10,0,one_apple,0.14897867042268104
1904,15,9.37029638671875,10,0,one_apple,0.14882969175225835
1905,44,27.777982116699214,10,0,one_apple,0.1486808620605061
1906,41,28.09787374877928,10,0,one_apple,0.14853218119844558
1907,30,28.55947076416015,10,0,one_apple,0.14838364901724713
1908,16,9.308487213134761,10,0,one_apple,0.14823526536822987
1909,17,-20.84094366455078,0,0,failed,0.14808703010286164
1910,45,28.039156555175765,10,0,one_apple,0.1479389430727588
1911,17,29.19200759887695,10,0,one_apple,0.14779100412968604
1912,49,27.7197332458496,10,0,one_apple,0.14764321312555637
1913,43,28.27056530761718,10,0,one_apple,0.14749556991243082
1914,15,9.319460372924802,10,0,one_apple,0.1473480743425184
1915,25,28.953640014648432,10,0,one_apple,0.14720072626817587
1916,27,28.75254830932617,10,0,one_apple,0.1470535255419077
1917,71,-23.535207519531248,0,0,failed,0.1469064720163658
1918,12,-20.50768780517578,0,0,failed,0.14675956554434944
1919,16,29.31802090454101,10,0,one_apple,0.14661280597880508
1920,29,28.414184875488274,10,0,one_apple,0.14646619317282628
1921,14,9.452404479980466,10,0,one_apple,0.14631972697965345
1922,32,8.548587326049795,10,0,one_apple,0.1461734072526738
1923,18,9.22271691894531,10,0,one_apple,0.14602723384542113
1924,52,27.54695489501951,10,0,one_apple,0.14588120661157572
1925,49,7.707282104492165,10,0,one_apple,0.14573532540496414
1926,12,-0.44317481994628927,0,0,failed,0.14558959007955918
1927,16,9.359459762573241,10,0,one_apple,0.1454440004894796
1928,24,28.86497137451171,10,0,one_apple,0.14529855648899012
1929,32,28.457323471069323,10,0,one_apple,0.14515325793250114
1930,35,28.369754699707023,10,0,one_apple,0.14500810467456865
1931,19,29.253048248291012,10,0,one_apple,0.14486309656989407
1932,58,27.476587554931616,10,0,one_apple,0.1447182334733242
1933,17,9.303900848388668,10,0,one_apple,0.14457351523985087
1934,28,28.7611262512207,10,0,one_apple,0.14442894172461102
1935,7,-0.1445949401855469,10,0,one_apple,0.1442845127828864
1936,16,9.231469696044922,10,0,one_apple,0.1441402282701035
1937,27,8.844425964355459,10,0,one_apple,0.1439960880418334
1938,47,28.070835296630843,10,0,one_apple,0.14385209195379156
1939,16,-20.798257995605468,0,0,failed,0.14370823986183776
1940,15,-20.490583984375,0,0,failed,0.1435645316219759
1941,37,28.259865783691396,10,0,one_apple,0.14342096709035393
1942,34,8.666787017822251,10,0,one_apple,0.14327754612326357
1943,44,27.81557019042968,10,0,one_apple,0.14313426857714032
1944,28,29.006149322509756,10,0,one_apple,0.14299113430856317
1945,41,28.26067855834959,10,0,one_apple,0.1428481431742546
1946,4,-0.0975955200195313,0,0,failed,0.14270529503108034
1947,19,-0.8041119689941407,10,0,one_apple,0.14256258973604927
1948,17,9.233422180175776,10,0,one_apple,0.14242002714631322
1949,17,9.43846331787109,10,0,one_apple,0.1422776071191669
1950,51,7.883288223266582,10,0,one_apple,0.14213532951204774
1951,29,28.807673721313474,10,0,one_apple,0.1419931941825357
1952,18,9.040525817871089,10,0,one_apple,0.14185120098835316
1953,54,27.81402203369139,10,0,one_apple,0.1417093497873648
1954,44,28.254219360351552,10,0,one_apple,0.14156764043757744
1955,63,7.154043304443341,10,0,one_apple,0.14142607279713987
1956,27,29.029219604492184,10,0,one_apple,0.14128464672434274
1957,26,29.055780059814445,10,0,one_apple,0.1411433620776184
1958,16,9.201507598876947,10,0,one_apple,0.14100221871554078
1959,16,9.139594100952142,10,0,one_apple,0.14086121649682523
1960,31,28.879734695434564,10,0,one_apple,0.14072035528032842
1961,14,-20.534277893066406,0,0,failed,0.1405796349250481
1962,37,28.407176940917964,10,0,one_apple,0.14043905529012304
1963,9,-20.42270086669922,0,0,failed,0.14029861623483292
1964,18,-0.8416135253906253,0,0,failed,0.1401583176185981
1965,18,-20.86255426025391,0,0,failed,0.1400181593009795
1966,24,-21.10612469482422,0,0,failed,0.1398781411416785
1967,8,-20.418010192871094,0,0,failed,0.13973826300053682
1968,36,-1.9709706420898443,0,0,failed,0.13959852473753628
1969,17,29.368137313842773,10,0,one_apple,0.13945892621279873
1970,20,-0.8419722595214842,0,0,failed,0.13931946728658592
1971,9,-0.29759552001953127,0,0,failed,0.13918014781929933
1972,18,-0.9449219970703125,0,0,failed,0.13904096767148003
1973,4,-0.0975955200195313,0,0,failed,0.13890192670380855
1974,9,-0.2646300659179688,0,0,failed,0.13876302477710473
1975,25,-1.2410671997070317,0,0,failed,0.13862426175232762
1976,22,-1.0767990112304688,0,0,failed,0.1384856374905753
1977,27,28.681229309082028,10,0,one_apple,0.13834715185308472
1978,19,-20.744720947265627,0,0,failed,0.13820880470123162
1979,26,9.186944213867182,10,0,one_apple,0.1380705958965304
1980,36,28.364148071289062,10,0,one_apple,0.13793252530063388
1981,52,27.699484558105468,10,0,one_apple,0.13779459277533324
1982,12,-0.46302947998046884,0,0,failed,0.1376567981825579
1983,9,-20.411008911132814,0,0,failed,0.13751914138437535
1984,22,-1.0376155395507813,0,0,failed,0.13738162224299097
1985,15,29.385892318725585,10,0,one_apple,0.13724424062074797
1986,10,-0.4013897094726563,0,0,failed,0.13710699638012722
1987,14,29.391991760253905,10,0,one_apple,0.1369698893837471
1988,22,-21.128829895019532,0,0,failed,0.13683291949436335
1989,27,28.802972229003906,10,0,one_apple,0.13669608657486898
1990,25,29.081558013916013,10,0,one_apple,0.1365593904882941
1991,18,29.151008453369137,10,0,one_apple,0.1364228310978058
1992,18,29.207604476928708,10,0,one_apple,0.13628640826670801
1993,35,8.642044738769528,10,0,one_apple,0.1361501218584413
1994,36,-1.9528903198242193,0,0,failed,0.13601397173658286
1995,35,28.50352848815918,10,0,one_apple,0.1358779577648463
1996,23,8.829808319091793,10,0,one_apple,0.13574207980708144
1997,36,28.69159841918945,10,0,one_apple,0.13560633772727437
1998,20,-1.2167634887695313,0,0,failed,0.1354707313895471
1999,5,-0.0975955200195313,0,0,failed,0.13533526065815754
2000,5,-0.0975955200195313,0,0,failed,0.1351999253974994
