episode,steps,total_reward,score,success,outcome,epsilon
1,34,-21.66849853515625,0,0,failed,0.999
2,36,-21.836699645996095,0,0,failed,0.998001
3,42,-1.8529692077636726,0,0,failed,0.997002999
4,70,26.76037759399413,10,0,one_apple,0.996005996001
5,28,-1.3203847656250003,0,0,failed,0.995009990004999
6,15,-0.6860881347656249,10,0,one_apple,0.994014980014994
7,47,28.003102691650387,10,0,one_apple,0.993020965034979
8,16,9.222113784790038,10,0,one_apple,0.9920279440699441
9,9,-20.340673767089843,0,0,failed,0.9910359161258742
10,5,-20.150000000000002,0,0,failed,0.9900448802097482
11,7,-20.31400360107422,0,0,failed,0.9890548353295385
12,29,-1.2675284729003906,0,0,failed,0.988065780494209
13,17,-20.872482849121095,0,0,failed,0.9870777147137147
14,11,-0.6063131713867187,0,0,failed,0.986090636999001
15,21,-20.97757629394531,0,0,failed,0.9851045463620021
16,37,-21.984855407714846,0,0,failed,0.98411944181564
17,8,-20.180056396484375,0,0,failed,0.9831353223738244
18,18,-20.920490966796876,0,0,failed,0.9821521870514506
19,28,8.683861572265624,10,0,one_apple,0.9811700348643991
20,10,-20.45,0,0,failed,0.9801888648295347
21,39,-1.5551533203125005,0,0,failed,0.9792086759647052
22,19,-20.715289459228515,0,0,failed,0.9782294672887405
23,13,-0.44458172607421875,10,0,one_apple,0.9772512378214517
24,4,-20.150000000000002,0,0,failed,0.9762739865836303
25,24,-1.0763266601562502,0,0,failed,0.9752977125970467
26,19,-0.8549865112304686,0,0,failed,0.9743224148844496
27,10,-20.427316833496093,0,0,failed,0.9733480924695651
28,9,-20.27972027587891,0,0,failed,0.9723747443770956
29,10,-0.356085693359375,0,0,failed,0.9714023696327185
30,74,6.648117980957018,10,0,one_apple,0.9704309672630859
31,14,-20.61804919433594,0,0,failed,0.9694605362958227
32,6,-20.195871780395507,0,0,failed,0.9684910757595269
33,15,-0.7,0,0,failed,0.9675225846837673
34,30,-21.487375549316408,0,0,failed,0.9665550620990835
35,21,-21.09434185791016,0,0,failed,0.9655885070369844
36,10,-20.415735961914063,0,0,failed,0.9646229185299474
37,23,-1.245506042480469,0,0,failed,0.9636582956114175
38,9,-20.41144110107422,0,0,failed,0.9626946373158061
39,14,-20.744935546875002,0,0,failed,0.9617319426784903
40,18,-0.6745554199218752,0,0,failed,0.9607702107358118
41,22,-21.05781674194336,0,0,failed,0.959809440525076
42,30,-21.58137857055664,0,0,failed,0.9588496310845509
43,14,-0.5108775939941407,0,0,failed,0.9578907814534664
44,19,-0.7382996826171875,0,0,failed,0.9569328906720129
45,16,-20.915528076171874,0,0,failed,0.9559759577813409
46,21,-0.9462590942382813,0,0,failed,0.9550199818235596
47,12,-0.355873779296875,0,0,failed,0.9540649618417361
48,31,28.339310729980465,10,0,one_apple,0.9531108968798944
49,28,-1.439502410888672,0,0,failed,0.9521577859830145
50,7,-20.29621728515625,0,0,failed,0.9512056281970315
51,11,-0.3608853759765627,0,0,failed,0.9502544225688344
52,9,-0.2369088134765625,10,0,one_apple,0.9493041681462656
53,9,-20.380975036621095,0,0,failed,0.9483548639781193
54,25,-1.02019189453125,0,0,failed,0.9474065091141411
55,8,-20.378072052001954,0,0,failed,0.946459102605027
56,13,-20.610362304687502,0,0,failed,0.9455126435024219
57,13,-0.47418695068359384,0,0,failed,0.9445671308589195
58,7,-0.24278588867187512,0,0,failed,0.9436225637280606
59,15,-0.67437255859375,0,0,failed,0.9426789411643326
60,27,-21.11915823364258,0,0,failed,0.9417362622231683
61,8,-20.31835189819336,0,0,failed,0.9407945259609451
62,19,-0.7668874511718752,0,0,failed,0.9398537314349842
63,10,-0.3813838500976564,0,0,failed,0.9389138777035492
64,9,-0.34792059326171887,0,0,failed,0.9379749638258457
65,5,-20.05,0,0,failed,0.9370369888620198
66,19,29.106609466552733,10,0,one_apple,0.9360999518731578
67,10,-0.4591975708007814,0,0,failed,0.9351638519212846
68,19,-0.9189297485351562,0,0,failed,0.9342286880693633
69,49,-2.2637712402343757,0,0,failed,0.933294459381294
70,23,-1.0575040283203123,0,0,failed,0.9323611649219127
71,7,-0.2,0,0,failed,0.9314288037569908
72,18,-20.73927996826172,0,0,failed,0.9304973749532338
73,22,-21.05171160888672,0,0,failed,0.9295668775782806
74,22,-1.00979248046875,0,0,failed,0.9286373107007023
75,33,-1.4931296997070316,0,0,failed,0.9277086733900016
76,17,-20.767143615722656,0,0,failed,0.9267809647166116
77,12,-20.417623809814454,0,0,failed,0.925854183751895
78,17,-0.727129150390625,0,0,failed,0.9249283295681431
79,26,-1.0999999999999999,0,0,failed,0.9240034012385749
80,19,-0.7097395629882812,0,0,failed,0.9230793978373364
81,6,-0.10598094177246095,0,0,failed,0.9221563184394991
82,9,-0.33097503662109384,0,0,failed,0.9212341621210596
83,19,-0.8553847045898437,0,0,failed,0.9203129279589385
84,6,-20.21577227783203,0,0,failed,0.9193926150309796
85,14,-20.728226959228515,0,0,failed,0.9184732224159486
86,13,-20.688431915283203,0,0,failed,0.9175547491935327
87,38,8.499730102539058,10,0,one_apple,0.9166371944443392
88,11,-20.55,0,0,failed,0.9157205572498949
89,30,-21.47410104370117,0,0,failed,0.914804836692645
90,43,-2.1374100952148445,0,0,failed,0.9138900318559524
91,8,29.599999999999998,10,0,one_apple,0.9129761418240965
92,21,-0.9,0,0,failed,0.9120631656822724
93,10,-20.414820556640628,0,0,failed,0.9111511025165902
94,20,-20.911699523925783,0,0,failed,0.9102399514140735
95,11,-0.4566375122070314,0,0,failed,0.9093297114626595
96,18,-20.821040588378906,0,0,failed,0.9084203817511969
97,25,-1.1265393676757816,0,0,failed,0.9075119613694457
98,32,-1.4690751953125003,0,0,failed,0.9066044494080763
99,12,-0.4822628784179688,0,0,failed,0.9056978449586682
100,54,7.418734893798813,10,0,one_apple,0.9047921471137096
101,32,-21.644619567871096,0,0,failed,0.9038873549665959
102,27,-21.42637048339844,0,0,failed,0.9029834676116293
103,11,-0.3270886840820313,0,0,failed,0.9020804841440176
104,18,-0.8610981445312502,0,0,failed,0.9011784036598737
105,9,-0.39365655517578135,0,0,failed,0.9002772252562138
106,10,-20.554258239746094,0,0,failed,0.8993769480309576
107,30,-21.379975006103518,0,0,failed,0.8984775710829266
108,19,-20.88855209350586,0,0,failed,0.8975790935118436
109,22,28.90353511047363,10,0,one_apple,0.8966815144183318
110,28,8.82303790283203,10,0,one_apple,0.8957848329039134
111,10,-20.44802410888672,0,0,failed,0.8948890480710096
112,24,-1.082798095703125,0,0,failed,0.8939941590229386
113,9,-20.33389358520508,0,0,failed,0.8931001648639156
114,30,-21.503131896972658,0,0,failed,0.8922070646990518
115,39,-1.8906585998535166,0,0,failed,0.8913148576343527
116,23,-0.9276804809570314,0,0,failed,0.8904235427767183
117,10,-0.3202499694824219,0,0,failed,0.8895331192339416
118,21,-20.92315853881836,0,0,failed,0.8886435861147077
119,32,-1.5597172546386724,0,0,failed,0.887754942528593
120,4,-0.1,0,0,failed,0.8868671875860644
121,38,28.11031268310546,10,0,one_apple,0.8859803203984784
122,21,-21.13249755859375,0,0,failed,0.88509434007808
123,26,28.82546112060546,10,0,one_apple,0.8842092457380019
124,21,-0.9939684753417969,0,0,failed,0.8833250364922639
125,12,-20.583845520019533,0,0,failed,0.8824417114557717
126,20,-21.10398486328125,0,0,failed,0.8815592697443159
127,21,-0.9999999999999999,0,0,failed,0.8806777104745716
128,17,-20.743353881835937,0,0,failed,0.8797970327640969
129,29,-21.6383835144043,0,0,failed,0.8789172357313328
130,8,-0.2822574157714845,0,0,failed,0.8780383184956015
131,52,7.574738464355445,10,0,one_apple,0.8771602801771059
132,19,-0.8690185546874999,0,0,failed,0.8762831198969288
133,17,-0.7165594482421874,0,0,failed,0.8754068367770318
134,23,-21.261292587280273,0,0,failed,0.8745314299402548
135,5,-20.150000000000002,0,0,failed,0.8736568985103146
136,27,8.775469238281243,10,0,one_apple,0.8727832416118043
137,40,-21.839331604003906,0,0,failed,0.8719104583701925
138,17,9.240436553955078,10,0,one_apple,0.8710385479118223
139,17,-20.842482696533203,0,0,failed,0.8701675093639105
140,10,-20.488564453125,0,0,failed,0.8692973418545467
141,43,-2.004818481445313,0,0,failed,0.8684280445126921
142,6,-20.114121231079103,0,0,failed,0.8675596164681794
143,10,-0.44292657470703134,0,0,failed,0.8666920568517111
144,14,-20.621849670410157,0,0,failed,0.8658253647948594
145,19,-0.8382396850585938,0,0,failed,0.8649595394300645
146,19,-0.9114841613769531,0,0,failed,0.8640945798906344
147,11,-0.3766652221679688,0,0,failed,0.8632304853107438
148,12,-0.6243545532226563,0,0,failed,0.862367254825433
149,10,-0.44537048339843754,0,0,failed,0.8615048875706075
150,27,-21.26173092651367,0,0,failed,0.8606433826830369
151,20,29.350204772949212,10,0,one_apple,0.8597827393003539
152,38,-22.035234008789065,0,0,failed,0.8589229565610536
153,23,-21.041324829101562,0,0,failed,0.8580640336044925
154,28,-21.1913955078125,0,0,failed,0.857205969570888
155,10,-0.4,0,0,failed,0.8563487636013172
156,10,-20.35,0,0,failed,0.8554924148377159
157,10,-20.449103393554687,0,0,failed,0.8546369224228781
158,16,9.434432983398434,10,0,one_apple,0.8537822855004553
159,7,-0.1856692810058594,10,0,one_apple,0.8529285032149548
160,23,-21.244949523925783,0,0,failed,0.8520755747117399
161,10,-0.4524963989257813,0,0,failed,0.8512234991370281
162,17,-0.7699055786132813,0,0,failed,0.8503722756378911
163,10,-0.2960013732910157,0,0,failed,0.8495219033622532
164,14,9.339619567871093,10,0,one_apple,0.8486723814588909
165,31,-1.643673248291016,0,0,failed,0.847823709077432
166,8,-0.36522106933593756,0,0,failed,0.8469758853683546
167,15,29.40913946533203,10,0,one_apple,0.8461289094829862
168,13,-0.48245922851562506,0,0,failed,0.8452827805735033
169,25,-1.1910363159179687,0,0,failed,0.8444374977929298
170,36,28.332511749267574,10,0,one_apple,0.8435930602951368
171,47,-22.243059204101563,0,0,failed,0.8427494672348417
172,12,-0.5719469604492189,0,0,failed,0.8419067177676068
173,23,-1.020881286621094,0,0,failed,0.8410648110498392
174,20,-0.8426428985595702,10,0,one_apple,0.8402237462387894
175,8,-20.35,0,0,failed,0.8393835224925505
176,8,-0.35556732177734374,0,0,failed,0.838544138970058
177,27,-1.1797920532226562,0,0,failed,0.8377055948310879
178,9,-20.51125802612305,0,0,failed,0.8368678892362568
179,27,28.934924865722653,10,0,one_apple,0.8360310213470206
180,21,9.045775390624996,10,0,one_apple,0.8351949903256736
181,9,-20.426764617919922,0,0,failed,0.8343597953353479
182,19,-20.776786193847656,0,0,failed,0.8335254355400126
183,40,-21.98618963623047,0,0,failed,0.8326919101044725
184,14,-0.5456911621093751,0,0,failed,0.831859218194368
185,16,-20.575370391845706,0,0,failed,0.8310273589761736
186,33,-21.39786801147461,0,0,failed,0.8301963316171974
187,12,-0.4359788818359376,0,0,failed,0.8293661352855802
188,26,-1.5747154235839844,0,0,failed,0.8285367691502946
189,58,-2.985806030273438,0,0,failed,0.8277082323811443
190,56,-22.59102478027344,0,0,failed,0.8268805241487632
191,18,-20.783020141601565,0,0,failed,0.8260536436246144
192,9,-0.1502354736328125,0,0,failed,0.8252275899809898
193,28,-1.355272399902344,0,0,failed,0.8244023623910088
194,7,-20.212971008300784,0,0,failed,0.8235779600286178
195,10,-20.419012451171877,0,0,failed,0.8227543820685892
196,25,-1.0627467041015626,0,0,failed,0.8219316276865206
197,19,-20.99044366455078,0,0,failed,0.8211096960588341
198,39,-1.6812782592773443,0,0,failed,0.8202885863627752
199,42,-22.085083648681643,0,0,failed,0.8194682977764125
200,12,29.58127781677246,10,0,one_apple,0.818648829478636
201,14,-0.6363805541992188,0,0,failed,0.8178301806491574
202,7,-20.272935028076173,0,0,failed,0.8170123504685082
203,18,-0.8401593627929689,0,0,failed,0.8161953381180397
204,26,-21.454508697509766,0,0,failed,0.8153791427799216
205,24,-1.2107794799804692,0,0,failed,0.8145637636371417
206,15,-20.77488088989258,0,0,failed,0.8137491998735046
207,24,29.19736880493163,20,1,complete,0.812935450673631
208,17,-20.672014404296874,0,0,failed,0.8121225152229574
209,28,-21.310071166992188,0,0,failed,0.8113103927077344
210,16,-20.560667541503907,0,0,failed,0.8104990823150267
211,16,-0.5859021301269531,0,0,failed,0.8096885832327116
212,31,-1.5546530151367193,0,0,failed,0.8088788946494789
213,29,-21.597030364990236,0,0,failed,0.8080700157548294
214,10,9.483329223632811,10,0,one_apple,0.8072619457390746
215,45,-2.034621612548829,0,0,failed,0.8064546837933355
216,29,-1.3389485778808594,0,0,failed,0.8056482291095421
217,50,7.697515930175779,10,0,one_apple,0.8048425808804326
218,10,-0.38159326171875,0,0,failed,0.8040377382995522
219,16,-0.7118098449707031,0,0,failed,0.8032337005612527
220,20,-20.924909423828126,0,0,failed,0.8024304668606914
221,12,-0.5173565063476562,0,0,failed,0.8016280363938307
222,23,-1.1388418579101562,0,0,failed,0.8008264083574369
223,8,-20.35,0,0,failed,0.8000255819490795
224,9,-0.5538491821289062,0,0,failed,0.7992255563671304
225,27,29.00848382568359,10,0,one_apple,0.7984263308107633
226,20,-21.07701693725586,0,0,failed,0.7976279044799526
227,11,-0.420869140625,0,0,failed,0.7968302765754727
228,32,-21.68523257446289,0,0,failed,0.7960334462988972
229,16,-20.653569091796875,0,0,failed,0.7952374128525983
230,35,-1.5997221679687506,0,0,failed,0.7944421754397457
231,28,-1.1920256042480468,0,0,failed,0.7936477332643059
232,59,7.160856063842772,10,0,one_apple,0.7928540855310416
233,22,-0.8901944274902345,0,0,failed,0.7920612314455105
234,9,-20.442759338378906,0,0,failed,0.7912691702140651
235,15,-20.81215026855469,0,0,failed,0.790477901043851
236,23,-21.08377276611328,0,0,failed,0.7896874231428072
237,9,-0.3869254150390625,0,0,failed,0.7888977357196644
238,30,-1.2957754821777345,0,0,failed,0.7881088379839447
239,19,-0.795216796875,10,0,one_apple,0.7873207291459607
240,10,-0.4448192138671875,0,0,failed,0.7865334084168147
241,19,-20.787448852539065,0,0,failed,0.7857468750083979
242,22,-1.0202554321289061,0,0,failed,0.7849611281333895
243,5,-20.150000000000002,0,0,failed,0.784176167005256
244,9,-0.30000000000000004,0,0,failed,0.7833919908382508
245,39,8.230661285400384,10,0,one_apple,0.7826085988474126
246,12,-0.5016346435546876,0,0,failed,0.7818259902485653
247,8,-20.25113311767578,0,0,failed,0.7810441642583167
248,17,9.167343017578125,10,0,one_apple,0.7802631200940584
249,12,-20.774820251464845,0,0,failed,0.7794828569739644
250,20,-21.272304321289063,0,0,failed,0.7787033741169904
251,11,-20.598379913330078,0,0,failed,0.7779246707428734
252,20,-20.889402038574218,0,0,failed,0.7771467460721305
253,11,-0.5,0,0,failed,0.7763695993260584
254,18,-0.8485600585937499,0,0,failed,0.7755932297267324
255,13,-0.2973786926269531,0,0,failed,0.7748176364970056
256,23,-1.1376079711914062,0,0,failed,0.7740428188605086
257,10,-0.44325720214843756,0,0,failed,0.7732687760416481
258,24,8.833268981933593,10,0,one_apple,0.7724955072656065
259,11,-0.5899600219726563,0,0,failed,0.7717230117583408
260,6,-0.1,10,0,one_apple,0.7709512887465825
261,9,-20.35,0,0,failed,0.7701803374578359
262,11,-0.4748453369140626,0,0,failed,0.7694101571203781
263,12,-0.6658917236328125,0,0,failed,0.7686407469632577
264,16,-20.749204223632812,0,0,failed,0.7678721062162944
265,7,29.70325268554687,10,0,one_apple,0.7671042341100781
266,42,27.84353051757812,10,0,one_apple,0.766337129875968
267,30,-21.467795043945312,0,0,failed,0.7655707927460921
268,12,-0.5421170043945314,0,0,failed,0.764805221953346
269,24,8.892132690429683,10,0,one_apple,0.7640404167313927
270,14,29.567858154296875,10,0,one_apple,0.7632763763146613
271,32,-21.517739715576173,0,0,failed,0.7625130999383466
272,51,-2.67301400756836,0,0,failed,0.7617505868384082
273,29,-1.2113887939453125,0,0,failed,0.7609888362515699
274,53,-22.757759185791016,0,0,failed,0.7602278474153183
275,6,9.784227722167968,10,0,one_apple,0.759467619567903
276,8,-20.300966613769532,0,0,failed,0.7587081519483351
277,47,27.48676385498046,10,0,one_apple,0.7579494437963867
278,21,-1.2032795715332034,0,0,failed,0.7571914943525904
279,15,-20.663609771728517,0,0,failed,0.7564343028582378
280,17,-0.7549535522460937,0,0,failed,0.7556778685553796
281,22,29.00700787353515,10,0,one_apple,0.7549221906868242
282,14,9.616008117675781,10,0,one_apple,0.7541672684961374
283,30,-1.230887145996094,0,0,failed,0.7534131012276413
284,19,-20.94859442138672,0,0,failed,0.7526596881264136
285,8,-20.247038177490236,0,0,failed,0.7519070284382872
286,25,-21.465062561035158,0,0,failed,0.7511551214098489
287,57,27.59112640380859,10,0,one_apple,0.750403966288439
288,19,-0.9698481445312501,0,0,failed,0.7496535623221505
289,16,-20.839583801269534,0,0,failed,0.7489039087598284
290,37,28.445349807739255,10,0,one_apple,0.7481550048510686
291,20,-0.9557388305664063,0,0,failed,0.7474068498462175
292,55,-22.48704205322266,0,0,failed,0.7466594429963713
293,8,29.867377807617185,10,0,one_apple,0.745912783553375
294,25,-21.217784057617187,0,0,failed,0.7451668707698216
295,10,-0.33097503662109384,0,0,failed,0.7444217038990517
296,14,29.33614642333984,10,0,one_apple,0.7436772821951526
297,42,-22.300943176269534,0,0,failed,0.7429336049129575
298,34,28.479889587402344,10,0,one_apple,0.7421906713080445
299,36,8.574291748046871,10,0,one_apple,0.7414484806367364
300,53,27.607278930664062,10,0,one_apple,0.7407070321560997
301,9,-20.29807525634766,0,0,failed,0.7399663251239436
302,4,-0.1,0,0,failed,0.7392263587988196
303,19,-20.878110290527346,0,0,failed,0.7384871324400207
304,18,-20.784068328857423,0,0,failed,0.7377486453075807
305,7,-20.29738818359375,0,0,failed,0.737010896662273
306,10,-0.3640917358398438,0,0,failed,0.7362738857656108
307,19,-1.0277070007324218,0,0,failed,0.7355376118798452
308,8,-20.35,0,0,failed,0.7348020742679654
309,35,-21.6983171081543,0,0,failed,0.7340672721936974
310,18,-0.9082639770507812,0,0,failed,0.7333332049215037
311,32,-1.4071743469238285,0,0,failed,0.7325998717165821
312,29,-21.57793362426758,0,0,failed,0.7318672718448656
313,18,29.131659515380857,10,0,one_apple,0.7311354045730207
314,54,-2.5349205322265638,0,0,failed,0.7304042691684477
315,11,-20.62531335449219,0,0,failed,0.7296738648992792
316,42,-21.915447387695313,0,0,failed,0.7289441910343799
317,24,-21.265863037109376,0,0,failed,0.7282152468433455
318,6,-20.150000000000002,0,0,failed,0.7274870315965022
319,34,-21.742732360839845,0,0,failed,0.7267595445649057
320,17,29.303962890624994,10,0,one_apple,0.7260327850203407
321,31,-1.473536804199219,0,0,failed,0.7253067522353204
322,22,9.0348384399414,10,0,one_apple,0.724581445483085
323,9,-20.45,0,0,failed,0.723856864037602
324,11,-0.42643969726562503,0,0,failed,0.7231330071735643
325,31,28.496648193359373,10,0,one_apple,0.7224098741663908
326,11,-20.56339813232422,0,0,failed,0.7216874642922244
327,44,-1.7709125366210943,0,0,failed,0.7209657768279322
328,19,-0.8928830566406252,0,0,failed,0.7202448110511043
329,49,28.076512329101558,10,0,one_apple,0.7195245662400531
330,18,-0.7716734619140625,0,0,failed,0.7188050416738131
331,10,-0.34212103271484384,0,0,failed,0.7180862366321393
332,10,-0.3809750366210939,0,0,failed,0.7173681503955072
333,27,28.553394927978513,10,0,one_apple,0.7166507822451117
334,16,9.165851196289061,10,0,one_apple,0.7159341314628666
335,27,28.588691223144522,10,0,one_apple,0.7152181973314037
336,15,9.450702392578123,10,0,one_apple,0.7145029791340722
337,23,28.947120788574217,10,0,one_apple,0.7137884761549381
338,46,8.0782928161621,10,0,one_apple,0.7130746876787832
339,9,-0.304079833984375,0,0,failed,0.7123616129911045
340,10,-20.35,0,0,failed,0.7116492513781133
341,8,-0.1316140441894531,10,0,one_apple,0.7109376021267352
342,23,8.977768615722649,10,0,one_apple,0.7102266645246085
343,43,28.02705014038085,10,0,one_apple,0.7095164378600839
344,24,8.851063690185546,10,0,one_apple,0.7088069214222238
345,17,-20.625050903320314,0,0,failed,0.7080981145008015
346,25,28.728252441406244,10,0,one_apple,0.7073900163863007
347,49,7.768012695312489,10,0,one_apple,0.7066826263699144
348,18,-21.068122802734376,0,0,failed,0.7059759437435444
349,23,-1.1967920837402346,0,0,failed,0.7052699677998009
350,45,-2.223013092041017,0,0,failed,0.704564697832001
351,9,-0.3166297607421876,0,0,failed,0.7038601331341691
352,53,-22.73146319580078,0,0,failed,0.7031562730010349
353,11,-20.52408233642578,0,0,failed,0.7024531167280339
354,30,-1.4421350708007818,0,0,failed,0.7017506636113059
355,29,-1.3269265136718753,0,0,failed,0.7010489129476946
356,30,28.675419281005855,10,0,one_apple,0.7003478640347469
357,39,-1.8423522949218754,0,0,failed,0.6996475161707122
358,19,-20.98065350341797,0,0,failed,0.6989478686545415
359,12,-0.5243903808593751,10,0,one_apple,0.698248920785887
360,17,29.164018493652343,10,0,one_apple,0.6975506718651011
361,11,-20.461591125488283,0,0,failed,0.6968531211932361
362,20,-1.1166758422851564,0,0,failed,0.6961562680720428
363,9,-20.412299621582033,0,0,failed,0.6954601118039707
364,13,-0.5547854003906251,0,0,failed,0.6947646516921667
365,10,-20.409381469726565,0,0,failed,0.6940698870404746
366,38,-1.8102822265625007,0,0,failed,0.6933758171534341
367,12,29.49066076660156,10,0,one_apple,0.6926824413362807
368,46,7.8186977233886665,10,0,one_apple,0.6919897588949444
369,6,-20.215212219238282,0,0,failed,0.6912977691360495
370,7,-20.18334912109375,0,0,failed,0.6906064713669134
371,20,-20.928052215576173,0,0,failed,0.6899158648955466
372,11,9.509298736572262,10,0,one_apple,0.689225949030651
373,10,-20.491746520996095,0,0,failed,0.6885367230816204
374,9,-20.418642639160158,0,0,failed,0.6878481863585387
375,28,-1.3907608032226566,0,0,failed,0.6871603381721801
376,13,-0.6663829956054688,0,0,failed,0.686473177834008
377,17,9.119032592773436,10,0,one_apple,0.685786704656174
378,17,-0.9297130737304689,0,0,failed,0.6851009179515178
379,14,9.468349609374997,10,0,one_apple,0.6844158170335664
380,14,9.584223724365234,10,0,one_apple,0.6837314012165328
381,27,-21.17819323730469,0,0,failed,0.6830476698153162
382,16,-20.801372497558596,0,0,failed,0.6823646221455009
383,118,23.860608215332007,10,0,one_apple,0.6816822575233553
384,26,-1.1945039672851563,0,0,failed,0.6810005752658319
385,33,28.50394909667968,10,0,one_apple,0.680319574690566
386,85,25.32993084716796,10,0,one_apple,0.6796392551158754
387,32,-1.4462063598632817,0,0,failed,0.6789596158607596
388,64,26.687558288574213,10,0,one_apple,0.6782806562448989
389,13,9.61835498046875,10,0,one_apple,0.677602375588654
390,41,28.129182373046866,10,0,one_apple,0.6769247732130653
391,20,-1.0283121337890624,0,0,failed,0.6762478484398523
392,28,-21.375098632812502,0,0,failed,0.6755716005914124
393,22,-21.017703231811524,0,0,failed,0.674896028990821
394,8,-20.350966613769533,0,0,failed,0.6742211329618302
395,24,-21.248400817871094,0,0,failed,0.6735469118288684
396,41,28.300885375976563,10,0,one_apple,0.6728733649170395
397,8,-20.387798950195315,0,0,failed,0.6722004915521225
398,32,-21.49477993774414,0,0,failed,0.6715282910605703
399,15,9.493239379882809,10,0,one_apple,0.6708567627695098
400,8,29.784432983398435,10,0,one_apple,0.6701859060067403
401,18,-20.874746826171876,0,0,failed,0.6695157201007336
402,28,-1.120220977783203,0,0,failed,0.6688462043806328
403,48,-2.324309143066407,10,0,one_apple,0.6681773581762521
404,46,27.891532653808582,10,0,one_apple,0.6675091808180759
405,9,-20.391291107177736,0,0,failed,0.6668416716372578
406,40,-21.766025329589844,0,0,failed,0.6661748299656206
407,37,28.423791717529294,10,0,one_apple,0.6655086551356549
408,7,-20.217363555908204,0,0,failed,0.6648431464805192
409,21,28.885153808593746,10,0,one_apple,0.6641783033340387
410,13,9.373880920410151,10,0,one_apple,0.6635141250307047
411,19,-0.8758094482421873,0,0,failed,0.662850610905674
412,31,-21.392783477783205,0,0,failed,0.6621877602947683
413,22,28.982622009277343,10,0,one_apple,0.6615255725344735
414,15,-0.48100494384765635,10,0,one_apple,0.660864046961939
415,13,29.35895376586914,10,0,one_apple,0.660203182914977
416,13,-20.64886022949219,0,0,failed,0.6595429797320621
417,29,-1.4601198120117196,0,0,failed,0.6588834367523301
418,29,-1.6236369934082036,0,0,failed,0.6582245533155777
419,14,29.43022033691406,10,0,one_apple,0.6575663287622622
420,15,-0.5670233764648438,10,0,one_apple,0.6569087624334999
421,21,-20.9547080078125,0,0,failed,0.6562518536710664
422,39,-2.091329467773438,0,0,failed,0.6555956018173954
423,10,-0.29006018066406253,0,0,failed,0.654940006215578
424,29,-1.325896667480469,0,0,failed,0.6542850662093624
425,11,-0.4,0,0,failed,0.6536307811431531
426,21,-21.153035400390625,0,0,failed,0.65297715036201
427,14,-0.40431652832031256,0,0,failed,0.6523241732116479
428,33,-21.89456646728516,0,0,failed,0.6516718490384363
429,15,9.430293640136718,10,0,one_apple,0.6510201771893979
430,17,-0.7,0,0,failed,0.6503691570122084
431,11,-20.525903228759766,0,0,failed,0.6497187878551962
432,15,-0.5337727661132813,0,0,failed,0.649069069067341
433,43,27.572315490722648,10,0,one_apple,0.6484199999982736
434,20,-0.8466452941894531,0,0,failed,0.6477715799982753
435,6,-0.1,0,0,failed,0.647123808418277
436,9,-20.468302856445312,0,0,failed,0.6464766846098587
437,16,-20.677614624023438,0,0,failed,0.6458302079252489
438,19,-21.000953247070314,0,0,failed,0.6451843777173236
439,25,8.993481933593749,10,0,one_apple,0.6445391933396063
440,32,-21.435903228759766,0,0,failed,0.6438946541462667
441,29,-1.2795400695800785,0,0,failed,0.6432507594921204
442,32,-1.5630547180175784,0,0,failed,0.6426075087326283
443,25,28.788689025878902,10,0,one_apple,0.6419649012238956
444,27,28.987191528320313,10,0,one_apple,0.6413229363226717
445,21,-20.98428619384766,0,0,failed,0.640681613386349
446,18,29.549999999999997,10,0,one_apple,0.6400409317729626
447,22,28.915484863281247,10,0,one_apple,0.6394008908411897
448,19,-20.916428985595704,0,0,failed,0.6387614899503485
449,21,-0.8322235107421876,0,0,failed,0.6381227284603982
450,19,-21.032867004394532,0,0,failed,0.6374846057319378
451,25,9.016466064453125,10,0,one_apple,0.6368471211262058
452,16,29.500143157958984,10,0,one_apple,0.6362102740050796
453,56,-2.9565659790039076,0,0,failed,0.6355740637310745
454,45,28.01731896972656,10,0,one_apple,0.6349384896673435
455,20,29.215245422363274,10,0,one_apple,0.6343035511776761
456,20,-0.9745303344726561,0,0,failed,0.6336692476264985
457,10,-0.3539832153320313,0,0,failed,0.6330355783788719
458,34,-21.53520315551758,0,0,failed,0.632402542800493
459,27,8.581703796386718,10,0,one_apple,0.6317701402576925
460,13,-0.6863805541992187,0,0,failed,0.6311383701174348
461,6,-0.1,10,0,one_apple,0.6305072317473174
462,37,28.273848327636713,10,0,one_apple,0.6298767245155701
463,21,-20.871777893066408,0,0,failed,0.6292468477910546
464,23,-21.099018981933593,0,0,failed,0.6286176009432635
465,25,8.935345367431637,10,0,one_apple,0.6279889833423202
466,19,9.2586123046875,10,0,one_apple,0.6273609943589779
467,14,9.404339599609374,10,0,one_apple,0.6267336333646188
468,19,-0.8150467529296876,0,0,failed,0.6261068997312542
469,10,29.558816162109373,10,0,one_apple,0.6254807928315229
470,12,9.460944305419918,10,0,one_apple,0.6248553120386914
471,5,-20.150000000000002,0,0,failed,0.6242304567266527
472,26,-21.203619750976564,0,0,failed,0.623606226269926
473,23,-21.13203466796875,0,0,failed,0.6229826200436561
474,15,-20.60256246948242,0,0,failed,0.6223596374236124
475,20,-0.897530242919922,0,0,failed,0.6217372777861888
476,10,-0.4599816284179687,0,0,failed,0.6211155405084027
477,9,-20.51819610595703,0,0,failed,0.6204944249678943
478,40,28.078131256103507,10,0,one_apple,0.6198739305429264
479,27,-1.0167207641601563,0,0,failed,0.6192540566123834
480,19,-0.5243045349121094,0,0,failed,0.6186348025557711
481,7,-20.219686157226562,0,0,failed,0.6180161677532153
482,18,-20.84259326171875,0,0,failed,0.6173981515854621
483,22,8.892600708007805,10,0,one_apple,0.6167807534338766
484,40,-1.770204223632813,0,0,failed,0.6161639726804428
485,20,-20.752240509033204,0,0,failed,0.6155478087077623
486,18,-0.6985591735839846,0,0,failed,0.6149322608990545
487,11,-20.58900961303711,0,0,failed,0.6143173286381555
488,15,-20.620397583007815,0,0,failed,0.6137030113095173
489,37,8.419261810302732,10,0,one_apple,0.6130893082982078
490,27,-21.288006439208985,0,0,failed,0.6124762189899097
491,10,-0.5890153198242188,0,0,failed,0.6118637427709198
492,26,-21.21527819824219,0,0,failed,0.6112518790281489
493,44,27.751585021972648,10,0,one_apple,0.6106406271491208
494,37,-1.8058405761718757,0,0,failed,0.6100299865219717
495,21,9.333369812011714,10,0,one_apple,0.6094199565354498
496,21,29.18786260986328,10,0,one_apple,0.6088105365789144
497,21,-0.8379104309082033,0,0,failed,0.6082017260423355
498,18,-20.7308310546875,0,0,failed,0.6075935243162931
499,56,-2.8476825561523453,0,0,failed,0.6069859307919768
500,26,28.75266110229492,10,0,one_apple,0.6063789448611848
501,10,-20.466100646972656,0,0,failed,0.6057725659163237
502,26,-21.248498474121096,0,0,failed,0.6051667933504074
503,7,-20.32888885498047,0,0,failed,0.6045616265570569
504,10,-20.468310485839844,0,0,failed,0.6039570649304998
505,19,29.091500350952145,10,0,one_apple,0.6033531078655693
506,16,-0.6573587646484375,0,0,failed,0.6027497547577038
507,21,-1.0460112915039064,0,0,failed,0.602147005002946
508,14,-20.644359313964845,0,0,failed,0.6015448579979431
509,37,-1.829949798583985,0,0,failed,0.6009433131399452
510,15,-0.5457664184570312,10,0,one_apple,0.6003423698268052
511,40,-1.4936737976074221,0,0,failed,0.5997420274569785
512,16,-20.94140808105469,0,0,failed,0.5991422854295215
513,52,27.67452160644529,10,0,one_apple,0.598543143144092
514,30,8.4336083984375,10,0,one_apple,0.5979446000009478
515,34,-1.7536562500000008,0,0,failed,0.5973466554009469
516,6,-0.1,10,0,one_apple,0.596749308745546
517,48,27.835520935058582,10,0,one_apple,0.5961525594368005
518,17,-0.75919873046875,0,0,failed,0.5955564068773637
519,15,9.454741882324218,10,0,one_apple,0.5949608504704863
520,10,-20.447764709472658,0,0,failed,0.5943658896200158
521,16,9.55424914550781,10,0,one_apple,0.5937715237303958
522,22,-1.1040229492187499,0,0,failed,0.5931777522066654
523,18,-20.879769805908204,0,0,failed,0.5925845744544587
524,20,-0.8766053466796876,0,0,failed,0.5919919898800042
525,12,-0.5238332824707032,0,0,failed,0.5913999978901242
526,18,-20.88152081298828,0,0,failed,0.590808597892234
527,9,-20.35,0,0,failed,0.5902177892943418
528,29,-21.383744171142578,0,0,failed,0.5896275715050474
529,7,-0.28901635742187504,0,0,failed,0.5890379439335424
530,12,-0.4044431457519532,0,0,failed,0.5884489059896089
531,20,-20.91435302734375,0,0,failed,0.5878604570836192
532,12,-20.641992736816405,0,0,failed,0.5872725966265356
533,14,-20.600856872558595,0,0,failed,0.5866853240299091
534,17,-20.775357666015626,0,0,failed,0.5860986387058792
535,11,-20.512300842285157,0,0,failed,0.5855125400671733
536,10,-0.3580101928710938,0,0,failed,0.5849270275271061
537,20,-0.9025166931152343,0,0,failed,0.584342100499579
538,19,-0.7766139221191407,0,0,failed,0.5837577583990794
539,10,29.662546432495116,10,0,one_apple,0.5831740006406804
540,11,-20.37001477050781,0,0,failed,0.5825908266400397
541,54,7.380963256835933,10,0,one_apple,0.5820082358133997
542,22,29.080215850830076,10,0,one_apple,0.5814262275775862
543,13,-0.5514321289062502,0,0,failed,0.5808448013500086
544,27,-21.325339294433594,0,0,failed,0.5802639565486586
545,20,-0.8855944213867187,0,0,failed,0.57968369259211
546,6,-20.180975036621096,0,0,failed,0.5791040088995179
547,8,-20.25,0,0,failed,0.5785249048906184
548,24,9.05017797851562,10,0,one_apple,0.5779463799857277
549,11,-0.39721246337890626,0,0,failed,0.577368433605742
550,17,-20.71306561279297,0,0,failed,0.5767910651721362
551,27,-1.310618896484375,0,0,failed,0.576214274106964
552,48,7.764077941894524,10,0,one_apple,0.5756380598328571
553,29,-1.1438082885742187,0,0,failed,0.5750624217730242
554,43,-22.042336791992188,0,0,failed,0.5744873593512512
555,7,-0.2,0,0,failed,0.5739128719918999
556,8,-0.2554004516601563,0,0,failed,0.573338959119908
557,23,8.765222656249996,10,0,one_apple,0.572765620160788
558,7,-0.2553422241210937,0,0,failed,0.5721928545406272
559,12,29.366979858398434,10,0,one_apple,0.5716206616860866
560,20,29.22040231323242,10,0,one_apple,0.5710490410244006
561,9,-20.395043884277346,0,0,failed,0.5704779919833761
562,14,9.337796295166015,10,0,one_apple,0.5699075139913927
563,12,29.526853393554685,10,0,one_apple,0.5693376064774013
564,18,-0.7676016845703126,0,0,failed,0.5687682688709239
565,28,-1.3614216918945314,0,0,failed,0.5681995006020529
566,31,28.626822906494134,10,0,one_apple,0.5676313011014509
567,9,9.604741882324216,10,0,one_apple,0.5670636698003494
568,31,-1.522810272216797,0,0,failed,0.5664966061305491
569,9,-20.340298095703126,0,0,failed,0.5659301095244186
570,21,-21.121503204345704,0,0,failed,0.5653641794148941
571,18,-20.76758923339844,0,0,failed,0.5647988152354793
572,8,-0.2018045654296875,0,0,failed,0.5642340164202437
573,7,-20.25,0,0,failed,0.5636697824038235
574,26,29.040703918457023,10,0,one_apple,0.5631061126214196
575,38,-21.596871032714844,0,0,failed,0.5625430065087982
576,18,-20.89556411743164,0,0,failed,0.5619804635022894
577,16,-0.7265427246093752,10,0,one_apple,0.561418483038787
578,22,9.01981701660156,10,0,one_apple,0.5608570645557482
579,15,-20.868546264648437,0,0,failed,0.5602962074911925
580,28,8.955219482421871,10,0,one_apple,0.5597359112837013
581,10,-20.531063232421875,0,0,failed,0.5591761753724176
582,40,8.419777954101551,10,0,one_apple,0.5586169991970452
583,7,-0.28901635742187504,0,0,failed,0.5580583821978482
584,22,-21.316330932617188,0,0,failed,0.5575003238156504
585,11,-20.375954010009767,0,0,failed,0.5569428234918348
586,16,-20.784186309814455,0,0,failed,0.5563858806683429
587,9,-0.06114877319335938,0,0,failed,0.5558294947876746
588,12,-0.44407666015625,0,0,failed,0.5552736652928869
589,5,-0.1309750366210938,0,0,failed,0.5547183916275941
590,9,-0.37559088134765634,0,0,failed,0.5541636732359665
591,16,9.404531768798826,10,0,one_apple,0.5536095095627305
592,6,-0.1309750366210938,0,0,failed,0.5530559000531677
593,19,-1.0176538085937499,0,0,failed,0.5525028441531146
594,16,-0.7,0,0,failed,0.5519503413089615
595,21,-0.8904864501953125,0,0,failed,0.5513983909676525
596,25,8.705800811767578,10,0,one_apple,0.5508469925766849
597,11,-0.5155670166015626,0,0,failed,0.5502961455841082
598,12,9.349999999999998,10,0,one_apple,0.5497458494385241
599,29,-1.5154194946289068,0,0,failed,0.5491961035890855
600,15,-0.5454956665039061,0,0,failed,0.5486469074854965
601,25,8.936238708496088,10,0,one_apple,0.548098260578011
602,13,-0.47291409301757814,10,0,one_apple,0.547550162317433
603,30,-21.71244354248047,0,0,failed,0.5470026121551156
604,11,-0.5920577392578126,0,0,failed,0.5464556095429605
605,15,9.385447570800778,10,0,one_apple,0.5459091539334175
606,14,29.312167358398437,10,0,one_apple,0.5453632447794842
607,29,28.854605514526366,10,0,one_apple,0.5448178815347047
608,40,-21.96003033447266,0,0,failed,0.54427306365317
609,53,27.412667358398433,10,0,one_apple,0.5437287905895168
610,34,28.48812673950195,10,0,one_apple,0.5431850617989273
611,14,29.307446777343745,10,0,one_apple,0.5426418767371284
612,38,-1.8584736328125009,0,0,failed,0.5420992348603912
613,12,9.480655700683592,10,0,one_apple,0.5415571356255309
614,27,28.84400076293945,10,0,one_apple,0.5410155784899053
615,27,28.877123504638668,10,0,one_apple,0.5404745629114154
616,15,9.390801696777343,10,0,one_apple,0.539934088348504
617,37,8.263679443359365,10,0,one_apple,0.5393941542601555
618,34,-1.6438361511230473,0,0,failed,0.5388547601058953
619,13,-0.54569189453125,0,0,failed,0.5383159053457894
620,18,-0.8304088134765625,0,0,failed,0.5377775894404436
621,47,27.913869201660155,10,0,one_apple,0.5372398118510032
622,18,9.30452896118164,10,0,one_apple,0.5367025720391522
623,10,-0.31207012939453127,0,0,failed,0.536165869467113
624,8,-20.257979797363284,0,0,failed,0.5356297035976458
625,17,-20.796976806640625,0,0,failed,0.5350940738940482
626,7,-0.2018045654296875,0,0,failed,0.5345589798201541
627,35,-21.710313812255862,0,0,failed,0.534024420840334
628,22,-1.0982344360351561,0,0,failed,0.5334903964194936
629,16,-20.767763427734376,0,0,failed,0.5329569060230741
630,15,29.438781311035154,10,0,one_apple,0.532423949117051
631,22,29.022793289184566,10,0,one_apple,0.531891525167934
632,22,-1.0808195190429688,0,0,failed,0.5313596336427661
633,17,9.45,10,0,one_apple,0.5308282740091232
634,10,-20.370349365234375,0,0,failed,0.5302974457351142
635,33,8.384353149414057,10,0,one_apple,0.5297671482893791
636,26,28.70682696533203,10,0,one_apple,0.5292373811410898
637,10,-20.47898291015625,0,0,failed,0.5287081437599487
638,23,-21.03519805908203,0,0,failed,0.5281794356161887
639,11,-0.36162908935546867,0,0,failed,0.5276512561805725
640,15,-20.823819580078126,0,0,failed,0.5271236049243919
641,45,28.012786376953123,10,0,one_apple,0.5265964813194676
642,27,-1.1854010314941408,0,0,failed,0.5260698848381481
643,45,-22.288600219726565,0,0,failed,0.5255438149533099
644,23,-1.2232129211425784,0,0,failed,0.5250182711383566
645,22,-21.24744860839844,0,0,failed,0.5244932528672183
646,22,8.782797576904287,10,0,one_apple,0.5239687596143511
647,21,29.022784667968747,10,0,one_apple,0.5234447908547367
648,9,-0.2165594482421875,0,0,failed,0.522921346063882
649,10,-0.2809750366210938,0,0,failed,0.522398424717818
650,19,-20.973797302246094,0,0,failed,0.5218760262931003
651,29,28.45998669433593,10,0,one_apple,0.5213541502668072
652,16,-0.6751890258789063,0,0,failed,0.5208327961165404
653,38,28.203518066406247,10,0,one_apple,0.5203119633204238
654,19,9.317945037841795,10,0,one_apple,0.5197916513571034
655,22,28.985012893676753,10,0,one_apple,0.5192718597057463
656,19,-0.9061542358398439,0,0,failed,0.5187525878460405
657,22,-21.141258911132812,0,0,failed,0.5182338352581944
658,21,-21.2115390625,0,0,failed,0.5177156014229363
659,15,-0.6488717193603515,10,0,one_apple,0.5171978858215134
660,45,28.062171691894527,10,0,one_apple,0.5166806879356919
661,57,-2.577346832275392,0,0,failed,0.5161640072477562
662,35,-21.649881591796877,0,0,failed,0.5156478432405085
663,14,9.293481353759764,10,0,one_apple,0.515132195397268
664,11,-20.51749334716797,0,0,failed,0.5146170632018707
665,13,-0.49838482666015627,0,0,failed,0.5141024461386688
666,12,9.499999999999996,10,0,one_apple,0.5135883436925301
667,20,-0.8711836853027344,0,0,failed,0.5130747553488376
668,21,-21.02308758544922,0,0,failed,0.5125616805934888
669,11,-20.617406982421876,0,0,failed,0.5120491189128954
670,8,-20.25,0,0,failed,0.5115370697939825
671,25,-1.1716092529296878,0,0,failed,0.5110255327241885
672,30,-21.511432403564456,0,0,failed,0.5105145071914643
673,65,26.516879150390622,10,0,one_apple,0.5100039926842729
674,10,-0.4,0,0,failed,0.5094939886915886
675,52,-2.6974563293457043,0,0,failed,0.508984494702897
676,47,-2.284321289062501,0,0,failed,0.508475510208194
677,46,7.6215679473876925,10,0,one_apple,0.5079670346979859
678,11,-0.36415863037109386,0,0,failed,0.5074590676632879
679,12,-0.47791558837890624,0,0,failed,0.5069516085956246
680,17,-20.8774052734375,0,0,failed,0.506444656987029
681,25,-1.201009765625,0,0,failed,0.505938212330042
682,34,-1.7985332641601568,0,0,failed,0.505432274117712
683,17,-0.765794616699219,0,0,failed,0.5049268418435943
684,33,28.380090209960933,10,0,one_apple,0.5044219150017507
685,49,-2.305116088867188,0,0,failed,0.5039174930867489
686,15,9.346616760253905,10,0,one_apple,0.5034135755936622
687,34,8.62380661010742,10,0,one_apple,0.5029101620180685
688,7,-0.3139457397460938,0,0,failed,0.5024072518560504
689,11,-0.4553992309570313,0,0,failed,0.5019048446041944
690,33,28.44486471557617,10,0,one_apple,0.5014029397595902
691,10,9.549999999999997,10,0,one_apple,0.5009015368198305
692,27,-1.1486468811035158,0,0,failed,0.5004006352830107
693,29,-21.30841473388672,0,0,failed,0.4999002346477277
694,44,27.968601196289054,10,0,one_apple,0.49940033441307996
695,56,-22.844668090820313,0,0,failed,0.49890093407866687
696,28,28.823879974365234,10,0,one_apple,0.4984020331445882
697,13,-20.663103607177735,0,0,failed,0.4979036311114436
698,9,-20.35,0,0,failed,0.4974057274803321
699,12,-0.620755584716797,0,0,failed,0.49690832175285177
700,22,-0.8670011596679688,0,0,failed,0.4964114134310989
701,17,-0.6518045654296876,0,0,failed,0.4959150020176678
702,19,-20.84102767944336,0,0,failed,0.49541908701565013
703,15,29.368315673828125,10,0,one_apple,0.49492366792863446
704,9,-20.384114379882813,0,0,failed,0.4944287442607058
705,24,-1.0929827270507813,0,0,failed,0.4939343155164451
706,29,-21.135066162109375,0,0,failed,0.4934403812009287
707,19,-20.85278533935547,0,0,failed,0.4929469408197278
708,46,28.28127563476562,10,0,one_apple,0.49245399387890804
709,36,8.482428512573241,10,0,one_apple,0.4919615398850291
710,29,28.794840393066398,10,0,one_apple,0.4914695783451441
711,10,-0.37564465332031255,0,0,failed,0.4909781087667989
712,25,28.811619018554683,10,0,one_apple,0.4904871306580321
713,34,-21.781658447265627,0,0,failed,0.4899966435273741
714,113,-25.47419287109375,0,0,failed,0.4895066468838467
715,32,-1.5242396545410162,0,0,failed,0.48901714023696286
716,39,28.270217803955074,10,0,one_apple,0.4885281230967259
717,39,-1.8690025634765635,0,0,failed,0.48803959497362914
718,29,159.00299737548826,20,1,complete,0.4875515553786555
719,7,-20.31084307861328,0,0,failed,0.48706400382327686
720,19,-20.74248907470703,0,0,failed,0.4865769398194536
721,9,-0.2528076477050782,0,0,failed,0.48609036287963414
722,21,-1.061606170654297,0,0,failed,0.48560427251675453
723,24,28.959558624267576,10,0,one_apple,0.48511866824423777
724,18,-0.9035673217773437,0,0,failed,0.4846335495759935
725,20,-21.014926696777344,0,0,failed,0.4841489160264175
726,14,9.355464263916016,10,0,one_apple,0.4836647671103911
727,11,-20.643447509765625,0,0,failed,0.4831811023432807
728,9,-20.40539385986328,0,0,failed,0.4826979212409374
729,32,8.51266723632812,10,0,one_apple,0.48221522331969646
730,12,29.454741882324214,10,0,one_apple,0.48173300809637676
731,24,28.89715161132812,10,0,one_apple,0.48125127508828036
732,38,-22.027655578613285,0,0,failed,0.48077002381319206
733,30,28.604219238281246,10,0,one_apple,0.48028925378937887
734,28,-21.36981408691406,0,0,failed,0.47980896453558947
735,13,29.468262939453123,10,0,one_apple,0.4793291555710539
736,15,-20.788352966308594,0,0,failed,0.47884982641548285
737,12,9.45,10,0,one_apple,0.47837097658906735
738,12,-20.647130859375,0,0,failed,0.47789260561247826
739,13,29.500757354736326,10,0,one_apple,0.4774147130068658
740,37,-1.9111093750000008,0,0,failed,0.4769372982938589
741,9,-0.4591987915039063,0,0,failed,0.47646036099556505
742,20,-20.995649719238283,0,0,failed,0.47598390063456947
743,11,-0.4407090454101563,0,0,failed,0.4755079167339349
744,18,-20.72205126953125,0,0,failed,0.47503240881720094
745,21,29.26612149047851,10,0,one_apple,0.47455737640838375
746,41,8.057420776367186,10,0,one_apple,0.47408281903197536
747,4,-0.1,0,0,failed,0.47360873621294336
748,109,-5.303321105957027,0,0,failed,0.4731351274767304
749,38,158.41459143066405,20,1,complete,0.4726619923492537
750,125,-5.659626831054683,0,0,failed,0.47218933035690447
751,24,-1.0336030883789062,0,0,failed,0.47171714102654755
752,16,-20.733020141601564,0,0,failed,0.471245423885521
753,22,29.048040069580075,10,0,one_apple,0.47077417846163544
754,17,-0.9306861572265624,0,0,failed,0.4703034042831738
755,16,-20.66343585205078,0,0,failed,0.46983310087889063
756,27,8.942728393554681,10,0,one_apple,0.46936326777801174
757,22,-20.992012329101563,0,0,failed,0.4688939045102337
758,12,9.515397766113278,10,0,one_apple,0.4684250106057235
759,29,8.66367333984374,10,0,one_apple,0.46795658559511777
760,14,-0.37722320556640626,10,0,one_apple,0.46748862900952265
761,4,-0.1,0,0,failed,0.4670211403805131
762,13,9.483329345703122,10,0,one_apple,0.4665541192401326
763,17,9.290620483398435,10,0,one_apple,0.4660875651208925
764,4,-0.1,0,0,failed,0.4656214775557716
765,13,-0.4,0,0,failed,0.46515585607821586
766,46,-22.049967102050783,0,0,failed,0.46469070022213765
767,21,29.07776971435547,10,0,one_apple,0.4642260095219155
768,9,29.7,10,0,one_apple,0.4637617835123936
769,14,29.43291027832031,10,0,one_apple,0.46329802172888124
770,4,-0.1,0,0,failed,0.46283472370715234
771,14,9.45,10,0,one_apple,0.46237188898344517
772,19,-20.935153625488283,0,0,failed,0.4619095170944617
773,24,8.746560546874996,10,0,one_apple,0.46144760757736725
774,16,-0.6609598693847656,0,0,failed,0.46098615996978987
775,19,-0.7050553588867188,0,0,failed,0.46052517380982005
776,28,-1.2869788513183593,0,0,failed,0.4600646486360102
777,9,-20.374033447265624,0,0,failed,0.4596045839873742
778,27,-21.290612854003907,0,0,failed,0.45914497940338683
779,27,-21.400875640869142,0,0,failed,0.4586858344239834
780,22,8.8905870513916,10,0,one_apple,0.45822714858955943
781,11,-20.59059020996094,0,0,failed,0.45776892144096987
782,4,-0.1,0,0,failed,0.4573111525195289
783,11,29.454741882324218,10,0,one_apple,0.4568538413670094
784,6,-0.1,10,0,one_apple,0.4563969875256424
785,66,-23.0862412109375,0,0,failed,0.45594059053811675
786,29,-21.41133251953125,0,0,failed,0.45548464994757865
787,32,-21.541270599365234,0,0,failed,0.45502916529763104
788,50,7.533611785888652,10,0,one_apple,0.45457413613233344
789,48,27.80837689208983,10,0,one_apple,0.4541195619962011
790,22,9.054112304687497,10,0,one_apple,0.4536654424342049
791,19,-20.793452911376953,0,0,failed,0.45321177699177073
792,49,27.976775024414057,10,0,one_apple,0.452758565214779
793,35,-21.75963006591797,0,0,failed,0.4523058066495642
794,31,-1.3529957275390625,0,0,failed,0.45185350084291465
795,37,8.017621398925776,10,0,one_apple,0.4514016473420717
796,40,8.30716564941405,10,0,one_apple,0.45095024569472963
797,15,9.344121948242186,10,0,one_apple,0.4504992954490349
798,67,-3.069392242431642,0,0,failed,0.45004879615358584
799,19,9.414846374511715,10,0,one_apple,0.44959874735743227
800,9,-20.40539385986328,0,0,failed,0.4491491486100748
801,11,-20.419068481445315,0,0,failed,0.44869999946146477
802,10,-0.3277891235351563,0,0,failed,0.4482512994620033
803,11,-0.2834943237304688,0,0,failed,0.4478030481625413
804,9,-20.468694274902344,0,0,failed,0.44735524511437874
805,20,-20.919297424316408,0,0,failed,0.4469078898692644
806,23,29.071474121093747,10,0,one_apple,0.4464609819793951
807,10,-20.45,0,0,failed,0.44601452099741573
808,48,-22.1126081237793,0,0,failed,0.4455685064764183
809,28,-1.3925813293457034,0,0,failed,0.4451229379699419
810,8,-20.284509704589844,0,0,failed,0.44467781503197196
811,10,-0.30000000000000004,0,0,failed,0.44423313721693997
812,16,9.115533630371086,10,0,one_apple,0.44378890407972305
813,18,-20.830529907226563,0,0,failed,0.44334511517564335
814,24,-21.139926147460937,0,0,failed,0.4429017700604677
815,8,-20.21550030517578,0,0,failed,0.44245886829040726
816,29,-1.2136540527343749,0,0,failed,0.44201640942211684
817,8,-20.384509704589846,0,0,failed,0.44157439301269474
818,14,-0.6155818481445313,0,0,failed,0.44113281861968207
819,10,-20.55,0,0,failed,0.4406916858010624
820,10,-0.5330201416015625,0,0,failed,0.4402509941152613
821,13,29.41937997436523,10,0,one_apple,0.43981074312114604
822,8,29.75445111083984,10,0,one_apple,0.4393709323780249
823,28,28.658270446777333,10,0,one_apple,0.4389315614456469
824,8,-20.290709045410157,0,0,failed,0.43849262988420123
825,56,27.650354797363267,10,0,one_apple,0.438054137254317
826,71,-3.5514513244628927,0,0,failed,0.4376160831170627
827,31,-1.4979776000976566,0,0,failed,0.43717846703394564
828,25,29.105249084472653,10,0,one_apple,0.4367412885669117
829,17,29.40706002807617,10,0,one_apple,0.4363045472783448
830,9,-0.2845097045898438,0,0,failed,0.43586824273106645
831,29,9.054712524414061,10,0,one_apple,0.4354323744883354
832,11,-0.3468356323242188,0,0,failed,0.43499694211384704
833,36,-1.5405807800292974,0,0,failed,0.4345619451717332
834,20,-0.8678684692382813,0,0,failed,0.43412738322656147
835,18,-20.73451397705078,0,0,failed,0.4336932558433349
836,16,-20.761856506347655,0,0,failed,0.43325956258749154
837,18,-0.7316685791015626,0,0,failed,0.43282630302490405
838,33,8.55246289062499,10,0,one_apple,0.43239347672187917
839,26,28.73545037841796,10,0,one_apple,0.4319610832451573
840,15,9.284156188964836,10,0,one_apple,0.43152912216191214
841,52,27.632967315673824,10,0,one_apple,0.4310975930397502
842,22,8.955065795898424,10,0,one_apple,0.43066649544671043
843,34,28.573579467773435,10,0,one_apple,0.4302358289512637
844,17,-0.698761962890625,0,0,failed,0.4298055931223125
845,19,-20.904131591796876,0,0,failed,0.42937578752919014
846,21,29.05138980102539,10,0,one_apple,0.4289464117416609
847,6,-20.150000000000002,0,0,failed,0.42851746532991924
848,44,28.332663269042957,10,0,one_apple,0.42808894786458934
849,37,8.100876235961895,10,0,one_apple,0.42766085891672473
850,20,-20.94388592529297,0,0,failed,0.427233198057808
851,17,9.28194854736328,10,0,one_apple,0.4268059648597502
852,16,-20.696306701660156,0,0,failed,0.4263791588948904
853,4,-0.1,0,0,failed,0.42595277973599555
854,50,-2.2831687316894542,0,0,failed,0.42552682695625954
855,16,-0.5339605102539062,0,0,failed,0.4251013001293033
856,25,28.869806457519527,10,0,one_apple,0.424676198829174
857,6,-20.18221485900879,0,0,failed,0.4242515226303448
858,12,-20.603712219238282,0,0,failed,0.42382727110771445
859,36,28.77109088134765,10,0,one_apple,0.4234034438366067
860,17,-0.7352927703857424,0,0,failed,0.4229800403927701
861,26,8.961680969238277,10,0,one_apple,0.42255706035237733
862,13,9.524014953613278,10,0,one_apple,0.42213450329202495
863,25,-21.238241973876953,0,0,failed,0.4217123687887329
864,14,-20.49355584716797,0,0,failed,0.4212906564199442
865,9,-20.400681396484377,0,0,failed,0.42086936576352424
866,61,27.549350341796863,10,0,one_apple,0.4204484963977607
867,51,27.69059552001951,10,0,one_apple,0.42002804790136294
868,10,-20.345929931640626,0,0,failed,0.4196080198534616
869,16,29.498968933105466,10,0,one_apple,0.4191884118336081
870,9,29.598168334960935,10,0,one_apple,0.41876922342177453
871,12,-0.4777765808105469,0,0,failed,0.41835045419835276
872,30,28.90345208740234,10,0,one_apple,0.4179321037441544
873,4,-0.1,0,0,failed,0.41751417164041027
874,13,29.307906799316402,10,0,one_apple,0.41709665746876984
875,9,-20.31389263916016,0,0,failed,0.4166795608113011
876,67,-23.056174575805667,0,0,failed,0.41626288125048977
877,17,9.303355163574217,10,0,one_apple,0.41584661836923925
878,9,-20.4785869140625,0,0,failed,0.41543077175087
879,9,-20.35182604980469,0,0,failed,0.41501534097911913
880,21,29.477275390624996,10,0,one_apple,0.41460032563814003
881,59,6.781033233642564,10,0,one_apple,0.4141857253125019
882,14,-0.6492378540039062,0,0,failed,0.41377153958718943
883,9,-0.30000000000000004,0,0,failed,0.4133577680476022
884,18,-0.6997401123046875,0,0,failed,0.4129444102795546
885,44,27.60013903808593,10,0,one_apple,0.412531465869275
886,16,29.344599548339843,10,0,one_apple,0.41211893440340575
887,25,8.971128341674795,10,0,one_apple,0.41170681546900234
888,9,-0.34383837890625,0,0,failed,0.41129510865353336
889,16,29.346408630371087,10,0,one_apple,0.41088381354487985
890,17,29.345320587158202,10,0,one_apple,0.410472929731335
891,34,-1.9880456542968754,0,0,failed,0.41006245680160364
892,17,9.395326980590816,10,0,one_apple,0.40965239434480205
893,16,-20.733178649902346,0,0,failed,0.40924274195045723
894,31,28.717696563720697,10,0,one_apple,0.40883349920850676
895,8,29.73599639892578,10,0,one_apple,0.40842466570929825
896,8,29.73599639892578,10,0,one_apple,0.40801624104358897
897,12,-20.553353637695313,0,0,failed,0.4076082248025454
898,10,-0.5,0,0,failed,0.4072006165777428
899,12,29.56176214599609,10,0,one_apple,0.4067934159611651
900,29,29.076248046874994,10,0,one_apple,0.4063866225452039
901,8,9.684227722167968,10,0,one_apple,0.4059802359226587
902,10,29.562836303710935,10,0,one_apple,0.40557425568673605
903,15,9.430029724121091,10,0,one_apple,0.40516868143104934
904,13,-0.6076058959960938,0,0,failed,0.4047635127496183
905,4,-0.1,0,0,failed,0.4043587492368687
906,21,9.23387442016601,10,0,one_apple,0.4039543904876318
907,18,9.270668029785153,10,0,one_apple,0.4035504360971442
908,17,29.244034378051754,10,0,one_apple,0.40314688566104706
909,11,-0.40550787353515627,0,0,failed,0.402743738775386
910,32,8.894589950561517,10,0,one_apple,0.4023409950366106
911,26,28.63356881713867,10,0,one_apple,0.401938654041574
912,23,29.299986572265624,10,0,one_apple,0.4015367153875324
913,24,9.086452911376949,10,0,one_apple,0.4011351786721449
914,13,-20.67046728515625,0,0,failed,0.40073404349347275
915,44,27.962930297851546,10,0,one_apple,0.40033330944997925
916,23,8.819341552734368,10,0,one_apple,0.39993297614052925
917,28,-1.3685794982910158,0,0,failed,0.3995330431643887
918,39,28.40445434570312,10,0,one_apple,0.39913351012122433
919,35,8.412609374999985,10,0,one_apple,0.3987343766111031
920,23,9.0274976196289,10,0,one_apple,0.398335642234492
921,20,29.27316693115234,10,0,one_apple,0.3979373065922575
922,71,6.542832031249972,10,0,one_apple,0.39753936928566525
923,30,8.730075012207017,10,0,one_apple,0.3971418299163796
924,16,29.50644281005859,10,0,one_apple,0.3967446880864632
925,12,-0.5138342285156251,0,0,failed,0.3963479433983767
926,19,9.243325561523434,10,0,one_apple,0.3959515954549783
927,20,-21.078457946777345,0,0,failed,0.39555564385952335
928,47,28.174521789550777,10,0,one_apple,0.39516008821566384
929,38,8.412076019287102,10,0,one_apple,0.3947649281274482
930,19,9.202525512695312,10,0,one_apple,0.3943701631993207
931,25,8.967463989257809,10,0,one_apple,0.3939757930361214
932,21,29.31093911743164,10,0,one_apple,0.3935818172430853
933,18,9.31280236816406,10,0,one_apple,0.3931882354258422
934,49,27.93283996582029,10,0,one_apple,0.39279504719041636
935,23,9.224336975097653,10,0,one_apple,0.39240225214322594
936,16,29.26006439208984,10,0,one_apple,0.39200984989108273
937,27,-21.310367004394532,0,0,failed,0.39161784004119166
938,7,29.73599639892578,10,0,one_apple,0.39122622220115044
939,17,29.374576538085936,10,0,one_apple,0.3908349959789493
940,8,-20.366552001953124,0,0,failed,0.3904441609829703
941,10,-0.3640036010742188,0,0,failed,0.3900537168219873
942,4,-0.1,0,0,failed,0.3896636631051653
943,23,9.184463684082026,10,0,one_apple,0.38927399944206015
944,9,-20.410993286132815,0,0,failed,0.3888847254426181
945,12,-0.482207275390625,0,0,failed,0.38849584071717547
946,6,-20.187991790771484,0,0,failed,0.3881073448764583
947,47,7.971161010742172,10,0,one_apple,0.3877192375315819
948,30,8.892170043945303,10,0,one_apple,0.3873315182940503
949,10,-20.421605712890624,0,0,failed,0.38694418677575626
950,25,-21.2083291015625,0,0,failed,0.3865572425889805
951,30,-21.617531311035158,0,0,failed,0.38617068534639154
952,32,28.711536010742176,10,0,one_apple,0.38578451466104513
953,48,28.033450195312483,10,0,one_apple,0.3853987301463841
954,17,-20.50056384277344,0,0,failed,0.3850133314162377
955,12,-20.660107543945312,0,0,failed,0.3846283180848215
956,44,8.212455993652334,10,0,one_apple,0.3842436897667367
957,14,29.399999999999995,10,0,one_apple,0.3838594460769699
958,36,8.334747894287108,10,0,one_apple,0.38347558663089293
959,28,8.843763916015618,10,0,one_apple,0.38309211104426205
960,6,-20.150000000000002,0,0,failed,0.3827090189332178
961,9,-20.35,0,0,failed,0.38232630991428457
962,14,9.38971661376953,10,0,one_apple,0.38194398360437026
963,17,-0.6803519897460939,0,0,failed,0.3815620396207659
964,23,28.962580230712888,10,0,one_apple,0.38118047758114515
965,30,8.78399523925781,10,0,one_apple,0.380799297103564
966,7,-20.198075256347657,0,0,failed,0.3804184978064605
967,32,28.529038177490232,10,0,one_apple,0.380038079308654
968,33,8.772307861328116,10,0,one_apple,0.3796580412293454
969,26,28.83324572753906,10,0,one_apple,0.379278383188116
970,8,29.7,10,0,one_apple,0.3788991048049279
971,28,8.745086547851553,10,0,one_apple,0.37852020570012296
972,4,-0.1,0,0,failed,0.37814168549442284
973,15,9.290814086914061,10,0,one_apple,0.3777635438089284
974,12,-0.3461423645019531,0,0,failed,0.3773857802651195
975,36,28.376848205566397,10,0,one_apple,0.37700839448485435
976,14,29.43961956787109,10,0,one_apple,0.3766313860903695
977,22,29.120876098632806,10,0,one_apple,0.37625475470427916
978,14,-20.6400673828125,0,0,failed,0.3758784999495749
979,9,-20.375628662109374,0,0,failed,0.3755026214496253
980,19,-20.943040954589843,0,0,failed,0.3751271188281757
981,7,-20.25,0,0,failed,0.3747519917093475
982,9,-0.3682625732421875,0,0,failed,0.37437723971763814
983,10,9.596849670410155,10,0,one_apple,0.37400286247792053
984,8,-0.2326585693359375,0,0,failed,0.3736288596154426
985,16,9.539396209716797,10,0,one_apple,0.37325523075582717
986,47,8.080671508789049,10,0,one_apple,0.37288197552507135
987,13,9.475653198242185,10,0,one_apple,0.37250909354954626
988,48,7.998084838867161,10,0,one_apple,0.37213658445599673
989,12,-20.533327423095702,0,0,failed,0.3717644478715407
990,28,8.908831787109364,10,0,one_apple,0.3713926834236692
991,4,-0.1,0,0,failed,0.37102129074024554
992,9,-20.43189141845703,0,0,failed,0.3706502694495053
993,10,-20.419842895507813,0,0,failed,0.3702796191800558
994,10,9.463619445800777,10,0,one_apple,0.36990933956087574
995,12,-0.5309750366210938,0,0,failed,0.36953943022131486
996,25,28.961570816040037,10,0,one_apple,0.3691698907910935
997,19,9.46532702636718,10,0,one_apple,0.3688007209003024
998,19,9.333199340820311,10,0,one_apple,0.36843192017940213
999,11,29.617377807617185,10,0,one_apple,0.36806348825922275
1000,20,-20.964974578857422,0,0,failed,0.3676954247709635
1001,8,-20.35,0,0,failed,0.36732772934619257
1002,44,7.896540161132791,10,0,one_apple,0.3669604016168464
1003,10,-20.538206604003907,0,0,failed,0.3665934412152296
1004,21,9.28076446533203,10,0,one_apple,0.3662268477740143
1005,29,-21.34316818237305,0,0,failed,0.36586062092624033
1006,13,29.59528576660156,10,0,one_apple,0.3654947603053141
1007,11,-20.471703552246094,0,0,failed,0.36512926554500874
1008,13,-20.690584350585937,0,0,failed,0.36476413627946375
1009,9,-20.431877868652343,0,0,failed,0.3643993721431843
1010,12,-0.5551580505371094,0,0,failed,0.36403497277104113
1011,23,8.91199258422851,10,0,one_apple,0.3636709377982701
1012,58,7.486101745605453,10,0,one_apple,0.3633072668604718
1013,21,8.936327728271479,10,0,one_apple,0.36294395959361136
1014,42,28.101596984863267,10,0,one_apple,0.36258101563401773
1015,8,-20.349274291992188,0,0,failed,0.3622184346183837
1016,30,28.508608703613277,10,0,one_apple,0.36185621618376534
1017,26,8.762030242919916,10,0,one_apple,0.36149435996758156
1018,9,-20.41989337158203,0,0,failed,0.361132865607614
1019,18,29.222522369384762,10,0,one_apple,0.36077173274200636
1020,23,159.0927848510742,20,1,complete,0.36041096100926434
1021,69,6.584455078124982,10,0,one_apple,0.3600505500482551
1022,26,8.732015899658197,10,0,one_apple,0.35969049949820686
1023,16,-20.579654388427734,0,0,failed,0.3593308089987087
1024,13,9.419024963378906,10,0,one_apple,0.35897147818971
1025,22,29.17608462524414,10,0,one_apple,0.3586125067115203
1026,28,-21.413748687744143,0,0,failed,0.35825389420480874
1027,17,29.261039932250974,10,0,one_apple,0.35789564031060395
1028,15,9.495582519531249,10,0,one_apple,0.35753774467029337
1029,18,-20.88225668334961,0,0,failed,0.3571802069256231
1030,15,9.323421478271484,10,0,one_apple,0.3568230267186975
1031,18,9.27221258544921,10,0,one_apple,0.3564662036919788
1032,16,9.356131988525387,10,0,one_apple,0.35610973748828684
1033,22,-0.9778919067382812,0,0,failed,0.35575362775079855
1034,30,28.652639709472652,10,0,one_apple,0.35539787412304774
1035,27,9.070712463378904,10,0,one_apple,0.3550424762489247
1036,19,-0.8367427978515625,0,0,failed,0.3546874337726758
1037,8,-20.30513360595703,0,0,failed,0.35433274633890316
1038,10,-0.43237347412109384,0,0,failed,0.35397841359256427
1039,32,-21.520534790039065,0,0,failed,0.3536244351789717
1040,17,29.315277587890623,10,0,one_apple,0.35327081074379274
1041,28,28.590416992187492,10,0,one_apple,0.352917539933049
1042,18,9.407783813476556,10,0,one_apple,0.3525646223931159
1043,15,29.29801232910156,10,0,one_apple,0.3522120577707228
1044,32,28.53136940002441,10,0,one_apple,0.3518598457129521
1045,10,29.622807678222653,10,0,one_apple,0.35150798586723914
1046,47,27.84497406005859,20,1,complete,0.3511564778813719
1047,27,28.988591705322264,10,0,one_apple,0.3508053214034905
1048,25,-1.0841347351074218,0,0,failed,0.35045451608208705
1049,36,-1.687634643554688,0,0,failed,0.350104061566005
1050,40,-21.98221911621094,0,0,failed,0.349753957504439
1051,19,-20.988883666992187,0,0,failed,0.3494042035469346
1052,29,8.763872070312491,10,0,one_apple,0.3490547993433876
1053,9,-20.450469970703125,0,0,failed,0.34870574454404424
1054,15,9.245798522949212,10,0,one_apple,0.3483570387995002
1055,16,9.3795068359375,10,0,one_apple,0.3480086817607007
1056,13,29.576124999999998,10,0,one_apple,0.34766067307894
1057,57,27.337753967285128,10,0,one_apple,0.34731301240586104
1058,65,27.174463439941402,10,0,one_apple,0.3469656993934552
1059,14,9.38554028320312,10,0,one_apple,0.3466187336940617
1060,30,-21.536894805908204,0,0,failed,0.34627211496036764
1061,43,28.200962280273416,10,0,one_apple,0.3459258428454073
1062,45,28.20790390014648,10,0,one_apple,0.34557991700256185
1063,18,-0.5834006347656252,0,0,failed,0.3452343370855593
1064,9,-0.35513360595703136,0,0,failed,0.34488910274847373
1065,74,6.327218994140594,10,0,one_apple,0.34454421364572524
1066,11,-0.41182916259765634,0,0,failed,0.3441996694320795
1067,23,-1.0319320068359374,0,0,failed,0.34385546976264747
1068,16,9.206059326171875,10,0,one_apple,0.34351161429288485
1069,16,9.368401977539062,10,0,one_apple,0.34316810267859194
1070,9,29.669024963378906,10,0,one_apple,0.34282493457591334
1071,17,-0.8375412445068361,0,0,failed,0.3424821096413374
1072,47,28.044733764648424,10,0,one_apple,0.3421396275316961
1073,13,9.464368896484373,10,0,one_apple,0.34179748790416437
1074,27,28.955528076171873,10,0,one_apple,0.3414556904162602
1075,104,25.33567369079587,20,1,complete,0.34111423472584396
1076,60,-3.026909637451173,10,0,one_apple,0.34077312049111813
1077,16,-20.650967529296874,0,0,failed,0.340432347370627
1078,32,28.655972473144523,10,0,one_apple,0.34009191502325636
1079,16,-20.660025451660157,0,0,failed,0.3397518231082331
1080,12,-20.53760791015625,0,0,failed,0.33941207128512485
1081,25,8.880988159179687,10,0,one_apple,0.3390726592138397
1082,22,-21.089387420654298,0,0,failed,0.3387335865546259
1083,17,9.199999999999992,10,0,one_apple,0.33839485296807126
1084,25,28.826036102294918,10,0,one_apple,0.3380564581151032
1085,46,27.769973510742172,10,0,one_apple,0.33771840165698813
1086,7,9.65973681640625,10,0,one_apple,0.33738068325533116
1087,13,9.248173828124997,10,0,one_apple,0.3370433025720758
1088,18,29.290318603515622,10,0,one_apple,0.33670625926950376
1089,18,9.081331634521483,10,0,one_apple,0.33636955301023425
1090,25,-1.1141761474609375,0,0,failed,0.336033183457224
1091,64,26.998773193359355,10,0,one_apple,0.3356971502737668
1092,13,-0.6190063171386719,0,0,failed,0.335361453123493
1093,34,28.616685729980468,10,0,one_apple,0.3350260916703695
1094,25,8.788282989501951,10,0,one_apple,0.33469106557869915
1095,30,8.631572402954099,10,0,one_apple,0.33435637451312045
1096,29,-1.0706358337402342,10,0,one_apple,0.3340220181386073
1097,19,9.244001464843748,10,0,one_apple,0.33368799612046873
1098,7,-20.25637341308594,0,0,failed,0.33335430812434824
1099,25,28.73615243530273,10,0,one_apple,0.3330209538162239
1100,46,-2.102169006347657,0,0,failed,0.33268793286240766
1101,67,6.6093710937499885,10,0,one_apple,0.33235524492954527
1102,32,28.9341611328125,10,0,one_apple,0.33202288968461574
1103,35,8.395398071289062,10,0,one_apple,0.33169086679493115
1104,19,-0.7547609558105469,0,0,failed,0.33135917592813624
1105,9,-20.38722674560547,0,0,failed,0.3310278167522081
1106,50,7.549087585449207,10,0,one_apple,0.3306967889354559
1107,19,-0.9049345092773438,0,0,failed,0.33036609214652046
1108,11,-20.55,0,0,failed,0.3300357260543739
1109,14,29.376779541015622,10,0,one_apple,0.32970569032831953
1110,27,8.656394897460931,10,0,one_apple,0.3293759846379912
1111,8,-0.30000000000000004,0,0,failed,0.3290466086533532
1112,18,-20.90635546875,0,0,failed,0.3287175620446999
1113,95,25.401957763671835,10,0,one_apple,0.32838884448265515
1114,30,8.60444409179686,10,0,one_apple,0.3280604556381725
1115,4,-0.1,0,0,failed,0.32773239518253433
1116,9,29.63599639892578,10,0,one_apple,0.3274046627873518
1117,13,-0.5438388061523438,0,0,failed,0.32707725812456445
1118,38,8.19870733642577,10,0,one_apple,0.32675018086643987
1119,12,-0.54049951171875,0,0,failed,0.32642343068557345
1120,15,29.39110461425781,10,0,one_apple,0.3260970072548879
1121,54,7.50594720458982,10,0,one_apple,0.325770910247633
1122,13,9.484566528320311,10,0,one_apple,0.32544513933738534
1123,13,9.337939514160151,10,0,one_apple,0.3251196941980479
1124,12,-20.534235961914064,0,0,failed,0.32479457450384985
1125,18,-0.7411060791015625,10,0,one_apple,0.324469779929346
1126,13,29.472565307617185,10,0,one_apple,0.32414531014941667
1127,17,9.37685314941406,10,0,one_apple,0.32382116483926726
1128,42,28.070489196777334,10,0,one_apple,0.323497343674428
1129,37,8.31835296630858,10,0,one_apple,0.3231738463307536
1130,21,-0.9030765380859377,0,0,failed,0.32285067248442284
1131,48,28.026020385742175,10,0,one_apple,0.3225278218119384
1132,11,-0.3943340759277344,0,0,failed,0.3222052939901265
1133,51,27.561515319824206,10,0,one_apple,0.32188308869613635
1134,42,27.84797564697264,10,0,one_apple,0.3215612056074402
1135,15,29.3995283203125,10,0,one_apple,0.3212396444018328
1136,15,-0.44384191894531255,10,0,one_apple,0.32091840475743094
1137,15,29.510345916748044,10,0,one_apple,0.3205974863526735
1138,37,7.876854431152324,10,0,one_apple,0.32027688886632083
1139,82,25.851338638305624,10,0,one_apple,0.3199566119774545
1140,18,-20.832390869140625,0,0,failed,0.31963665536547703
1141,37,8.212353240966788,10,0,one_apple,0.31931701871011153
1142,14,9.266979858398436,10,0,one_apple,0.3189977016914014
1143,18,29.40216387939453,10,0,one_apple,0.31867870398971
1144,35,-21.754251831054688,0,0,failed,0.31836002528572027
1145,20,-20.97486376953125,0,0,failed,0.31804166526043454
1146,22,29.002312622070303,10,0,one_apple,0.3177236235951741
1147,53,27.840173706054674,10,0,one_apple,0.3174058999715789
1148,23,29.190875823974608,10,0,one_apple,0.31708849407160733
1149,13,29.613684814453123,10,0,one_apple,0.31677140557753575
1150,30,28.704952514648422,10,0,one_apple,0.31645463417195824
1151,19,29.203918060302733,10,0,one_apple,0.3161381795377863
1152,39,28.191869720458982,10,0,one_apple,0.3158220413582485
1153,12,-0.5647581176757813,0,0,failed,0.3155062193168902
1154,10,-20.50304058837891,0,0,failed,0.31519071309757335
1155,11,9.449999999999996,10,0,one_apple,0.3148755223844758
1156,21,29.365397766113276,10,0,one_apple,0.31456064686209134
1157,41,28.20047406005858,10,0,one_apple,0.31424608621522926
1158,26,28.758092346191404,10,0,one_apple,0.31393184012901404
1159,24,8.782783386230463,10,0,one_apple,0.31361790828888503
1160,13,9.407987670898436,10,0,one_apple,0.31330429038059615
1161,10,-0.3550084838867188,0,0,failed,0.31299098609021553
1162,21,9.00921594238281,10,0,one_apple,0.3126779951041253
1163,15,-0.6346409912109376,10,0,one_apple,0.31236531710902116
1164,28,28.736424728393548,10,0,one_apple,0.3120529517919121
1165,35,28.5804630126953,10,0,one_apple,0.3117408988401202
1166,14,9.479877685546874,10,0,one_apple,0.31142915794128007
1167,19,-0.8250052490234375,0,0,failed,0.31111772878333877
1168,40,8.283573760986314,10,0,one_apple,0.3108066110545554
1169,5,-0.1309750366210938,0,0,failed,0.3104958044435009
1170,17,29.411101928710934,10,0,one_apple,0.3101853086390574
1171,25,29.004961730957028,10,0,one_apple,0.30987512333041833
1172,14,9.419041992187498,10,0,one_apple,0.3095652482070879
1173,10,29.57596655273437,10,0,one_apple,0.30925568295888084
1174,17,9.301621032714841,10,0,one_apple,0.308946427275922
1175,18,29.287419189453125,10,0,one_apple,0.30863748084864606
1176,43,28.297685241699213,10,0,one_apple,0.3083288433677974
1177,24,28.82196624755858,10,0,one_apple,0.30802051452442963
1178,14,9.425231231689452,10,0,one_apple,0.3077124940099052
1179,22,29.235779907226558,10,0,one_apple,0.3074047815158953
1180,12,29.538967346191402,10,0,one_apple,0.30709737673437937
1181,9,-20.452381042480468,0,0,failed,0.30679027935764497
1182,15,29.4,10,0,one_apple,0.3064834890782873
1183,30,8.738804992675771,10,0,one_apple,0.306177005589209
1184,16,9.25445608520507,10,0,one_apple,0.3058708285836198
1185,22,28.92052813720703,10,0,one_apple,0.30556495775503617
1186,8,-20.3377763671875,0,0,failed,0.30525939279728115
1187,14,-0.5077567443847656,10,0,one_apple,0.30495413340448385
1188,14,9.414847747802733,10,0,one_apple,0.3046491792710794
1189,11,-0.32943942260742193,0,0,failed,0.3043445300918083
1190,38,28.62507025146483,10,0,one_apple,0.30404018556171647
1191,46,27.771113586425766,10,0,one_apple,0.30373614537615473
1192,69,6.758369445800753,10,0,one_apple,0.3034324092307786
1193,34,28.47009484863281,10,0,one_apple,0.3031289768215478
1194,57,27.32109240722654,10,0,one_apple,0.30282584784472627
1195,10,-20.469386779785157,0,0,failed,0.3025230219968815
1196,30,8.764887908935545,10,0,one_apple,0.3022204989748846
1197,15,9.31251266479492,10,0,one_apple,0.30191827847590974
1198,19,-20.87030059814453,0,0,failed,0.3016163601974338
1199,17,29.420348510742187,10,0,one_apple,0.3013147438372364
1200,15,9.406560607910151,10,0,one_apple,0.3010134290933992
1201,40,8.550278442382798,10,0,one_apple,0.3007124156643058
1202,16,29.25871209716797,10,0,one_apple,0.30041170324864147
1203,14,29.416839416503905,10,0,one_apple,0.30011129154539284
1204,20,29.38543780517578,10,0,one_apple,0.29981118025384745
1205,14,9.464766265869137,10,0,one_apple,0.2995113690735936
1206,9,29.599999999999998,10,0,one_apple,0.29921185770452
1207,31,28.804131042480464,10,0,one_apple,0.2989126458468155
1208,14,29.353259033203123,10,0,one_apple,0.2986137332009687
1209,26,8.581212875366209,10,0,one_apple,0.29831511946776773
1210,22,-20.908571884155275,0,0,failed,0.29801680434829997
1211,12,-0.6055482482910156,0,0,failed,0.29771878754395165
1212,26,28.734260742187498,10,0,one_apple,0.29742106875640767
1213,90,5.496109436035134,10,0,one_apple,0.29712364768765126
1214,22,29.229611267089837,10,0,one_apple,0.2968265240399636
1215,7,-0.1,10,0,one_apple,0.2965296975159237
1216,10,-0.39967559814453135,0,0,failed,0.29623316781840775
1217,8,-0.210607421875,0,0,failed,0.29593693465058934
1218,7,-20.25,0,0,failed,0.29564099771593877
1219,8,-20.274704193115234,0,0,failed,0.2953453567182228
1220,14,9.416766601562497,10,0,one_apple,0.2950500113615046
1221,7,-20.25,0,0,failed,0.2947549613501431
1222,8,29.70325268554687,10,0,one_apple,0.294460206388793
1223,24,29.046984008789057,10,0,one_apple,0.2941657461824042
1224,9,29.698195434570312,10,0,one_apple,0.2938715804362218
1225,13,-20.55,0,0,failed,0.2935777088557856
1226,16,-20.64369909667969,0,0,failed,0.2932841311469298
1227,26,8.800936462402337,10,0,one_apple,0.2929908470157829
1228,63,7.105534362792959,10,0,one_apple,0.2926978561687671
1229,14,29.539619567871092,10,0,one_apple,0.29240515831259833
1230,41,28.338428100585922,10,0,one_apple,0.29211275315428575
1231,17,-0.621631103515625,10,0,one_apple,0.2918206404011315
1232,93,5.71376220703122,10,0,one_apple,0.29152881976073036
1233,14,-20.55737060546875,0,0,failed,0.2912372909409696
1234,15,9.496320434570311,10,0,one_apple,0.2909460536500286
1235,54,7.543178527832016,10,0,one_apple,0.2906551075963786
1236,12,29.34660076904297,10,0,one_apple,0.2903644524887822
1237,15,-20.59733624267578,0,0,failed,0.2900740880362934
1238,10,-0.2448416137695313,0,0,failed,0.28978401394825715
1239,10,-20.513535552978517,0,0,failed,0.2894942299343089
1240,24,-1.0203013000488284,0,0,failed,0.2892047357043746
1241,18,-20.928981872558595,0,0,failed,0.28891553096867023
1242,17,-0.5629147338867188,10,0,one_apple,0.2886266154377016
1243,52,27.359479217529266,10,0,one_apple,0.28833798882226386
1244,15,9.607644348144529,10,0,one_apple,0.2880496508334416
1245,21,9.31777288818359,10,0,one_apple,0.28776160118260813
1246,15,9.357639404296872,10,0,one_apple,0.2874738395814255
1247,8,-20.208305969238282,0,0,failed,0.2871863657418441
1248,11,-0.35108660888671883,0,0,failed,0.28689917937610226
1249,20,29.319164550781245,10,0,one_apple,0.2866122801967262
1250,17,9.3780432434082,10,0,one_apple,0.28632566791652947
1251,42,7.918745788574196,10,0,one_apple,0.28603934224861294
1252,41,28.553071716308583,10,0,one_apple,0.2857533029063643
1253,29,28.848573822021482,10,0,one_apple,0.28546754960345794
1254,13,29.49338519287109,10,0,one_apple,0.2851820820538545
1255,17,29.298174682617187,10,0,one_apple,0.2848968999718006
1256,21,9.4514075012207,10,0,one_apple,0.2846120030718288
1257,56,27.34812661743162,10,0,one_apple,0.284327391068757
1258,40,7.961724121093745,10,0,one_apple,0.2840430636776882
1259,16,29.387222900390622,10,0,one_apple,0.28375902061401054
1260,16,9.360821472167968,10,0,one_apple,0.28347526159339653
1261,19,-0.7626342468261719,10,0,one_apple,0.28319178633180314
1262,16,9.264801208496092,10,0,one_apple,0.28290859454547135
1263,11,-20.495451477050782,0,0,failed,0.28262568595092585
1264,26,-1.2290766601562502,0,0,failed,0.2823430602649749
1265,15,29.55365640258789,10,0,one_apple,0.28206071720470993
1266,16,-20.73511187744141,0,0,failed,0.2817786564875052
1267,10,-0.39012359619140635,0,0,failed,0.28149687783101773
1268,16,-0.6119487915039062,0,0,failed,0.2812153809531867
1269,10,-20.314305572509767,0,0,failed,0.28093416557223355
1270,48,27.995354064941395,10,0,one_apple,0.2806532314066613
1271,50,28.01164776611327,10,0,one_apple,0.2803725781752547
1272,28,8.625311523437489,10,0,one_apple,0.2800922055970794
1273,33,8.75501257324218,10,0,one_apple,0.2798121133914823
1274,13,29.4908037109375,10,0,one_apple,0.2795323012780908
1275,13,-20.540381622314452,0,0,failed,0.2792527689768127
1276,42,8.009950531005842,10,0,one_apple,0.2789735162078359
1277,15,9.201458190917968,10,0,one_apple,0.2786945426916281
1278,61,27.272832214355454,10,0,one_apple,0.27841584814893644
1279,6,-0.1927681274414063,0,0,failed,0.2781374323007875
1280,34,8.736426757812499,10,0,one_apple,0.27785929486848676
1281,40,8.101130233764646,10,0,one_apple,0.27758143557361825
1282,22,29.11338153076171,10,0,one_apple,0.27730385413804465
1283,7,-0.1,0,0,failed,0.2770265502839066
1284,15,9.414489074707028,10,0,one_apple,0.2767495237336227
1285,15,9.289813537597656,10,0,one_apple,0.2764727742098891
1286,11,-20.45,0,0,failed,0.2761963014356792
1287,16,9.40825305175781,10,0,one_apple,0.27592010513424353
1288,16,29.366929107666014,10,0,one_apple,0.2756441850291093
1289,14,9.39487054443359,10,0,one_apple,0.2753685408440802
1290,14,29.453355163574216,10,0,one_apple,0.2750931723032361
1291,14,9.464403381347655,10,0,one_apple,0.27481807913093287
1292,13,-20.61409017944336,0,0,failed,0.27454326105180193
1293,11,-0.4,0,0,failed,0.2742687177907501
1294,18,-0.5636597900390627,0,0,failed,0.2739944490729594
1295,17,-20.679254302978517,0,0,failed,0.27372045462388644
1296,17,29.313619445800775,10,0,one_apple,0.2734467341692626
1297,14,9.442629394531249,10,0,one_apple,0.27317328743509334
1298,11,-0.5642799072265625,0,0,failed,0.27290011414765825
1299,34,28.790318176269526,10,0,one_apple,0.2726272140335106
1300,10,29.7,10,0,one_apple,0.27235458681947705
1301,17,29.300150573730466,10,0,one_apple,0.2720822322326576
1302,19,29.18594415283203,10,0,one_apple,0.2718101500004249
1303,30,8.403079681396484,10,0,one_apple,0.27153833985042447
1304,28,8.564666687011716,10,0,one_apple,0.27126680151057403
1305,17,-20.819321838378908,0,0,failed,0.27099553470906346
1306,40,28.414812377929678,10,0,one_apple,0.2707245391743544
1307,13,-0.5101392211914062,0,0,failed,0.27045381463518003
1308,14,9.462915283203124,10,0,one_apple,0.27018336082054484
1309,17,9.281064788818359,10,0,one_apple,0.2699131774597243
1310,16,29.362097900390623,10,0,one_apple,0.2696432642822646
1311,11,-20.45,0,0,failed,0.26937362101798235
1312,47,27.603859863281226,10,0,one_apple,0.26910424739696437
1313,30,8.67561178588867,10,0,one_apple,0.2688351431495674
1314,12,29.572334182739258,10,0,one_apple,0.26856630800641784
1315,6,-20.25,0,0,failed,0.2682977416984114
1316,19,-20.84524362182617,0,0,failed,0.268029443956713
1317,13,29.586925628662108,10,0,one_apple,0.2677614145127563
1318,11,-20.505167602539064,0,0,failed,0.2674936530982436
1319,16,-20.682934677124024,0,0,failed,0.26722615944514533
1320,24,29.072373779296868,10,0,one_apple,0.2669589332857002
1321,19,-0.7688610839843752,0,0,failed,0.2666919743524145
1322,74,26.5078909912109,10,0,one_apple,0.26642528237806207
1323,15,29.314290527343747,10,0,one_apple,0.266158857095684
1324,15,9.42921173095703,10,0,one_apple,0.2658926982385883
1325,25,28.88517657470703,10,0,one_apple,0.26562680554034973
1326,23,29.102757019042965,10,0,one_apple,0.26536117873480936
1327,40,7.663566711425762,10,0,one_apple,0.26509581755607453
1328,22,29.067700683593742,10,0,one_apple,0.26483072173851846
1329,9,-20.408454956054687,0,0,failed,0.26456589101677996
1330,14,29.566655822753905,10,0,one_apple,0.2643013251257632
1331,29,-1.3836100463867191,0,0,failed,0.2640370238006374
1332,15,9.35404278564453,10,0,one_apple,0.2637729867768368
1333,17,29.39263716125488,10,0,one_apple,0.26350921379006
1334,35,8.311803100585934,10,0,one_apple,0.26324570457626995
1335,16,29.326416015624996,10,0,one_apple,0.2629824588716937
1336,23,29.09999999999999,10,0,one_apple,0.262719476412822
1337,19,29.529323608398435,10,0,one_apple,0.2624567569364092
1338,48,7.562626098632784,10,0,one_apple,0.26219430017947276
1339,15,9.30518841552734,10,0,one_apple,0.2619321058792933
1340,18,29.31774975585937,10,0,one_apple,0.261670173773414
1341,34,8.37306799316405,10,0,one_apple,0.2614085035996406
1342,20,9.056702453613276,10,0,one_apple,0.26114709509604095
1343,18,9.300348571777338,10,0,one_apple,0.2608859480009449
1344,15,-20.75,0,0,failed,0.26062506205294395
1345,15,9.452455871582028,10,0,one_apple,0.260364436990891
1346,16,9.228446350097656,10,0,one_apple,0.2601040725539001
1347,19,29.249999999999996,10,0,one_apple,0.2598439684813462
1348,14,9.322632751464841,10,0,one_apple,0.2595841245128649
1349,45,28.250792419433576,10,0,one_apple,0.259324540388352
1350,18,9.333090118408203,10,0,one_apple,0.25906521584796366
1351,21,9.25575866699219,10,0,one_apple,0.2588061506321157
1352,9,-20.35,0,0,failed,0.2585473444814836
1353,36,28.160909484863264,10,0,one_apple,0.2582887971370021
1354,15,9.454984588623045,10,0,one_apple,0.2580305083398651
1355,15,29.456997192382808,10,0,one_apple,0.2577724778315252
1356,16,9.296375213623046,10,0,one_apple,0.25751470535369364
1357,12,9.41734143066406,10,0,one_apple,0.25725719064833996
1358,60,7.242722167968726,10,0,one_apple,0.2569999334576916
1359,32,8.670110656738267,10,0,one_apple,0.25674293352423394
1360,25,8.630278625488277,10,0,one_apple,0.2564861905907097
1361,11,29.599999999999998,10,0,one_apple,0.256229704400119
1362,14,29.441549682617186,10,0,one_apple,0.25597347469571885
1363,17,-0.6120126342773438,10,0,one_apple,0.25571750122102316
1364,9,-20.310380432128905,0,0,failed,0.25546178371980216
1365,21,29.124474304199214,10,0,one_apple,0.25520632193608234
1366,14,29.533329345703123,10,0,one_apple,0.25495111561414624
1367,14,9.37376684570312,10,0,one_apple,0.2546961644985321
1368,23,29.007708312988274,10,0,one_apple,0.2544414683340336
1369,5,-20.05,0,0,failed,0.25418702686569955
1370,26,28.903020553588856,10,0,one_apple,0.25393283983883386
1371,31,8.829903808593745,10,0,one_apple,0.25367890699899504
1372,43,27.985441802978503,10,0,one_apple,0.253425228091996
1373,24,8.87477563476562,10,0,one_apple,0.253171802863904
1374,8,-0.1,0,0,failed,0.2529186310610401
1375,15,9.364368713378905,10,0,one_apple,0.2526657124299791
1376,8,-0.30000000000000004,0,0,failed,0.2524130467175491
1377,12,29.599999999999998,10,0,one_apple,0.2521606336708316
1378,11,9.45,10,0,one_apple,0.25190847303716074
1379,46,27.79497448730467,10,0,one_apple,0.25165656456412355
1380,10,9.584259155273436,10,0,one_apple,0.25140490799955945
1381,23,29.05837973022461,10,0,one_apple,0.25115350309155987
1382,12,9.49567004394531,10,0,one_apple,0.2509023495884683
1383,18,-20.805909454345702,0,0,failed,0.25065144723887983
1384,13,29.599999999999998,10,0,one_apple,0.25040079579164093
1385,12,29.513619445800778,10,0,one_apple,0.2501503949958493
1386,17,-0.7004443359375,0,0,failed,0.24990024460085344
1387,7,-20.198075256347657,0,0,failed,0.24965034435625258
1388,51,-22.37126629638672,0,0,failed,0.24940069401189632
1389,9,-20.36655944824219,0,0,failed,0.24915129331788444
1390,20,9.185169860839835,10,0,one_apple,0.24890214202456656
1391,14,9.455159240722654,10,0,one_apple,0.248653239882542
1392,43,28.245377258300774,10,0,one_apple,0.24840458664265946
1393,45,8.050864074707022,10,0,one_apple,0.2481561820560168
1394,12,29.499999999999996,10,0,one_apple,0.2479080258739608
1395,8,-20.345451477050783,0,0,failed,0.24766011784808684
1396,8,-0.35141595458984376,0,0,failed,0.24741245773023876
1397,10,-0.30000000000000004,0,0,failed,0.24716504527250852
1398,17,9.306537902832027,10,0,one_apple,0.24691788022723601
1399,8,-0.2,0,0,failed,0.24667096234700878
1400,14,29.411541381835935,10,0,one_apple,0.24642429138466176
1401,36,28.35499664306639,10,0,one_apple,0.2461778670932771
1402,20,9.251652282714844,10,0,one_apple,0.24593168922618383
1403,32,8.505082397460932,10,0,one_apple,0.24568575753695765
1404,61,27.06335284423825,10,0,one_apple,0.2454400717794207
1405,8,-20.35,0,0,failed,0.24519463170764128
1406,15,9.413135131835933,10,0,one_apple,0.24494943707593364
1407,34,28.720583557128897,10,0,one_apple,0.24470448763885772
1408,20,29.21448632812499,10,0,one_apple,0.24445978315121886
1409,15,29.459547851562498,10,0,one_apple,0.24421532336806764
1410,19,-0.7825049438476562,0,0,failed,0.24397110804469957
1411,24,8.886776611328113,10,0,one_apple,0.24372713693665488
1412,17,29.318034393310544,10,0,one_apple,0.24348340979971822
1413,42,27.984463378906238,10,0,one_apple,0.2432399263899185
1414,22,9.055285156249994,10,0,one_apple,0.2429966864635286
1415,16,29.427154052734373,10,0,one_apple,0.24275368977706507
1416,14,29.45999298095703,10,0,one_apple,0.24251093608728802
1417,21,9.351897583007812,10,0,one_apple,0.24226842515120073
1418,7,-20.21661459350586,0,0,failed,0.24202615672604952
1419,13,29.556088058471676,10,0,one_apple,0.24178413056932346
1420,40,8.187675659179675,10,0,one_apple,0.24154234643875414
1421,15,29.433677917480466,10,0,one_apple,0.24130080409231539
1422,11,9.649999999999999,10,0,one_apple,0.24105950328822306
1423,27,8.639233123779288,10,0,one_apple,0.24081844378493483
1424,33,28.4851653137207,10,0,one_apple,0.2405776253411499
1425,20,9.328670532226557,10,0,one_apple,0.24033704771580874
1426,14,9.367272460937496,10,0,one_apple,0.24009671066809293
1427,11,-20.599830169677734,0,0,failed,0.23985661395742483
1428,8,-20.35,0,0,failed,0.2396167573434674
1429,20,9.102919616699218,10,0,one_apple,0.23937714058612394
1430,38,8.486207092285145,10,0,one_apple,0.23913776344553783
1431,54,27.840851226806635,10,0,one_apple,0.2388986256820923
1432,31,28.37416198730467,10,0,one_apple,0.2386597270564102
1433,35,28.27771716308592,10,0,one_apple,0.23842106732935378
1434,8,-0.2326585693359375,0,0,failed,0.23818264626202443
1435,8,-20.35,0,0,failed,0.2379444636157624
1436,26,8.957958557128904,10,0,one_apple,0.23770651915214663
1437,9,-20.35,0,0,failed,0.2374688126329945
1438,7,-0.2,0,0,failed,0.23723134382036148
1439,31,28.726276306152343,10,0,one_apple,0.23699411247654112
1440,20,-0.7286355590820314,0,0,failed,0.23675711836406457
1441,15,-0.5432193603515626,10,0,one_apple,0.2365203612457005
1442,14,29.539619567871092,10,0,one_apple,0.2362838408844548
1443,26,9.006596099853516,10,0,one_apple,0.23604755704357036
1444,16,-0.549341049194336,10,0,one_apple,0.2358115094865268
1445,19,29.19274774169922,10,0,one_apple,0.23557569797704025
1446,15,-0.5402995300292969,10,0,one_apple,0.2353401222790632
1447,15,-0.39775189208984385,10,0,one_apple,0.23510478215678413
1448,14,9.39964094543457,10,0,one_apple,0.23486967737462733
1449,21,29.405790893554684,10,0,one_apple,0.2346348076972527
1450,13,9.45,10,0,one_apple,0.23440017288955545
1451,20,29.314764770507807,10,0,one_apple,0.2341657727166659
1452,27,28.776782043457022,10,0,one_apple,0.2339316069439492
1453,36,28.379474761962875,10,0,one_apple,0.23369767533700525
1454,39,28.43711120605467,10,0,one_apple,0.23346397766166824
1455,15,29.337234252929683,10,0,one_apple,0.23323051368400657
1456,9,29.637683593749998,10,0,one_apple,0.23299728317032256
1457,14,9.506997192382808,10,0,one_apple,0.23276428588715223
1458,8,-0.30000000000000004,0,0,failed,0.23253152160126508
1459,20,29.384710144042966,10,0,one_apple,0.23229899007966381
1460,28,28.941859374999993,10,0,one_apple,0.23206669108958414
1461,12,29.7,10,0,one_apple,0.23183462439849456
1462,15,9.33393975830078,10,0,one_apple,0.23160278977409607
1463,11,-0.4056385498046876,0,0,failed,0.23137118698432196
1464,10,-20.292088806152343,0,0,failed,0.23113981579733764
1465,18,9.412840270996089,10,0,one_apple,0.2309086759815403
1466,10,9.75,10,0,one_apple,0.23067776730555875
1467,15,9.321923522949216,10,0,one_apple,0.23044708953825319
1468,23,9.039316894531247,10,0,one_apple,0.23021664244871493
1469,9,-0.3869254150390625,0,0,failed,0.22998642580626621
1470,8,-0.336709716796875,0,0,failed,0.22975643938045995
1471,20,29.18788803100586,10,0,one_apple,0.2295266829410795
1472,8,-0.1318755493164063,0,0,failed,0.22929715625813843
1473,10,-0.31846051025390637,0,0,failed,0.2290678591018803
1474,20,29.0230421142578,10,0,one_apple,0.22883879124277842
1475,10,-0.3287713928222657,0,0,failed,0.22860995245153565
1476,34,28.57558172607421,10,0,one_apple,0.22838134249908412
1477,11,-0.36403195190429694,0,0,failed,0.22815296115658504
1478,13,29.509807617187498,10,0,one_apple,0.22792480819542846
1479,12,29.381219299316406,10,0,one_apple,0.22769688338723304
1480,10,-0.3018045654296875,0,0,failed,0.22746918650384582
1481,23,9.128554107666012,10,0,one_apple,0.22724171731734197
1482,13,9.52219915771484,10,0,one_apple,0.22701447560002463
1483,30,28.427212402343734,10,0,one_apple,0.2267874611244246
1484,13,29.454741882324218,10,0,one_apple,0.22656067366330018
1485,26,28.773321838378905,10,0,one_apple,0.22633411298963688
1486,14,9.294566711425777,10,0,one_apple,0.22610777887664724
1487,32,8.719873413085924,10,0,one_apple,0.22588167109777058
1488,29,28.966801635742186,10,0,one_apple,0.2256557894266728
1489,17,9.549999999999997,10,0,one_apple,0.22543013363724612
1490,15,-20.623177001953124,0,0,failed,0.22520470350360888
1491,51,7.804015563964818,10,0,one_apple,0.2249794988001053
1492,8,-0.22192456054687498,0,0,failed,0.2247545193013052
1493,56,7.70242803955076,10,0,one_apple,0.22452976478200387
1494,27,29.03738800048828,10,0,one_apple,0.22430523501722185
1495,10,29.599999999999998,10,0,one_apple,0.22408092978220462
1496,14,29.446653686523433,10,0,one_apple,0.2238568488524224
1497,53,27.77061529541014,10,0,one_apple,0.22363299200356998
1498,13,9.449999999999996,10,0,one_apple,0.22340935901156642
1499,12,29.498194580078124,10,0,one_apple,0.22318594965255484
1500,17,9.315476745605466,10,0,one_apple,0.22296276370290227
1501,14,9.530338806152344,10,0,one_apple,0.22273980093919937
1502,9,-20.364342407226562,0,0,failed,0.22251706113826017
1503,14,9.344361450195308,10,0,one_apple,0.2222945440771219
1504,6,9.85,10,0,one_apple,0.22207224953304477
1505,27,28.980932983398432,10,0,one_apple,0.22185017728351172
1506,11,9.50642327880859,10,0,one_apple,0.2216283271062282
1507,13,9.520500396728515,10,0,one_apple,0.22140669877912197
1508,33,8.795728408813467,10,0,one_apple,0.22118529208034285
1509,13,29.5,10,0,one_apple,0.2209641067882625
1510,21,9.134793884277336,10,0,one_apple,0.22074314268147424
1511,14,-20.508459045410156,0,0,failed,0.22052239953879277
1512,9,-20.436380554199218,0,0,failed,0.22030187713925398
1513,16,-20.760183532714844,0,0,failed,0.22008157526211472
1514,19,-0.7123880615234376,0,0,failed,0.2198614936868526
1515,14,9.406903076171872,10,0,one_apple,0.21964163219316574
1516,7,-0.2,0,0,failed,0.21942199056097256
1517,37,28.68948541259765,10,0,one_apple,0.2192025685704116
1518,13,29.49819543457031,10,0,one_apple,0.21898336600184118
1519,8,-20.360607421875002,0,0,failed,0.21876438263583933
1520,21,29.111420959472653,10,0,one_apple,0.21854561825320348
1521,28,29.032561828613275,10,0,one_apple,0.21832707263495027
1522,14,29.548687561035155,10,0,one_apple,0.21810874556231533
1523,11,9.50642327880859,10,0,one_apple,0.217890636816753
1524,22,9.122126647949212,10,0,one_apple,0.21767274617993623
1525,14,29.548687561035155,10,0,one_apple,0.2174550734337563
1526,10,-20.395043884277346,0,0,failed,0.21723761836032254
1527,13,29.58225970458984,10,0,one_apple,0.21702038074196223
1528,19,9.286739257812496,10,0,one_apple,0.21680336036122028
1529,14,29.35195970153808,10,0,one_apple,0.21658655700085905
1530,9,-0.2,0,0,failed,0.2163699704438582
1531,22,9.120544433593746,10,0,one_apple,0.21615360047341434
1532,34,28.755600158691397,10,0,one_apple,0.21593744687294092
1533,18,29.360497009277342,10,0,one_apple,0.21572150942606796
1534,29,8.804936462402335,10,0,one_apple,0.2155057879166419
1535,13,29.36931802368164,10,0,one_apple,0.21529028212872525
1536,15,9.45,10,0,one_apple,0.21507499184659654
1537,21,29.16489923095703,10,0,one_apple,0.21485991685474995
1538,42,28.11928997802732,10,0,one_apple,0.2146450569378952
1539,12,29.498194580078124,10,0,one_apple,0.21443041188095732
1540,22,29.14855572509765,10,0,one_apple,0.21421598146907636
1541,9,29.62433752441406,10,0,one_apple,0.21400176548760727
1542,11,-0.3513124389648438,0,0,failed,0.21378776372211966
1543,14,-20.60299038696289,0,0,failed,0.21357397595839755
1544,8,-0.2165594482421875,0,0,failed,0.21336040198243916
1545,14,29.488266784667967,10,0,one_apple,0.21314704158045672
1546,21,29.284340881347653,10,0,one_apple,0.21293389453887626
1547,19,29.11401119995117,10,0,one_apple,0.21272096064433738
1548,12,-20.497789550781253,0,0,failed,0.21250823968369303
1549,33,28.503385803222656,10,0,one_apple,0.21229573144400934
1550,18,9.385449829101557,10,0,one_apple,0.21208343571256533
1551,10,-20.4401923828125,0,0,failed,0.21187135227685275
1552,24,29.104886840820306,10,0,one_apple,0.2116594809245759
1553,17,9.40906576538086,10,0,one_apple,0.21144782144365132
1554,34,28.47023706054687,10,0,one_apple,0.21123637362220768
1555,12,9.473766845703121,10,0,one_apple,0.21102513724858546
1556,36,28.61150399780272,10,0,one_apple,0.21081411211133688
1557,14,29.465922851562496,10,0,one_apple,0.21060329799922556
1558,15,9.419300170898435,10,0,one_apple,0.21039269470122635
1559,23,29.05377368164062,10,0,one_apple,0.21018230200652513
1560,16,29.405777099609374,10,0,one_apple,0.2099721197045186
1561,17,9.436918457031247,10,0,one_apple,0.20976214758481407
1562,14,29.389979553222656,10,0,one_apple,0.20955238543722926
1563,13,29.507911193847654,10,0,one_apple,0.20934283305179202
1564,14,-20.553609985351564,0,0,failed,0.20913349021874023
1565,26,9.040369567871085,10,0,one_apple,0.2089243567285215
1566,10,29.73599639892578,10,0,one_apple,0.20871543237179296
1567,15,9.532897583007813,10,0,one_apple,0.20850671693942116
1568,16,29.417377502441404,10,0,one_apple,0.20829821022248174
1569,15,9.66485278320312,10,0,one_apple,0.20808991201225926
1570,9,29.661601928710937,10,0,one_apple,0.207881822100247
1571,22,29.036883056640622,10,0,one_apple,0.20767394027814676
1572,34,28.50382348632811,10,0,one_apple,0.2074662663378686
1573,13,29.486528579711912,10,0,one_apple,0.20725880007153075
1574,13,29.434106384277342,10,0,one_apple,0.20705154127145922
1575,14,9.476577819824215,10,0,one_apple,0.20684448973018776
1576,32,-1.4545929565429696,0,0,failed,0.20663764524045758
1577,13,29.454741882324218,10,0,one_apple,0.20643100759521713
1578,10,9.507652954101559,10,0,one_apple,0.20622457658762192
1579,41,7.955591247558573,10,0,one_apple,0.2060183520110343
1580,23,29.107590026855462,10,0,one_apple,0.20581233365902327
1581,60,27.362037109374967,10,0,one_apple,0.20560652132536425
1582,53,7.407203369140596,10,0,one_apple,0.20540091480403888
1583,23,28.949327819824216,10,0,one_apple,0.20519551388923485
1584,15,9.449999999999996,10,0,one_apple,0.20499031837534562
1585,31,8.64971820068358,10,0,one_apple,0.20478532805697028
1586,12,29.5123212890625,10,0,one_apple,0.2045805427289133
1587,14,29.4,10,0,one_apple,0.20437596218618437
1588,10,-20.526233154296875,0,0,failed,0.2041715862239982
1589,12,29.547801757812497,10,0,one_apple,0.2039674146377742
1590,26,8.867075439453117,10,0,one_apple,0.20376344722313644
1591,31,28.56546743774414,10,0,one_apple,0.2035596837759133
1592,53,7.408388549804673,10,0,one_apple,0.20335612409213738
1593,19,9.44491009521484,10,0,one_apple,0.20315276796804524
1594,16,-20.56737158203125,0,0,failed,0.2029496152000772
1595,19,9.415922851562495,10,0,one_apple,0.20274666558487714
1596,13,-0.5657390136718751,0,0,failed,0.20254391891929227
1597,21,9.181837829589835,10,0,one_apple,0.20234137500037297
1598,30,-1.1224461364746094,0,0,failed,0.20213903362537258
1599,26,8.987231445312489,10,0,one_apple,0.2019368945917472
1600,13,9.485996398925778,10,0,one_apple,0.20173495769715546
1601,9,-20.242088806152346,0,0,failed,0.2015332227394583
1602,19,-0.7050499267578126,0,0,failed,0.20133168951671884
1603,24,8.931294921874997,10,0,one_apple,0.20113035782720212
1604,17,-0.73829345703125,0,0,failed,0.20092922746937492
1605,29,8.674691040039058,10,0,one_apple,0.20072829824190555
1606,14,29.39819500732422,10,0,one_apple,0.20052756994366364
1607,11,9.549999999999997,10,0,one_apple,0.20032704237371998
1608,11,9.50281408691406,10,0,one_apple,0.20012671533134627
1609,7,-0.31489300537109377,0,0,failed,0.19992658861601492
1610,11,-0.3643582153320313,0,0,failed,0.19972666202739892
1611,12,29.41992834472656,10,0,one_apple,0.19952693536537153
1612,14,9.349999999999998,10,0,one_apple,0.19932740843000615
1613,10,9.563619445800779,10,0,one_apple,0.19912808102157614
1614,27,8.893648223876948,10,0,one_apple,0.19892895294055457
1615,12,29.547801757812497,10,0,one_apple,0.19873002398761402
1616,22,29.045983947753903,10,0,one_apple,0.1985312939636264
1617,14,-20.61782781982422,0,0,failed,0.19833276266966277
1618,34,28.35797131347655,10,0,one_apple,0.1981344299069931
1619,19,29.342196472167966,10,0,one_apple,0.1979362954770861
1620,108,25.020789962768497,20,1,complete,0.197738359181609
1621,59,7.4356420898437285,10,0,one_apple,0.1975406208224274
1622,31,28.776480316162107,10,0,one_apple,0.197343080201605
1623,41,7.8893862304687445,10,0,one_apple,0.19714573712140337
1624,19,-0.7621217041015623,0,0,failed,0.19694859138428197
1625,9,-0.2428277282714844,0,0,failed,0.1967516427928977
1626,13,-0.49155157470703126,10,0,one_apple,0.1965548911501048
1627,10,-0.30000000000000004,0,0,failed,0.19635833625895469
1628,31,28.313836944580075,10,0,one_apple,0.19616197792269574
1629,20,-20.951771606445313,0,0,failed,0.19596581594477305
1630,6,-20.25,0,0,failed,0.19576985012882828
1631,31,8.537095916748045,10,0,one_apple,0.19557408027869944
1632,32,8.342244628906233,10,0,one_apple,0.19537850619842073
1633,11,29.54133276367187,10,0,one_apple,0.19518312769222232
1634,33,28.383560867309562,10,0,one_apple,0.19498794456453009
1635,17,-0.7914407653808594,0,0,failed,0.19479295661996557
1636,6,-20.180975036621096,0,0,failed,0.1945981636633456
1637,13,29.495359008789062,10,0,one_apple,0.19440356549968224
1638,37,28.0849093017578,10,0,one_apple,0.19420916193418256
1639,25,9.048788452148433,10,0,one_apple,0.19401495277224837
1640,48,7.743879882812472,10,0,one_apple,0.19382093781947612
1641,14,9.347070831298826,10,0,one_apple,0.19362711688165665
1642,27,-21.340210998535156,0,0,failed,0.193433489764775
1643,37,8.094244628906228,10,0,one_apple,0.19324005627501023
1644,22,29.0474016418457,10,0,one_apple,0.1930468162187352
1645,31,28.921181610107414,10,0,one_apple,0.19285376940251647
1646,29,-21.348387268066407,0,0,failed,0.19266091563311397
1647,15,9.368791564941404,10,0,one_apple,0.19246825471748086
1648,14,29.403780761718746,10,0,one_apple,0.1922757864627634
1649,31,29.064131805419915,10,0,one_apple,0.1920835106763006
1650,19,29.530557128906246,10,0,one_apple,0.19189142716562432
1651,17,-0.7698001708984376,0,0,failed,0.1916995357384587
1652,20,9.371848022460934,10,0,one_apple,0.19150783620272022
1653,48,7.774307617187485,10,0,one_apple,0.1913163283665175
1654,24,8.972051879882802,10,0,one_apple,0.19112501203815097
1655,52,7.604777557373026,10,0,one_apple,0.1909338870261128
1656,14,29.483440551757813,10,0,one_apple,0.19074295313908668
1657,13,9.44997314453125,10,0,one_apple,0.1905522101859476
1658,20,9.276581604003901,10,0,one_apple,0.19036165797576166
1659,14,29.482950897216796,10,0,one_apple,0.1901712963177859
1660,40,28.487256042480453,10,0,one_apple,0.1899811250214681
1661,36,8.41028240966795,10,0,one_apple,0.18979114389644663
1662,12,29.498194580078124,10,0,one_apple,0.1896013527525502
1663,17,9.460232055664058,10,0,one_apple,0.18941175139979763
1664,15,29.360287658691405,10,0,one_apple,0.18922233964839782
1665,15,9.549999999999997,10,0,one_apple,0.18903311730874942
1666,36,28.306381103515616,10,0,one_apple,0.18884408419144066
1667,12,29.499999999999996,10,0,one_apple,0.1886552401072492
1668,14,9.347289794921874,10,0,one_apple,0.18846658486714196
1669,21,9.216643493652338,10,0,one_apple,0.1882781182822748
1670,18,9.349999999999994,10,0,one_apple,0.18808984016399252
1671,13,9.550536712646483,10,0,one_apple,0.18790175032382853
1672,15,9.532897583007813,10,0,one_apple,0.1877138485735047
1673,31,8.551639678955066,10,0,one_apple,0.1875261347249312
1674,14,9.441262420654295,10,0,one_apple,0.1873386085902063
1675,16,29.3888232421875,10,0,one_apple,0.18715126998161608
1676,9,29.7,10,0,one_apple,0.18696411871163446
1677,20,29.113619445800772,10,0,one_apple,0.18677715459292282
1678,13,-0.50182568359375,0,0,failed,0.1865903774383299
1679,21,28.98788177490234,10,0,one_apple,0.18640378706089158
1680,12,9.449999999999996,10,0,one_apple,0.1862173832738307
1681,8,-20.412527954101563,0,0,failed,0.18603116589055688
1682,25,29.066708862304683,10,0,one_apple,0.18584513472466632
1683,48,27.799304809570298,10,0,one_apple,0.18565928958994166
1684,40,8.497477905273424,10,0,one_apple,0.18547363030035172
1685,21,29.262986114501953,10,0,one_apple,0.18528815667005136
1686,13,29.610112365722653,10,0,one_apple,0.1851028685133813
1687,32,28.946835205078116,10,0,one_apple,0.18491776564486792
1688,24,28.930224121093747,10,0,one_apple,0.18473284787922306
1689,22,9.356255249023434,10,0,one_apple,0.18454811503134383
1690,29,9.120902648925778,10,0,one_apple,0.18436356691631248
1691,10,-0.30000000000000004,0,0,failed,0.18417920334939616
1692,11,9.549999999999997,10,0,one_apple,0.18399502414604677
1693,65,7.050844055175752,10,0,one_apple,0.18381102912190073
1694,44,28.002646728515604,10,0,one_apple,0.18362721809277882
1695,28,-1.2168709106445317,0,0,failed,0.18344359087468604
1696,31,28.988861328124994,10,0,one_apple,0.18326014728381135
1697,14,9.348195007324218,10,0,one_apple,0.18307688713652753
1698,78,26.744774291992147,10,0,one_apple,0.182893810249391
1699,12,29.519928344726562,10,0,one_apple,0.1827109164391416
1700,35,8.505600830078112,10,0,one_apple,0.18252820552270246
1701,14,29.482628417968748,10,0,one_apple,0.18234567731717977
1702,13,29.456997192382808,10,0,one_apple,0.1821633316398626
1703,9,-0.2809750366210938,0,0,failed,0.18198116830822272
1704,12,9.513937316894527,10,0,one_apple,0.1817991871399145
1705,24,29.049417907714844,10,0,one_apple,0.18161738795277457
1706,19,9.135978332519525,10,0,one_apple,0.1814357705648218
1707,15,9.43393743896484,10,0,one_apple,0.18125433479425698
1708,14,29.33450090026855,10,0,one_apple,0.18107308045946272
1709,11,9.50642327880859,10,0,one_apple,0.18089200737900324
1710,28,9.030058410644525,10,0,one_apple,0.18071111537162424
1711,29,28.886218383789053,10,0,one_apple,0.1805304042562526
1712,11,9.517341430664061,10,0,one_apple,0.18034987385199636
1713,84,6.050862365722615,10,0,one_apple,0.18016952397814437
1714,14,29.468266815185544,10,0,one_apple,0.17998935445416622
1715,35,8.331708557128891,10,0,one_apple,0.17980936509971204
1716,15,29.43561029052734,10,0,one_apple,0.17962955573461234
1717,10,-0.30993945312500004,0,0,failed,0.17944992617887773
1718,20,9.343810729980465,10,0,one_apple,0.17927047625269885
1719,23,9.119885253906247,10,0,one_apple,0.17909120577644616
1720,13,9.404460327148437,10,0,one_apple,0.17891211457066972
1721,20,9.33228698730468,10,0,one_apple,0.17873320245609906
1722,16,-20.84992108154297,0,0,failed,0.17855446925364296
1723,15,29.298194580078125,10,0,one_apple,0.17837591478438933
1724,31,8.797331176757798,10,0,one_apple,0.17819753886960493
1725,15,29.394361450195312,10,0,one_apple,0.17801934133073533
1726,29,9.001307952880854,10,0,one_apple,0.17784132198940458
1727,14,9.398314514160155,10,0,one_apple,0.1776634806674152
1728,23,9.180067687988274,10,0,one_apple,0.17748581718674777
1729,22,9.255514465332027,10,0,one_apple,0.17730833136956103
1730,24,28.902961791992176,10,0,one_apple,0.17713102303819148
1731,10,-0.35760955810546885,0,0,failed,0.1769538920151533
1732,59,27.462790039062472,10,0,one_apple,0.17677693812313813
1733,7,-0.0796797485351562,0,0,failed,0.17660016118501498
1734,35,28.34978961181639,10,0,one_apple,0.17642356102382997
1735,14,-20.76787115478516,0,0,failed,0.17624713746280615
1736,16,29.49721362304687,10,0,one_apple,0.17607089032534334
1737,11,29.599999999999998,10,0,one_apple,0.175894819435018
1738,14,9.348195007324218,10,0,one_apple,0.17571892461558297
1739,10,-20.443699096679687,0,0,failed,0.1755432056909674
1740,16,29.38420849609375,10,0,one_apple,0.17536766248527644
1741,11,29.599999999999998,10,0,one_apple,0.17519229482279117
1742,25,28.781885314941395,10,0,one_apple,0.17501710252796837
1743,12,29.519928344726562,10,0,one_apple,0.1748420854254404
1744,25,29.088672180175774,10,0,one_apple,0.17466724334001496
1745,49,27.703148101806615,10,0,one_apple,0.17449257609667496
1746,25,28.820155822753893,10,0,one_apple,0.1743180835205783
1747,35,8.142040161132801,10,0,one_apple,0.1741437654370577
1748,13,29.610112365722653,10,0,one_apple,0.17396962167162064
1749,36,8.312870605468735,10,0,one_apple,0.173795652049949
1750,15,9.393234252929684,10,0,one_apple,0.17362185639789907
1751,27,8.841140930175776,10,0,one_apple,0.17344823454150116
1752,59,7.390361938476538,10,0,one_apple,0.17327478630695967
1753,13,9.52337902832031,10,0,one_apple,0.1731015115206527
1754,11,9.504741882324218,10,0,one_apple,0.17292841000913206
1755,12,29.412321289062497,10,0,one_apple,0.17275548159912293
1756,8,-20.430904968261718,0,0,failed,0.17258272611752382
1757,14,29.4,10,0,one_apple,0.17241014339140628
1758,16,29.371612945556638,10,0,one_apple,0.1722377332480149
1759,14,9.320919662475582,10,0,one_apple,0.17206549551476688
1760,12,9.510213562011714,10,0,one_apple,0.1718934300192521
1761,13,29.599999999999998,10,0,one_apple,0.17172153658923286
1762,12,29.45765295410156,10,0,one_apple,0.17154981505264363
1763,21,159.30547113037107,20,1,complete,0.17137826523759098
1764,12,9.549999999999997,10,0,one_apple,0.1712068869723534
1765,59,7.333659545898406,10,0,one_apple,0.17103568008538103
1766,31,8.730418884277341,10,0,one_apple,0.17086464440529564
1767,16,29.411982666015625,10,0,one_apple,0.17069377976089034
1768,14,29.482621459960935,10,0,one_apple,0.17052308598112945
1769,15,29.45847845458984,10,0,one_apple,0.17035256289514833
1770,7,-20.266559448242187,0,0,failed,0.17018221033225317
1771,14,-20.63670104980469,0,0,failed,0.17001202812192093
1772,14,29.4,10,0,one_apple,0.169842016093799
1773,35,8.582828369140614,10,0,one_apple,0.1696721740777052
1774,14,9.309001037597653,10,0,one_apple,0.1695025019036275
1775,14,9.390565917968747,10,0,one_apple,0.1693329994017239
1776,31,8.738533996582028,10,0,one_apple,0.16916366640232217
1777,9,-0.2428277282714844,0,0,failed,0.16899450273591984
1778,13,-0.4348612060546875,10,0,one_apple,0.16882550823318393
1779,53,7.429566711425764,10,0,one_apple,0.16865668272495074
1780,25,28.81656249999999,10,0,one_apple,0.1684880260422258
1781,46,27.891144470214837,10,0,one_apple,0.16831953801618357
1782,12,29.533068603515623,10,0,one_apple,0.16815121847816739
1783,14,29.482628417968748,10,0,one_apple,0.16798306725968923
1784,31,8.631007049560537,10,0,one_apple,0.16781508419242955
1785,21,9.398314514160152,10,0,one_apple,0.16764726910823713
1786,16,9.493718688964844,10,0,one_apple,0.1674796218391289
1787,13,9.448169982910152,10,0,one_apple,0.16731214221728977
1788,15,29.3569970703125,10,0,one_apple,0.16714483007507247
1789,6,-20.114121231079103,0,0,failed,0.1669776852449974
1790,27,8.865132064819331,10,0,one_apple,0.1668107075597524
1791,23,9.047798522949208,10,0,one_apple,0.16664389685219266
1792,32,28.401995971679675,10,0,one_apple,0.16647725295534047
1793,40,28.097533508300767,10,0,one_apple,0.16631077570238512
1794,16,29.250946228027342,10,0,one_apple,0.16614446492668272
1795,17,9.500423095703123,10,0,one_apple,0.16597832046175603
1796,33,8.341858520507795,10,0,one_apple,0.16581234214129428
1797,40,27.988337036132794,10,0,one_apple,0.16564652979915298
1798,12,29.499999999999996,10,0,one_apple,0.16548088326935384
1799,17,9.380037902832026,10,0,one_apple,0.1653154023860845
1800,38,28.382534484863275,10,0,one_apple,0.1651500869836984
1801,15,29.346007812499998,10,0,one_apple,0.1649849368967147
1802,13,29.572435455322264,10,0,one_apple,0.164819951959818
1803,50,27.81069970703124,10,0,one_apple,0.16465513200785817
1804,12,9.525591674804684,10,0,one_apple,0.1644904768758503
1805,14,9.349999999999998,10,0,one_apple,0.16432598639897444
1806,19,29.304936401367183,10,0,one_apple,0.16416166041257546
1807,16,29.33451248168945,10,0,one_apple,0.16399749875216288
1808,25,9.072815765380856,10,0,one_apple,0.16383350125341073
1809,9,29.7,10,0,one_apple,0.16366966775215733
1810,15,9.549999999999997,10,0,one_apple,0.16350599808440516
1811,16,29.43503533935547,10,0,one_apple,0.16334249208632076
1812,22,29.026844970703124,10,0,one_apple,0.16317914959423443
1813,8,-20.35,0,0,failed,0.1630159704446402
1814,17,29.371142669677734,10,0,one_apple,0.16285295447419557
1815,18,9.382774047851559,10,0,one_apple,0.16269010151972138
1816,12,-0.44130004882812496,0,0,failed,0.16252741141820165
1817,16,9.385777587890622,10,0,one_apple,0.16236488400678345
1818,23,9.114188903808593,10,0,one_apple,0.16220251912277667
1819,13,-20.48485809326172,0,0,failed,0.1620403166036539
1820,25,28.93684521484375,10,0,one_apple,0.16187827628705023
1821,17,29.33643939208984,10,0,one_apple,0.16171639801076318
1822,15,29.37464208984375,10,0,one_apple,0.1615546816127524
1823,36,28.217811584472642,10,0,one_apple,0.16139312693113966
1824,15,-0.65919873046875,10,0,one_apple,0.16123173380420852
1825,16,29.362159851074217,10,0,one_apple,0.16107050207040433
1826,22,29.020080444335928,10,0,one_apple,0.16090943156833393
1827,4,-0.1,0,0,failed,0.1607485221367656
1828,36,28.185850280761702,10,0,one_apple,0.16058777361462884
1829,13,9.448195007324216,10,0,one_apple,0.1604271858410142
1830,29,28.844341247558585,10,0,one_apple,0.16026675865517317
1831,8,-20.35,0,0,failed,0.160106491896518
1832,13,29.49819543457031,10,0,one_apple,0.15994638540462147
1833,20,29.098195007324215,10,0,one_apple,0.15978643901921685
1834,14,9.423379028320308,10,0,one_apple,0.15962665258019765
1835,29,8.593654296874991,10,0,one_apple,0.15946702592761744
1836,15,9.381381286621089,10,0,one_apple,0.15930755890168982
1837,47,28.00899353027342,10,0,one_apple,0.15914825134278812
1838,22,9.028831176757809,10,0,one_apple,0.15898910309144534
1839,23,29.128412780761714,10,0,one_apple,0.1588301139883539
1840,15,29.38344055175781,10,0,one_apple,0.15867128387436555
1841,17,29.35847845458984,10,0,one_apple,0.15851261259049118
1842,10,-0.30000000000000004,0,0,failed,0.1583540999779007
1843,12,-0.5018049926757813,0,0,failed,0.1581957458779228
1844,14,29.424045715332028,10,0,one_apple,0.15803755013204487
1845,15,29.34141534423828,10,0,one_apple,0.15787951258191282
1846,37,8.05054193115232,10,0,one_apple,0.1577216330693309
1847,10,29.618743713378905,10,0,one_apple,0.15756391143626158
1848,15,-20.460470977783203,0,0,failed,0.15740634752482532
1849,12,29.499999999999996,10,0,one_apple,0.1572489411773005
1850,27,28.686684143066397,10,0,one_apple,0.1570916922361232
1851,41,28.05271533203124,10,0,one_apple,0.15693460054388708
1852,39,28.08841906738279,10,0,one_apple,0.1567776659433432
1853,16,9.299999999999994,10,0,one_apple,0.15662088827739984
1854,10,9.649999999999999,10,0,one_apple,0.15646426738912245
1855,90,5.873366790771449,10,0,one_apple,0.1563078031217333
1856,11,29.599999999999998,10,0,one_apple,0.15615149531861158
1857,20,-0.8673715820312501,0,0,failed,0.15599534382329297
1858,48,27.603087402343732,10,0,one_apple,0.15583934847946967
1859,51,27.74510327148435,10,0,one_apple,0.15568350913099022
1860,12,29.528356811523437,10,0,one_apple,0.15552782562185924
1861,15,9.385106994628902,10,0,one_apple,0.15537229779623737
1862,11,29.599999999999998,10,0,one_apple,0.15521692549844113
1863,12,29.599999999999998,10,0,one_apple,0.15506170857294269
1864,13,29.43944708251953,10,0,one_apple,0.15490664686436975
1865,11,29.63183782958984,10,0,one_apple,0.15475174021750537
1866,14,9.407785522460934,10,0,one_apple,0.15459698847728787
1867,24,28.922749847412106,10,0,one_apple,0.1544423914888106
1868,16,9.299721435546875,10,0,one_apple,0.15428794909732177
1869,28,-21.24981509399414,0,0,failed,0.15413366114822444
1870,12,29.568905456542968,10,0,one_apple,0.15397952748707622
1871,39,8.095211242675763,10,0,one_apple,0.15382554795958914
1872,6,-0.1,10,0,one_apple,0.15367172241162955
1873,13,29.548687561035155,10,0,one_apple,0.15351805068921792
1874,13,-20.502689880371094,0,0,failed,0.1533645326385287
1875,13,29.548687561035155,10,0,one_apple,0.15321116810589017
1876,8,29.698195434570312,10,0,one_apple,0.1530579569377843
1877,20,29.24411828613281,10,0,one_apple,0.1529048989808465
1878,47,7.671241790771472,10,0,one_apple,0.15275199408186566
1879,18,29.348687561035156,10,0,one_apple,0.15259924208778378
1880,19,29.180991760253903,10,0,one_apple,0.15244664284569598
1881,17,29.358692962646483,10,0,one_apple,0.15229419620285028
1882,33,28.58710382080077,10,0,one_apple,0.15214190200664743
1883,15,-0.5449172668457032,10,0,one_apple,0.15198976010464077
1884,16,29.318743713378904,10,0,one_apple,0.15183777034453613
1885,8,-20.35,0,0,failed,0.1516859325741916
1886,8,-20.28190588378906,0,0,failed,0.1515342466416174
1887,31,28.36792425537109,10,0,one_apple,0.1513827123949758
1888,13,29.548687561035155,10,0,one_apple,0.15123132968258082
1889,11,9.523252197265624,10,0,one_apple,0.15108009835289823
1890,8,-20.35,0,0,failed,0.15092901825454533
1891,15,29.420350616455078,10,0,one_apple,0.15077808923629077
1892,13,29.548687561035155,10,0,one_apple,0.15062731114705447
1893,23,8.857951110839835,10,0,one_apple,0.1504766838359074
1894,15,-20.688660034179687,0,0,failed,0.15032620715207148
1895,9,-0.18925000000000008,0,0,failed,0.1501758809449194
1896,10,-0.3634873352050782,0,0,failed,0.15002570506397447
1897,23,29.11439318847655,10,0,one_apple,0.1498756793589105
1898,9,-0.2921059875488281,0,0,failed,0.14972580367955157
1899,17,29.315184082031248,10,0,one_apple,0.14957607787587202
1900,13,9.470553771972654,10,0,one_apple,0.14942650179799613
1901,15,9.315050567626951,10,0,one_apple,0.14927707529619813
1902,11,29.599999999999998,10,0,one_apple,0.14912779822090194
1903,13,9.411344665527341,10,0,one_apple,0.14897867042268104
1904,13,9.448195007324216,10,0,one_apple,0.14882969175225835
1905,16,9.283575317382809,10,0,one_apple,0.1486808620605061
1906,13,9.513321777343748,10,0,one_apple,0.14853218119844558
1907,7,-20.35,0,0,failed,0.14838364901724713
1908,11,29.599999999999998,10,0,one_apple,0.14823526536822987
1909,15,29.49436145019531,10,0,one_apple,0.14808703010286164
1910,11,29.599999999999998,10,0,one_apple,0.1479389430727588
1911,12,29.599999999999998,10,0,one_apple,0.14779100412968604
1912,11,29.55474188232422,10,0,one_apple,0.14764321312555637
1913,15,29.34725827026367,10,0,one_apple,0.14749556991243082
1914,12,9.379994049072263,10,0,one_apple,0.1473480743425184
1915,22,-20.951804748535157,0,0,failed,0.14720072626817587
1916,11,29.7,10,0,one_apple,0.1470535255419077
1917,11,29.599999999999998,10,0,one_apple,0.1469064720163658
1918,11,29.595290893554687,10,0,one_apple,0.14675956554434944
1919,11,29.599999999999998,10,0,one_apple,0.14661280597880508
1920,15,29.496748413085935,10,0,one_apple,0.14646619317282628
1921,10,9.53443273925781,10,0,one_apple,0.14631972697965345
1922,11,29.513619445800778,10,0,one_apple,0.1461734072526738
1923,18,-0.7377100219726561,0,0,failed,0.14602723384542113
1924,13,9.388738525390625,10,0,one_apple,0.14588120661157572
1925,13,29.5334267578125,10,0,one_apple,0.14573532540496414
1926,18,29.298522399902343,10,0,one_apple,0.14558959007955918
1927,13,9.448195007324218,10,0,one_apple,0.1454440004894796
1928,7,-20.257640167236328,0,0,failed,0.14529855648899012
1929,13,9.649999999999999,10,0,one_apple,0.14515325793250114
1930,14,29.431815795898434,10,0,one_apple,0.14500810467456865
1931,13,29.499999999999996,10,0,one_apple,0.14486309656989407
1932,13,9.448195007324218,10,0,one_apple,0.1447182334733242
1933,16,29.338884765625,10,0,one_apple,0.14457351523985087
1934,12,29.46734143066406,10,0,one_apple,0.14442894172461102
1935,16,29.448223144531248,10,0,one_apple,0.1442845127828864
1936,24,28.90398510742187,10,0,one_apple,0.1441402282701035
1937,13,9.448195007324218,10,0,one_apple,0.1439960880418334
1938,13,9.36992834472656,10,0,one_apple,0.14385209195379156
1939,11,9.550348571777342,10,0,one_apple,0.14370823986183776
1940,23,28.928256469726556,10,0,one_apple,0.1435645316219759
1941,13,29.499999999999996,10,0,one_apple,0.14342096709035393
1942,13,29.548687561035155,10,0,one_apple,0.14327754612326357
1943,14,-20.55182568359375,0,0,failed,0.14313426857714032
1944,17,29.30244839477539,10,0,one_apple,0.14299113430856317
1945,13,29.357203613281246,10,0,one_apple,0.1428481431742546
1946,12,9.55335302734375,10,0,one_apple,0.14270529503108034
1947,37,-1.6500000000000008,0,0,failed,0.14256258973604927
1948,12,29.572334182739258,10,0,one_apple,0.14242002714631322
1949,13,29.359001037597654,10,0,one_apple,0.1422776071191669
1950,12,29.599999999999998,10,0,one_apple,0.14213532951204774
1951,13,9.531381286621091,10,0,one_apple,0.1419931941825357
1952,15,29.48034991455078,10,0,one_apple,0.14185120098835316
1953,22,9.067368164062493,10,0,one_apple,0.1417093497873648
1954,16,29.420934509277338,10,0,one_apple,0.14156764043757744
1955,13,29.5,10,0,one_apple,0.14142607279713987
1956,12,9.449999999999996,10,0,one_apple,0.14128464672434274
1957,12,9.404741882324217,10,0,one_apple,0.1411433620776184
1958,11,29.599999999999998,10,0,one_apple,0.14100221871554078
1959,18,29.05775744628906,10,0,one_apple,0.14086121649682523
1960,12,29.599999999999998,10,0,one_apple,0.14072035528032842
1961,12,29.499999999999996,10,0,one_apple,0.1405796349250481
1962,19,29.231837829589843,10,0,one_apple,0.14043905529012304
1963,16,-20.673299072265625,0,0,failed,0.14029861623483292
1964,8,-20.35,0,0,failed,0.1401583176185981
1965,12,9.449999999999996,10,0,one_apple,0.1400181593009795
1966,9,-0.2,0,0,failed,0.1398781411416785
1967,11,29.46734143066406,10,0,one_apple,0.13973826300053682
1968,13,29.38747911071777,10,0,one_apple,0.13959852473753628
1969,13,29.499999999999996,10,0,one_apple,0.13945892621279873
1970,9,29.7,10,0,one_apple,0.13931946728658592
1971,7,9.748195434570311,10,0,one_apple,0.13918014781929933
1972,9,29.7,10,0,one_apple,0.13904096767148003
1973,8,-0.210607421875,0,0,failed,0.13890192670380855
1974,13,29.41831707763672,10,0,one_apple,0.13876302477710473
1975,13,29.548687561035155,10,0,one_apple,0.13862426175232762
1976,14,29.426974197387693,10,0,one_apple,0.1384856374905753
1977,12,29.469669525146482,10,0,one_apple,0.13834715185308472
1978,16,29.411484527587888,10,0,one_apple,0.13820880470123162
1979,13,29.548687561035155,10,0,one_apple,0.1380705958965304
1980,13,9.549999999999997,10,0,one_apple,0.13793252530063388
1981,13,29.499999999999996,10,0,one_apple,0.13779459277533324
1982,9,-20.440439025878906,0,0,failed,0.1376567981825579
1983,12,9.468317077636717,10,0,one_apple,0.13751914138437535
1984,23,8.936770385742182,10,0,one_apple,0.13738162224299097
1985,17,-0.43867440795898444,0,0,failed,0.13724424062074797
1986,6,-0.1,10,0,one_apple,0.13710699638012722
1987,15,9.383440643310546,10,0,one_apple,0.1369698893837471
1988,23,28.895415557861327,10,0,one_apple,0.13683291949436335
1989,14,9.45,10,0,one_apple,0.13669608657486898
1990,10,-0.401805419921875,0,0,failed,0.1365593904882941
1991,11,29.413619445800776,10,0,one_apple,0.1364228310978058
1992,74,6.620124298095682,10,0,one_apple,0.13628640826670801
1993,42,8.013407958984352,10,0,one_apple,0.1361501218584413
1994,9,9.649999999999999,10,0,one_apple,0.13601397173658286
1995,18,29.20965444946289,10,0,one_apple,0.1358779577648463
1996,19,9.31493548583984,10,0,one_apple,0.13574207980708144
1997,22,9.054799072265617,10,0,one_apple,0.13560633772727437
1998,11,-0.3513124389648438,0,0,failed,0.1354707313895471
1999,31,28.687837463378898,10,0,one_apple,0.13533526065815754
2000,39,28.464733703613273,10,0,one_apple,0.1351999253974994
2001,12,-20.729005676269534,0,0,failed,0.13506472547210188
2002,10,29.5,10,0,one_apple,0.1349296607466298
2003,46,7.749681076049793,10,0,one_apple,0.13479473108588316
2004,7,-20.25,0,0,failed,0.13465993635479728
2005,33,8.43549645996092,10,0,one_apple,0.13452527641844247
2006,23,9.020537170410147,10,0,one_apple,0.13439075114202403
2007,13,9.418263549804685,10,0,one_apple,0.134256360390882
2008,29,8.68729388427733,10,0,one_apple,0.13412210403049113
2009,18,29.192471878051755,10,0,one_apple,0.13398798192646064
2010,20,29.477437377929682,10,0,one_apple,0.13385399394453418
2011,17,29.139236846923826,10,0,one_apple,0.13372013995058965
2012,16,29.419805664062494,10,0,one_apple,0.13358641981063907
2013,13,9.518825546264647,10,0,one_apple,0.13345283339082842
2014,15,9.42743823242187,10,0,one_apple,0.13331938055743758
2015,13,29.548687561035155,10,0,one_apple,0.13318606117688014
2016,42,7.8894338226318155,10,0,one_apple,0.13305287511570327
2017,14,9.347289794921874,10,0,one_apple,0.13291982224058757
2018,16,29.387416503906245,10,0,one_apple,0.13278690241834698
2019,12,29.599999999999998,10,0,one_apple,0.13265411551592862
2020,47,7.7496419372558485,10,0,one_apple,0.13252146140041268
2021,15,9.45,10,0,one_apple,0.13238893993901227
2022,13,29.41831707763672,10,0,one_apple,0.13225655099907327
2023,15,9.482224990844726,10,0,one_apple,0.1321242944480742
2024,12,-20.453844848632812,0,0,failed,0.13199217015362613
2025,13,29.533329345703123,10,0,one_apple,0.1318601779834725
2026,13,29.548687561035155,10,0,one_apple,0.13172831780548902
2027,16,29.318312622070312,10,0,one_apple,0.13159658948768352
2028,13,29.548687561035155,10,0,one_apple,0.13146499289819583
2029,37,8.404166809082021,10,0,one_apple,0.13133352790529762
2030,18,29.31093286132812,10,0,one_apple,0.13120219437739233
2031,23,-1.0097816162109376,0,0,failed,0.13107099218301493
2032,32,28.63205200195311,10,0,one_apple,0.13093992119083192
2033,16,9.438400085449214,10,0,one_apple,0.13080898126964108
2034,16,9.381659973144531,10,0,one_apple,0.13067817228837145
2035,18,29.36067913818359,10,0,one_apple,0.13054749411608307
2036,20,9.033027709960933,10,0,one_apple,0.13041694662196698
2037,18,29.49583251953125,10,0,one_apple,0.13028652967534501
2038,13,29.58225970458984,10,0,one_apple,0.13015624314566968
2039,18,9.350847869873046,10,0,one_apple,0.130026086902524
2040,15,29.396994552612302,10,0,one_apple,0.1298960608156215
2041,14,29.33410638427734,10,0,one_apple,0.12976616475480587
2042,21,29.25921533203125,10,0,one_apple,0.12963639859005108
2043,17,9.41067852783203,10,0,one_apple,0.12950676219146104
2044,19,29.223442413330073,10,0,one_apple,0.1293772554292696
2045,10,29.696155151367186,10,0,one_apple,0.1292478781738403
2046,13,-0.42234735107421884,10,0,one_apple,0.12911863029566648
2047,14,9.448194580078125,10,0,one_apple,0.12898951166537082
2048,37,28.406923828124995,10,0,one_apple,0.12886052215370544
2049,14,29.403824462890622,10,0,one_apple,0.12873166163155172
2050,14,9.46831262207031,10,0,one_apple,0.12860292996992018
2051,25,8.96245385742187,10,0,one_apple,0.12847432703995026
2052,41,7.844349853515602,10,0,one_apple,0.12834585271291032
2053,16,29.398687561035153,10,0,one_apple,0.12821750686019742
2054,13,29.548687561035155,10,0,one_apple,0.12808928935333722
2055,14,29.548687561035155,10,0,one_apple,0.12796120006398387
2056,18,9.360851013183591,10,0,one_apple,0.1278332388639199
2057,16,29.438406295776364,10,0,one_apple,0.12770540562505597
2058,13,9.468311340332031,10,0,one_apple,0.1275777002194309
2059,16,29.32128796386718,10,0,one_apple,0.12745012251921148
2060,45,28.11020660400389,10,0,one_apple,0.12732267239669226
2061,16,29.393135192871092,10,0,one_apple,0.12719534972429558
2062,31,8.361048156738267,10,0,one_apple,0.12706815437457128
2063,78,26.01542913818355,10,0,one_apple,0.1269410862201967
2064,45,7.886595184326158,10,0,one_apple,0.1268141451339765
2065,64,6.726752929687475,10,0,one_apple,0.12668733098884255
2066,24,28.910023315429676,10,0,one_apple,0.12656064365785372
2067,16,9.513937316894527,10,0,one_apple,0.12643408301419587
2068,22,9.196609008789057,10,0,one_apple,0.12630764893118168
2069,14,9.45,10,0,one_apple,0.1261813412822505
2070,13,29.41629313659668,10,0,one_apple,0.12605515994096825
2071,13,29.41831707763672,10,0,one_apple,0.12592910478102728
2072,58,7.516729736328099,10,0,one_apple,0.12580317567624627
2073,20,159.34583251953123,20,1,complete,0.12567737250057
2074,14,29.32772094726562,10,0,one_apple,0.12555169512806943
2075,19,9.364904174804686,10,0,one_apple,0.12542614343294137
2076,18,9.419890258789057,10,0,one_apple,0.12530071728950842
2077,14,29.49817431640625,10,0,one_apple,0.12517541657221892
2078,18,-0.7,0,0,failed,0.1250502411556467
2079,14,9.518825546264647,10,0,one_apple,0.12492519091449104
2080,13,9.599605499267575,10,0,one_apple,0.12480026572357655
2081,13,9.598687561035156,10,0,one_apple,0.12467546545785298
2082,25,28.9339448852539,10,0,one_apple,0.12455078999239512
2083,21,29.237470642089836,10,0,one_apple,0.12442623920240273
2084,18,9.32656457519531,10,0,one_apple,0.12430181296320032
2085,16,9.534927032470701,10,0,one_apple,0.12417751115023712
2086,13,29.41831707763672,10,0,one_apple,0.12405333363908688
2087,14,9.36817590332031,10,0,one_apple,0.1239292803054478
2088,10,-0.401805419921875,0,0,failed,0.12380535102514234
2089,11,-0.505520263671875,0,0,failed,0.1236815456741172
2090,26,29.019137390136713,10,0,one_apple,0.12355786412844308
2091,16,29.411420959472654,10,0,one_apple,0.12343430626431463
2092,14,29.418769836425778,10,0,one_apple,0.12331087195805032
2093,11,29.599999999999998,10,0,one_apple,0.12318756108609227
2094,28,8.843736206054679,10,0,one_apple,0.12306437352500618
2095,32,28.664343383789053,10,0,one_apple,0.12294130915148117
2096,29,8.724076354980458,10,0,one_apple,0.12281836784232969
2097,13,29.411231491088866,10,0,one_apple,0.12269554947448735
2098,12,9.473766845703121,10,0,one_apple,0.12257285392501287
2099,13,9.561420959472656,10,0,one_apple,0.12245028107108785
2100,13,29.548687561035155,10,0,one_apple,0.12232783079001676
2101,23,28.876739181518545,10,0,one_apple,0.12220550295922675
2102,14,9.426683288574218,10,0,one_apple,0.12208329745626752
2103,14,9.46831262207031,10,0,one_apple,0.12196121415881125
2104,20,29.118087280273436,10,0,one_apple,0.12183925294465245
2105,18,9.397405395507807,10,0,one_apple,0.1217174136917078
2106,13,29.496155151367184,10,0,one_apple,0.12159569627801609
2107,11,-20.488906799316407,0,0,failed,0.12147410058173808
2108,9,29.7,10,0,one_apple,0.12135262648115634
2109,35,8.180642700195293,10,0,one_apple,0.12123127385467519
2110,34,8.40016955566405,10,0,one_apple,0.12111004258082052
2111,12,9.616968566894531,10,0,one_apple,0.1209889325382397
2112,13,9.518825546264647,10,0,one_apple,0.12086794360570145
2113,13,9.45,10,0,one_apple,0.12074707566209575
2114,17,29.273242675781248,10,0,one_apple,0.12062632858643366
2115,13,29.41831707763672,10,0,one_apple,0.12050570225784722
2116,13,29.548687561035155,10,0,one_apple,0.12038519655558938
2117,15,-0.4690622863769532,10,0,one_apple,0.12026481135903379
2118,14,9.407652954101561,10,0,one_apple,0.12014454654767476
2119,31,28.523734863281234,10,0,one_apple,0.12002440200112709
2120,36,28.322555236816395,10,0,one_apple,0.11990437759912596
2121,25,28.896468444824215,10,0,one_apple,0.11978447322152684
2122,16,29.441658081054687,10,0,one_apple,0.11966468874830531
2123,8,-0.210607421875,0,0,failed,0.11954502405955701
2124,14,-0.463413818359375,10,0,one_apple,0.11942547903549745
2125,15,29.41831262207031,10,0,one_apple,0.11930605355646196
2126,13,29.54775537109375,10,0,one_apple,0.11918674750290549
2127,23,28.89583251953124,10,0,one_apple,0.11906756075540259
2128,35,8.357313659667955,10,0,one_apple,0.11894849319464719
2129,12,29.420137985229488,10,0,one_apple,0.11882954470145254
2130,10,-0.4750718994140625,0,0,failed,0.11871071515675109
2131,13,-20.420970031738282,0,0,failed,0.11859200444159435
2132,15,29.433370605468745,10,0,one_apple,0.11847341243715274
2133,14,29.42803239440918,10,0,one_apple,0.1183549390247156
2134,7,-20.29899252319336,0,0,failed,0.11823658408569088
2135,14,9.498687561035155,10,0,one_apple,0.11811834750160519
2136,16,9.348174682617184,10,0,one_apple,0.11800022915410358
2137,11,29.55946545410156,10,0,one_apple,0.11788222892494947
2138,14,29.333868194580077,10,0,one_apple,0.11776434669602452
2139,15,29.433472656249997,10,0,one_apple,0.1176465823493285
2140,15,29.367447799682616,10,0,one_apple,0.11752893576697916
2141,20,28.791945556640623,10,0,one_apple,0.11741140683121218
2142,15,29.433370605468745,10,0,one_apple,0.11729399542438097
2143,13,29.548687561035155,10,0,one_apple,0.11717670142895659
2144,13,29.548687561035155,10,0,one_apple,0.11705952472752763
2145,12,9.470137985229488,10,0,one_apple,0.1169424652028001
2146,34,28.63095556640624,10,0,one_apple,0.1168255227375973
2147,10,-20.45,0,0,failed,0.1167086972148597
2148,9,-0.2428277282714844,0,0,failed,0.11659198851764484
2149,47,7.967420898437496,10,0,one_apple,0.1164753965291272
2150,17,29.398216491699216,10,0,one_apple,0.11635892113259806
2151,48,27.796954345703107,10,0,one_apple,0.11624256221146546
2152,65,7.133656249999973,10,0,one_apple,0.116126319649254
2153,75,26.822727050781214,10,0,one_apple,0.11601019332960474
2154,14,29.499999999999996,10,0,one_apple,0.11589418313627514
2155,35,28.783665893554677,10,0,one_apple,0.11577828895313887
2156,13,9.549999999999997,10,0,one_apple,0.11566251066418573
2157,17,-20.783779724121096,0,0,failed,0.11554684815352155
2158,53,27.424282592773423,10,0,one_apple,0.11543130130536802
2159,30,8.527216430664048,10,0,one_apple,0.11531587000406265
2160,13,29.472763732910156,10,0,one_apple,0.1152005541340586
2161,16,9.300414733886715,10,0,one_apple,0.11508535357992454
2162,88,5.890706176757771,10,0,one_apple,0.11497026822634461
2163,14,29.398194580078123,10,0,one_apple,0.11485529795811826
2164,29,28.825210449218744,10,0,one_apple,0.11474044266016015
2165,13,29.548687561035155,10,0,one_apple,0.11462570221749999
2166,31,28.68494409179686,10,0,one_apple,0.11451107651528249
2167,38,8.125697738647446,10,0,one_apple,0.11439656543876721
2168,14,29.17530952453613,10,0,one_apple,0.11428216887332844
2169,11,29.599999999999998,10,0,one_apple,0.11416788670445512
2170,28,28.779303207397447,10,0,one_apple,0.11405371881775066
2171,7,9.748195434570311,10,0,one_apple,0.11393966509893291
2172,19,9.620664550781246,10,0,one_apple,0.11382572543383399
2173,13,9.470122177124022,10,0,one_apple,0.11371189970840015
2174,8,-0.210607421875,0,0,failed,0.11359818780869176
2175,22,8.892264160156241,10,0,one_apple,0.11348458962088306
2176,29,8.565463973999009,10,0,one_apple,0.11337110503126219
2177,16,29.39817071533203,10,0,one_apple,0.11325773392623092
2178,39,28.415808517456046,10,0,one_apple,0.1131444761923047
2179,21,29.177438232421867,10,0,one_apple,0.11303133171611239
2180,13,29.548687561035155,10,0,one_apple,0.11291830038439628
2181,13,29.498194580078124,10,0,one_apple,0.11280538208401188
2182,13,29.548687561035155,10,0,one_apple,0.11269257670192787
2183,9,29.7,10,0,one_apple,0.11257988412522593
2184,34,28.473648315429674,10,0,one_apple,0.1124673042411007
2185,29,28.956750122070304,10,0,one_apple,0.1123548369368596
2186,61,26.859634490966766,10,0,one_apple,0.11224248209992274
2187,15,-20.706970153808594,0,0,failed,0.11213023961782281
2188,29,28.638864013671864,10,0,one_apple,0.11201810937820499
2189,11,9.549999999999997,10,0,one_apple,0.11190609126882678
2190,28,29.011244018554677,10,0,one_apple,0.11179418517755796
2191,49,27.46074517822263,10,0,one_apple,0.1116823909923804
2192,31,28.664605712890616,10,0,one_apple,0.11157070860138803
2193,40,28.34570349121092,10,0,one_apple,0.11145913789278664
2194,15,29.4,10,0,one_apple,0.11134767875489385
2195,54,7.5711971435546594,10,0,one_apple,0.11123633107613895
2196,41,28.0899921569824,10,0,one_apple,0.11112509474506281
2197,13,9.45,10,0,one_apple,0.11101396965031775
2198,38,28.51174951171874,10,0,one_apple,0.11090295568066744
2199,13,29.472334182739257,10,0,one_apple,0.11079205272498677
2200,13,29.456996948242185,10,0,one_apple,0.11068126067226178
2201,14,29.356997192382806,10,0,one_apple,0.11057057941158951
2202,13,9.336816238403319,10,0,one_apple,0.11046000883217792
2203,11,-0.4,0,0,failed,0.11034954882334574
2204,12,29.499999999999996,10,0,one_apple,0.1102391992745224
2205,17,29.34372875976562,10,0,one_apple,0.11012896007524788
2206,12,29.499999999999996,10,0,one_apple,0.11001883111517263
2207,25,28.938184631347657,10,0,one_apple,0.10990881228405747
2208,23,28.973751220703114,10,0,one_apple,0.10979890347177342
2209,14,29.433329467773433,10,0,one_apple,0.10968910456830164
2210,12,29.499999999999996,10,0,one_apple,0.10957941546373333
2211,12,29.499999999999996,10,0,one_apple,0.1094698360482696
2212,12,9.449999999999996,10,0,one_apple,0.10936036621222132
2213,16,-0.5405843505859376,0,0,failed,0.10925100584600911
2214,12,29.499999999999996,10,0,one_apple,0.1091417548401631
2215,15,9.32013798522949,10,0,one_apple,0.10903261308532293
2216,19,29.21398754882812,10,0,one_apple,0.1089235804722376
2217,15,29.440706985473632,10,0,one_apple,0.10881465689176537
2218,16,29.380045394897454,10,0,one_apple,0.1087058422348736
2219,13,29.399999999999995,10,0,one_apple,0.10859713639263872
2220,9,-0.31846209716796886,0,0,failed,0.10848853925624609
2221,13,29.48971873474121,10,0,one_apple,0.10838005071698985
2222,12,29.499999999999996,10,0,one_apple,0.10827167066627286
2223,27,28.692679443359363,10,0,one_apple,0.10816339899560658
2224,11,9.549999999999997,10,0,one_apple,0.10805523559661097
2225,38,8.4840884246826,10,0,one_apple,0.10794718036101436
2226,77,26.193916122436494,10,0,one_apple,0.10783923318065335
2227,27,8.762772033691398,10,0,one_apple,0.10773139394747269
2228,23,8.955416137695302,10,0,one_apple,0.10762366255352522
2229,14,29.498168212890622,10,0,one_apple,0.1075160388909717
2230,33,8.776325195312488,10,0,one_apple,0.10740852285208072
2231,18,29.44686389160156,10,0,one_apple,0.10730111432922863
2232,29,8.962303466796868,10,0,one_apple,0.1071938132148994
2233,16,29.62433752441406,10,0,one_apple,0.1070866194016845
2234,13,9.406996948242185,10,0,one_apple,0.10697953278228281
2235,13,9.406996948242185,10,0,one_apple,0.10687255324950053
2236,11,29.62640313720703,10,0,one_apple,0.10676568069625103
2237,32,28.892767822265615,10,0,one_apple,0.10665891501555477
2238,15,29.49343325805664,10,0,one_apple,0.10655225610053921
2239,14,29.354460327148438,10,0,one_apple,0.10644570384443867
2240,53,27.58022026062009,10,0,one_apple,0.10633925814059424
2241,81,26.00010096740719,10,0,one_apple,0.10623291888245365
2242,31,28.855647399902338,10,0,one_apple,0.1061266859635712
2243,20,29.49449981689453,10,0,one_apple,0.10602055927760762
2244,31,28.876319274902333,10,0,one_apple,0.10591453871833001
2245,33,28.84934033203124,10,0,one_apple,0.10580862417961168
2246,14,9.30754196166992,10,0,one_apple,0.10570281555543207
2247,25,28.9052042236328,10,0,one_apple,0.10559711273987664
2248,14,29.4711244354248,10,0,one_apple,0.10549151562713677
2249,13,9.427032287597651,10,0,one_apple,0.10538602411150963
2250,71,6.771765930175743,10,0,one_apple,0.10528063808739813
2251,13,29.45541815185547,10,0,one_apple,0.10517535744931072
2252,18,29.500868286132807,10,0,one_apple,0.10507018209186142
2253,23,-21.044598114013674,0,0,failed,0.10496511190976955
2254,20,29.04154229736328,10,0,one_apple,0.10486014679785978
2255,14,29.355034729003904,10,0,one_apple,0.10475528665106192
2256,46,7.677611389160134,10,0,one_apple,0.10465053136441085
2257,22,9.160702621459958,10,0,one_apple,0.10454588083304645
2258,52,27.675084747314443,10,0,one_apple,0.1044413349522134
2259,34,28.675379928588853,10,0,one_apple,0.10433689361726119
2260,32,28.86881488037109,10,0,one_apple,0.10423255672364393
2261,15,9.320953186035155,10,0,one_apple,0.10412832416692028
2262,12,29.499999999999996,10,0,one_apple,0.10402419584275335
2263,6,-20.18190609741211,0,0,failed,0.1039201716469106
2264,14,29.400787841796873,10,0,one_apple,0.10381625147526369
2265,13,29.484432983398435,10,0,one_apple,0.10371243522378842
2266,15,9.36865112304687,10,0,one_apple,0.10360872278856463
2267,14,29.4,10,0,one_apple,0.10350511406577606
2268,12,29.499999999999996,10,0,one_apple,0.10340160895171029
2269,7,-20.25,0,0,failed,0.10329820734275857
2270,14,29.433426757812498,10,0,one_apple,0.10319490913541582
2271,12,9.449999999999996,10,0,one_apple,0.1030917142262804
2272,14,9.356910156249995,10,0,one_apple,0.10298862251205412
2273,12,29.499999999999996,10,0,one_apple,0.10288563388954207
2274,12,29.499999999999996,10,0,one_apple,0.10278274825565252
2275,12,29.451959701538083,10,0,one_apple,0.10267996550739687
2276,12,29.499999999999996,10,0,one_apple,0.10257728554188948
2277,11,29.599999999999998,10,0,one_apple,0.1024747082563476
2278,10,-0.4,0,0,failed,0.10237223354809125
2279,13,29.44006086730957,10,0,one_apple,0.10226986131454316
2280,12,29.499999999999996,10,0,one_apple,0.10216759145322861
2281,12,29.499999999999996,10,0,one_apple,0.10206542386177538
2282,14,29.41831246948242,10,0,one_apple,0.1019633584379136
2283,12,29.499999999999996,10,0,one_apple,0.10186139507947568
2284,12,29.499999999999996,10,0,one_apple,0.1017595336843962
2285,12,29.533426635742185,10,0,one_apple,0.10165777415071181
2286,15,29.375530944824217,10,0,one_apple,0.1015561163765611
2287,23,28.974217620849608,10,0,one_apple,0.10145456026018454
2288,14,9.378889526367187,10,0,one_apple,0.10135310569992435
2289,14,9.283757690429685,10,0,one_apple,0.10125175259422443
2290,13,9.349999999999994,10,0,one_apple,0.10115050084163021
2291,13,9.349999999999994,10,0,one_apple,0.10104935034078859
2292,17,9.283575317382809,10,0,one_apple,0.1009483009904478
2293,12,29.52013798522949,10,0,one_apple,0.10084735268945735
2294,12,29.499999999999996,10,0,one_apple,0.10074650533676789
2295,13,9.44436145019531,10,0,one_apple,0.10064575883143112
2296,14,29.352918823242184,10,0,one_apple,0.1005451130725997
2297,15,9.483655761718747,10,0,one_apple,0.1004445679595271
2298,12,29.499999999999996,10,0,one_apple,0.10034412339156756
2299,17,29.33347265625,10,0,one_apple,0.100243779268176
2300,11,9.570121871948238,10,0,one_apple,0.10014353548890782
2301,14,29.38971873474121,10,0,one_apple,0.10004339195341891
2302,14,9.282955200195307,10,0,one_apple,0.09994334856146549
2303,13,29.48971873474121,10,0,one_apple,0.09984340521290402
2304,11,29.598168212890624,10,0,one_apple,0.09974356180769112
2305,25,28.97842098999023,10,0,one_apple,0.09964381824588342
2306,18,29.185461166381835,10,0,one_apple,0.09954417442763754
2307,25,8.865923645019524,10,0,one_apple,0.0994446302532099
2308,7,-20.35,0,0,failed,0.09934518562295669
2309,7,-0.2756624755859375,0,0,failed,0.09924584043733373
2310,14,29.55809582519531,10,0,one_apple,0.0991465945968964
2311,11,29.599999999999998,10,0,one_apple,0.0990474480022995
2312,12,9.449999999999996,10,0,one_apple,0.09894840055429721
2313,11,29.599999999999998,10,0,one_apple,0.09884945215374291
2314,46,-22.304367126464847,0,0,failed,0.09875060270158917
2315,13,29.407776184082028,10,0,one_apple,0.09865185209888758
2316,12,29.499999999999996,10,0,one_apple,0.0985532002467887
2317,14,9.344342224121089,10,0,one_apple,0.0984546470465419
2318,17,29.353907394409177,10,0,one_apple,0.09835619239949536
2319,14,29.299999999999994,10,0,one_apple,0.09825783620709587
2320,9,-20.35,0,0,failed,0.09815957837088878
2321,17,29.313040893554682,10,0,one_apple,0.09806141879251788
2322,12,9.355244979858394,10,0,one_apple,0.09796335737372537
2323,11,29.599999999999998,10,0,one_apple,0.09786539401635165
2324,7,-20.256954299926758,0,0,failed,0.0977675286223353
2325,13,29.468859313964842,10,0,one_apple,0.09766976109371296
2326,20,9.187879760742181,10,0,one_apple,0.09757209133261925
2327,11,29.599999999999998,10,0,one_apple,0.09747451924128663
2328,14,29.426051635742184,10,0,one_apple,0.09737704472204534
2329,16,29.246653686523434,10,0,one_apple,0.0972796676773233
2330,11,9.549999999999997,10,0,one_apple,0.09718238800964597
2331,17,29.453881240844723,10,0,one_apple,0.09708520562163633
2332,34,8.610516723632802,10,0,one_apple,0.09698812041601469
2333,11,29.599999999999998,10,0,one_apple,0.09689113229559868
2334,19,9.449999999999996,10,0,one_apple,0.09679424116330308
2335,18,29.499999999999996,10,0,one_apple,0.09669744692213977
2336,15,29.32013798522949,10,0,one_apple,0.09660074947521763
2337,12,29.499999999999996,10,0,one_apple,0.09650414872574241
2338,30,29.01522528076171,10,0,one_apple,0.09640764457701667
2339,31,28.80021746826171,10,0,one_apple,0.09631123693243965
2340,27,9.038422058105457,10,0,one_apple,0.09621492569550721
2341,9,-0.1892500000000001,0,0,failed,0.09611871076981171
2342,16,9.549999999999997,10,0,one_apple,0.0960225920590419
2343,7,-20.35,0,0,failed,0.09592656946698286
2344,24,28.9931567993164,10,0,one_apple,0.09583064289751587
2345,10,29.62013798522949,10,0,one_apple,0.09573481225461836
2346,9,-0.3435767211914063,0,0,failed,0.09563907744236373
2347,11,29.599999999999998,10,0,one_apple,0.09554343836492137
2348,12,29.499999999999996,10,0,one_apple,0.09544789492655645
2349,19,9.388459411621088,10,0,one_apple,0.09535244703162989
2350,16,29.385728866577146,10,0,one_apple,0.09525709458459826
2351,19,9.285094360351561,10,0,one_apple,0.09516183749001367
2352,30,28.99170898437499,10,0,one_apple,0.09506667565252365
2353,17,29.314467712402344,10,0,one_apple,0.09497160897687112
2354,21,29.258560043334956,10,0,one_apple,0.09487663736789426
2355,20,29.438422058105463,10,0,one_apple,0.09478176073052637
2356,13,29.37656457519531,10,0,one_apple,0.09468697896979585
2357,11,9.518262634277342,10,0,one_apple,0.09459229199082606
2358,15,29.31831800842285,10,0,one_apple,0.09449769969883523
2359,61,7.249996765136693,10,0,one_apple,0.09440320199913639
2360,33,28.76463616943358,10,0,one_apple,0.09430879879713726
2361,35,28.661303405761707,10,0,one_apple,0.09421448999834012
2362,16,29.360831771850584,10,0,one_apple,0.09412027550834177
2363,30,28.986877197265613,10,0,one_apple,0.09402615523283343
2364,32,28.802099609374988,10,0,one_apple,0.0939321290776006
2365,40,8.317611999511701,10,0,one_apple,0.093838196948523
2366,14,29.38971873474121,10,0,one_apple,0.09374435875157447
2367,21,29.347779113769526,10,0,one_apple,0.09365061439282289
2368,6,-0.2,0,0,failed,0.09355696377843006
2369,15,29.4,10,0,one_apple,0.09346340681465164
2370,126,24.06152734374993,10,0,one_apple,0.09336994340783698
2371,29,28.899504089355457,10,0,one_apple,0.09327657346442915
2372,12,29.485106994628904,10,0,one_apple,0.09318329689096472
2373,46,158.0136156005859,20,1,complete,0.09309011359407375
2374,11,29.554483520507812,10,0,one_apple,0.09299702348047968
2375,13,9.53599639892578,10,0,one_apple,0.0929040264569992
2376,9,-20.365567016601563,0,0,failed,0.09281112243054221
2377,19,9.282452804565423,10,0,one_apple,0.09271831130811167
2378,33,28.95591198730468,20,1,complete,0.09262559299680356
2379,13,-0.40775674438476567,10,0,one_apple,0.09253296740380676
2380,16,29.499999999999996,10,0,one_apple,0.09244043443640296
2381,13,-20.551801391601565,0,0,failed,0.09234799400196655
2382,57,27.605958679199194,10,0,one_apple,0.09225564600796458
2383,77,6.486877197265578,10,0,one_apple,0.09216339036195662
2384,22,9.132325683593741,10,0,one_apple,0.09207122697159466
2385,26,29.15578784179687,10,0,one_apple,0.09197915574462306
2386,35,28.608306274414048,10,0,one_apple,0.09188717658887845
2387,29,8.912377563476554,10,0,one_apple,0.09179528941228957
2388,20,29.438422058105463,10,0,one_apple,0.09170349412287727
2389,16,9.516485473632809,10,0,one_apple,0.0916117906287544
2390,8,-0.210607421875,0,0,failed,0.09152017883812565
2391,51,27.450867431640592,10,0,one_apple,0.09142865865928752
2392,15,9.290066650390624,10,0,one_apple,0.09133723000062824
2393,108,24.810275802612242,10,0,one_apple,0.09124589277062761
2394,12,9.431696594238279,10,0,one_apple,0.09115464687785699
2395,52,7.808240966796848,10,0,one_apple,0.09106349223097913
2396,20,29.259362884521483,10,0,one_apple,0.09097242873874815
2397,35,8.332393676757793,10,0,one_apple,0.0908814563100094
2398,54,27.541136047363253,10,0,one_apple,0.0907905748536994
2399,23,9.147762634277335,10,0,one_apple,0.0906997842788457
2400,24,9.084800384521476,10,0,one_apple,0.09060908449456685
2401,141,3.0671867065428877,10,0,one_apple,0.09051847541007228
2402,107,4.971244506835873,10,0,one_apple,0.09042795693466221
2403,58,27.16582092285153,10,0,one_apple,0.09033752897772755
2404,11,9.549999999999997,10,0,one_apple,0.09024719144874982
2405,10,9.57013798522949,10,0,one_apple,0.09015694425730107
2406,14,-20.606097518920897,0,0,failed,0.09006678731304377
2407,12,29.43551528930664,10,0,one_apple,0.08997672052573072
2408,48,27.998684448242166,10,0,one_apple,0.08988674380520499
2409,11,29.599999999999998,10,0,one_apple,0.08979685706139978
2410,14,9.341262420654292,10,0,one_apple,0.08970706020433838
2411,64,26.98629522705075,10,0,one_apple,0.08961735314413405
2412,11,9.470137985229488,10,0,one_apple,0.08952773579098991
2413,9,29.723766845703125,10,0,one_apple,0.08943820805519892
2414,12,9.499999999999996,10,0,one_apple,0.08934876984714372
2415,43,8.082433227539038,10,0,one_apple,0.08925942107729658
2416,13,9.411344665527341,10,0,one_apple,0.08917016165621929
2417,22,29.227433090209956,10,0,one_apple,0.08908099149456307
2418,13,29.550813964843748,10,0,one_apple,0.08899191050306851
2419,43,28.216669677734355,10,0,one_apple,0.08890291859256544
2420,19,9.449999999999996,10,0,one_apple,0.08881401567397287
2421,109,4.984584411621032,10,0,one_apple,0.0887252016582989
2422,23,28.99999999999999,10,0,one_apple,0.0886364764566406
2423,28,8.699999999999985,10,0,one_apple,0.08854783998018396
2424,53,27.67795904541013,10,0,one_apple,0.08845929214020377
2425,17,29.38952093505859,10,0,one_apple,0.08837083284806357
2426,35,8.403185424804672,10,0,one_apple,0.08828246201521552
2427,96,25.47913952636713,10,0,one_apple,0.0881941795532003
2428,36,28.283333007812484,10,0,one_apple,0.0881059853736471
2429,56,27.382632034301732,10,0,one_apple,0.08801787938827345
2430,101,25.260211975097594,10,0,one_apple,0.08792986150888517
2431,35,8.610311889648422,10,0,one_apple,0.08784193164737629
2432,20,29.480444595336913,10,0,one_apple,0.08775408971572891
2433,18,29.460311889648434,10,0,one_apple,0.08766633562601318
2434,20,29.460311889648434,10,0,one_apple,0.08757866929038717
2435,14,29.399999999999995,10,0,one_apple,0.08749109062109678
2436,25,9.100036010742183,10,0,one_apple,0.08740359953047568
2437,25,9.080204711914057,10,0,one_apple,0.0873161959309452
2438,27,29.047646850585927,10,0,one_apple,0.08722887973501425
2439,53,27.389778869628874,10,0,one_apple,0.08714165085527924
2440,26,29.073784118652334,10,0,one_apple,0.08705450920442395
2441,15,9.3211244354248,10,0,one_apple,0.08696745469521953
2442,21,9.190380676269523,10,0,one_apple,0.08688048724052432
2443,74,26.485562377929643,10,0,one_apple,0.08679360675328379
2444,11,-0.4,0,0,failed,0.0867068131465305
2445,70,26.794212829589803,10,0,one_apple,0.08662010633338398
2446,170,21.258770263671824,10,0,one_apple,0.0865334862270506
2447,161,22.33866545104971,20,1,complete,0.08644695274082355
2448,22,29.304976562499995,10,0,one_apple,0.08636050578808273
2449,132,3.797269165038994,10,0,one_apple,0.08627414528229464
2450,53,7.435489990234345,10,0,one_apple,0.08618787113701235
2451,34,8.615316040039048,10,0,one_apple,0.08610168326587533
2452,18,9.305927017211914,10,0,one_apple,0.08601558158260945
2453,46,28.14744395446776,10,0,one_apple,0.08592956600102684
2454,15,9.341750427246094,10,0,one_apple,0.08584363643502582
2455,13,29.520132705688475,10,0,one_apple,0.08575779279859079
2456,48,28.072446838378884,10,0,one_apple,0.0856720350057922
2457,17,29.266300323486327,10,0,one_apple,0.0855863629707864
2458,13,29.538826263427733,10,0,one_apple,0.0855007766078156
2459,32,28.653666320800767,10,0,one_apple,0.08541527583120778
2460,15,9.497954864501953,10,0,one_apple,0.08532986055537657
2461,12,29.499999999999996,10,0,one_apple,0.0852445306948212
2462,11,9.549999999999997,10,0,one_apple,0.08515928616412638
2463,16,29.333313568115233,10,0,one_apple,0.08507412687796226
2464,20,29.1870288696289,10,0,one_apple,0.0849890527510843
2465,12,29.420137985229488,10,0,one_apple,0.08490406369833321
2466,29,28.918352340698235,10,0,one_apple,0.08481915963463488
2467,31,8.43653894042967,10,0,one_apple,0.08473434047500024
2468,29,8.883922973632803,10,0,one_apple,0.08464960613452524
2469,21,29.225291870117182,10,0,one_apple,0.08456495652839072
2470,26,29.02853613281249,10,0,one_apple,0.08448039157186232
2471,11,29.664117248535156,10,0,one_apple,0.08439591118029047
2472,58,7.20873895263669,10,0,one_apple,0.08431151526911018
2473,15,9.366659027099608,10,0,one_apple,0.08422720375384107
2474,24,29.127334320068353,10,0,one_apple,0.08414297655008723
2475,20,159.27864782714843,20,1,complete,0.08405883357353715
2476,46,28.06605010986327,10,0,one_apple,0.0839747747399636
2477,26,8.775770339965813,10,0,one_apple,0.08389079996522364
2478,11,9.549999999999997,10,0,one_apple,0.08380690916525842
2479,23,28.90437059020995,10,0,one_apple,0.08372310225609315
2480,36,8.495261474609357,10,0,one_apple,0.08363937915383707
2481,40,28.090343566894507,10,0,one_apple,0.08355573977468322
2482,15,-20.701735656738283,0,0,failed,0.08347218403490854
2483,14,9.540030807495114,10,0,one_apple,0.08338871185087363
2484,35,28.25205303955076,10,0,one_apple,0.08330532313902275
2485,25,29.168847229003898,10,0,one_apple,0.08322201781588373
2486,15,29.349999999999998,10,0,one_apple,0.08313879579806785
2487,22,9.271472640991206,10,0,one_apple,0.08305565700226979
2488,20,9.315727539062493,10,0,one_apple,0.08297260134526752
2489,42,7.999405944824197,10,0,one_apple,0.08288962874392225
2490,10,29.7,10,0,one_apple,0.08280673911517833
2491,30,8.723436096191396,10,0,one_apple,0.08272393237606315
2492,23,9.2102944946289,10,0,one_apple,0.0826412084436871
2493,101,5.275311462402289,10,0,one_apple,0.08255856723524341
2494,52,7.474697937011694,10,0,one_apple,0.08247600866800817
2495,33,8.58509301757811,10,0,one_apple,0.08239353265934016
2496,100,5.151376632690372,10,0,one_apple,0.08231113912668082
2497,23,8.994707214355458,10,0,one_apple,0.08222882798755414
2498,96,25.45486810302729,10,0,one_apple,0.08214659915956658
2499,18,9.496925231933592,10,0,one_apple,0.08206445256040702
2500,125,3.994249252319257,10,0,one_apple,0.08198238810784661
2501,14,29.437454467773435,10,0,one_apple,0.08190040571973876
2502,19,9.22481341552734,10,0,one_apple,0.08181850531401902
2503,74,26.658558410644492,10,0,one_apple,0.081736686808705
2504,109,4.756195678710874,10,0,one_apple,0.08165495012189629
2505,90,5.839778945922806,10,0,one_apple,0.08157329517177439
2506,69,26.737740600585912,10,0,one_apple,0.08149172187660261
2507,70,26.783217758178672,10,0,one_apple,0.08141023015472601
2508,32,8.723863037109364,10,0,one_apple,0.08132881992457128
2509,10,-0.30000000000000004,0,0,failed,0.0812474911046467
2510,36,28.29476678466795,10,0,one_apple,0.08116624361354205
2511,49,7.5901013793945005,10,0,one_apple,0.08108507736992851
2512,20,9.240343566894524,10,0,one_apple,0.08100399229255859
2513,19,29.51049015808105,10,0,one_apple,0.08092298830026602
2514,11,9.45,10,0,one_apple,0.08084206531196575
2515,37,28.550314132690414,10,0,one_apple,0.08076122324665379
2516,152,22.709450256347562,10,0,one_apple,0.08068046202340713
2517,14,29.437454467773435,10,0,one_apple,0.08059978156138373
2518,13,29.52011207580566,10,0,one_apple,0.08051918177982234
2519,148,22.786129272460844,10,0,one_apple,0.08043866259804251
2520,17,29.2,10,0,one_apple,0.08035822393544446
2521,32,8.761579223632804,10,0,one_apple,0.08027786571150902
2522,51,27.78509875488279,10,0,one_apple,0.08019758784579752
2523,23,9.090334716796868,10,0,one_apple,0.08011739025795171
2524,13,9.390057586669919,10,0,one_apple,0.08003727286769376
2525,19,9.449999999999996,10,0,one_apple,0.07995723559482606
2526,84,6.113880554199184,10,0,one_apple,0.07987727835923124
2527,33,28.37033464050291,10,0,one_apple,0.07979740108087201
2528,18,29.499999999999996,10,0,one_apple,0.07971760367979114
2529,14,9.432612854003903,10,0,one_apple,0.07963788607611134
2530,62,7.264923583984341,10,0,one_apple,0.07955824819003524
2531,80,6.1444401245116715,10,0,one_apple,0.0794786899418452
2532,61,27.352614013671843,10,0,one_apple,0.07939921125190336
2533,32,28.814525665283195,10,0,one_apple,0.07931981204065146
2534,113,24.82009008789056,10,0,one_apple,0.0792404922286108
2535,9,-0.2428277282714844,0,0,failed,0.0791612517363822
2536,112,24.65043608093255,10,0,one_apple,0.07908209048464582
2537,14,29.433426635742183,10,0,one_apple,0.07900300839416118
2538,13,29.37656457519531,10,0,one_apple,0.07892400538576702
2539,11,9.67640313720703,10,0,one_apple,0.07884508138038125
2540,18,9.449999999999996,10,0,one_apple,0.07876623629900087
2541,13,9.48647570800781,10,0,one_apple,0.07868747006270187
2542,19,29.41361944580078,10,0,one_apple,0.07860878259263916
2543,13,29.477032287597652,10,0,one_apple,0.07853017381004652
2544,39,8.02530761718748,10,0,one_apple,0.07845164363623648
2545,12,29.499999999999996,10,0,one_apple,0.07837319199260025
2546,13,29.50375256347656,10,0,one_apple,0.07829481880060765
2547,14,29.437454467773435,10,0,one_apple,0.07821652398180705
2548,18,29.499999999999996,10,0,one_apple,0.07813830745782524
2549,14,29.43745422363281,10,0,one_apple,0.07806016915036741
2550,13,29.399999999999995,10,0,one_apple,0.07798210898121705
2551,19,29.37243545532226,10,0,one_apple,0.07790412687223583
2552,13,29.52011207580566,10,0,one_apple,0.07782622274536359
2553,43,27.9850051269531,10,0,one_apple,0.07774839652261822
2554,26,9.02782861328124,10,0,one_apple,0.0776706481260956
2555,25,8.84085832214354,10,0,one_apple,0.0775929774779695
2556,19,9.349894287109368,10,0,one_apple,0.07751538450049153
2557,10,-0.36577227783203126,0,0,failed,0.07743786911599104
2558,29,8.755798065185541,10,0,one_apple,0.07736043124687506
2559,12,29.499999999999996,10,0,one_apple,0.07728307081562819
2560,12,29.499999999999996,10,0,one_apple,0.07720578774481256
2561,9,29.7,10,0,one_apple,0.07712858195706775
2562,16,29.433769409179686,10,0,one_apple,0.07705145337511068
2563,31,28.59639416503905,10,0,one_apple,0.07697440192173557
2564,12,29.499999999999996,10,0,one_apple,0.07689742751981384
2565,25,28.7814786376953,10,0,one_apple,0.07682053009229402
2566,37,8.633056152343734,10,0,one_apple,0.07674370956220172
2567,12,29.499999999999996,10,0,one_apple,0.07666696585263952
2568,13,29.465308776855466,10,0,one_apple,0.07659029888678688
2569,32,8.446891601562484,10,0,one_apple,0.07651370858790009
2570,14,29.437454467773435,10,0,one_apple,0.07643719487931219
2571,15,29.29005657958984,10,0,one_apple,0.07636075768443289
2572,19,29.320132705688472,10,0,one_apple,0.07628439692674846
2573,10,29.599999999999998,10,0,one_apple,0.07620811252982171
2574,15,29.320914108276362,10,0,one_apple,0.07613190441729188
2575,9,-0.2271668701171875,0,0,failed,0.07605577251287458
2576,21,29.063554199218746,10,0,one_apple,0.0759797167403617
2577,13,29.42013798522949,10,0,one_apple,0.07590373702362134
2578,14,9.393902481079099,10,0,one_apple,0.07582783328659772
2579,11,29.599999999999998,10,0,one_apple,0.07575200545331112
2580,12,29.541549316406247,10,0,one_apple,0.0756762534478578
2581,25,29.04781689453124,10,0,one_apple,0.07560057719440995
2582,22,29.028493164062496,10,0,one_apple,0.07552497661721554
2583,14,29.359831451416014,10,0,one_apple,0.07544945164059833
2584,10,9.649999999999999,10,0,one_apple,0.07537400218895772
2585,27,29.077791259765615,10,0,one_apple,0.07529862818676876
2586,27,8.695213256835935,10,0,one_apple,0.07522332955858199
2587,22,29.508330993652343,10,0,one_apple,0.0751481062290234
2588,27,8.728984191894519,10,0,one_apple,0.07507295812279438
2589,14,29.60736865234375,10,0,one_apple,0.07499788516467158
2590,17,29.599999999999998,10,0,one_apple,0.07492288727950691
2591,26,9.080666809082029,10,0,one_apple,0.0748479643922274
2592,14,9.516655822753906,10,0,one_apple,0.07477311642783518
2593,42,28.094135742187483,10,0,one_apple,0.07469834331140734
2594,11,29.599999999999998,10,0,one_apple,0.07462364496809594
2595,19,9.390713989257808,10,0,one_apple,0.07454902132312784
2596,15,29.31831718444824,10,0,one_apple,0.0744744723018047
2597,11,29.599999999999998,10,0,one_apple,0.0743999978295029
2598,49,7.880029479980443,10,0,one_apple,0.0743255978316734
2599,17,9.449999999999996,10,0,one_apple,0.07425127223384173
2600,11,29.47755560302734,10,0,one_apple,0.07417702096160789
2601,17,9.549999999999997,10,0,one_apple,0.07410284394064628
2602,13,9.453578536987301,10,0,one_apple,0.07402874109670564
2603,67,7.055946777343724,10,0,one_apple,0.07395471235560894
2604,18,9.29178977966308,10,0,one_apple,0.07388075764325333
2605,13,9.44299377441406,10,0,one_apple,0.07380687688561008
2606,11,29.599999999999998,10,0,one_apple,0.07373307000872446
2607,14,29.466921554565427,10,0,one_apple,0.07365933693871574
2608,9,-0.2428277282714844,0,0,failed,0.07358567760177702
2609,44,27.610223922729467,10,0,one_apple,0.07351209192417524
2610,12,29.483155456542967,10,0,one_apple,0.07343857983225106
2611,26,28.931818908691397,10,0,one_apple,0.07336514125241882
2612,19,29.246783569335932,10,0,one_apple,0.0732917761111664
2613,23,28.828260803222648,10,0,one_apple,0.07321848433505523
2614,14,29.484238037109375,10,0,one_apple,0.07314526585072018
2615,10,-20.36655944824219,0,0,failed,0.07307212058486945
2616,11,9.548194580078125,10,0,one_apple,0.07299904846428458
2617,16,29.318311279296875,10,0,one_apple,0.0729260494158203
2618,32,28.45216625976561,10,0,one_apple,0.07285312336640448
2619,25,9.198684204101557,10,0,one_apple,0.07278027024303808
2620,19,29.14678356933593,10,0,one_apple,0.07270748997279504
2621,12,9.35818188476562,10,0,one_apple,0.07263478248282225
2622,16,29.302731079101562,10,0,one_apple,0.07256214770033943
2623,11,29.599999999999998,10,0,one_apple,0.0724895855526391
2624,15,29.31831718444824,10,0,one_apple,0.07241709596708645
2625,8,-0.210607421875,0,0,failed,0.07234467887111937
2626,11,9.373048339843745,10,0,one_apple,0.07227233419224825
2627,8,29.74154229736328,10,0,one_apple,0.07220006185805601
2628,14,29.40077612304687,10,0,one_apple,0.07212786179619796
2629,18,9.480549804687495,10,0,one_apple,0.07205573393440176
2630,12,29.52640313720703,10,0,one_apple,0.07198367820046736
2631,13,9.549999999999997,10,0,one_apple,0.0719116945222669
2632,9,9.649999999999999,10,0,one_apple,0.07183978282774463
2633,32,28.671771621704092,10,0,one_apple,0.07176794304491688
2634,46,27.770190673828104,10,0,one_apple,0.07169617510187196
2635,22,29.127791259765615,10,0,one_apple,0.07162447892677008
2636,15,9.415021240234374,10,0,one_apple,0.07155285444784332
2637,47,7.811882858276341,10,0,one_apple,0.07148130159339547
2638,25,28.850817932128898,10,0,one_apple,0.07140982029180207
2639,11,29.513619445800778,10,0,one_apple,0.07133841047151027
2640,14,29.499999999999996,10,0,one_apple,0.07126707206103876
2641,17,29.599999999999998,10,0,one_apple,0.07119580498897772
2642,13,9.448195007324216,10,0,one_apple,0.07112460918398875
2643,15,29.31831718444824,10,0,one_apple,0.07105348457480476
2644,22,29.32779125976562,10,0,one_apple,0.07098243109022996
2645,32,28.901418457031237,10,0,one_apple,0.07091144865913973
2646,15,9.535050964355467,10,0,one_apple,0.07084053721048059
2647,14,9.368317077636718,10,0,one_apple,0.0707696966732701
2648,79,6.479600952148395,10,0,one_apple,0.07069892697659683
2649,15,29.349999999999998,10,0,one_apple,0.07062822804962023
2650,16,9.337085266113277,10,0,one_apple,0.0705575998215706
2651,17,29.599999999999998,10,0,one_apple,0.07048704222174904
2652,16,29.599999999999998,10,0,one_apple,0.07041655517952729
2653,22,29.265490173339842,10,0,one_apple,0.07034613862434776
2654,35,8.57951119995116,10,0,one_apple,0.07027579248572341
2655,15,29.31831718444824,10,0,one_apple,0.07020551669323769
2656,29,28.784910522460933,10,0,one_apple,0.07013531117654445
2657,15,29.31831718444824,10,0,one_apple,0.07006517586536791
2658,19,9.427348999023433,10,0,one_apple,0.06999511068950254
2659,15,29.533769409179687,10,0,one_apple,0.06992511557881304
2660,14,29.4,10,0,one_apple,0.06985519046323423
2661,41,28.451164276123034,10,0,one_apple,0.06978533527277099
2662,15,29.250489257812497,10,0,one_apple,0.06971554993749822
2663,9,-0.2428277282714844,0,0,failed,0.06964583438756072
2664,19,29.50371250915527,20,1,complete,0.06957618855317316
2665,30,29.119077880859372,10,0,one_apple,0.06950661236461998
2666,14,29.41831718444824,10,0,one_apple,0.06943710575225537
2667,23,159.23038519287107,20,1,complete,0.06936766864650311
2668,8,-0.26522082519531254,0,0,failed,0.06929830097785661
2669,11,29.599999999999998,10,0,one_apple,0.06922900267687875
2670,65,26.755846557617154,10,0,one_apple,0.06915977367420187
2671,21,9.15540580749511,10,0,one_apple,0.06909061390052766
2672,22,9.229624679565426,10,0,one_apple,0.06902152328662714
2673,34,8.64036523437499,10,0,one_apple,0.06895250176334052
2674,24,29.080385192871088,10,0,one_apple,0.06888354926157718
2675,29,28.79669116210937,10,0,one_apple,0.0688146657123156
2676,12,29.599999999999998,10,0,one_apple,0.06874585104660329
2677,40,8.276809265136698,10,0,one_apple,0.06867710519555668
2678,32,28.953235778808587,10,0,one_apple,0.06860842809036113
2679,11,29.599999999999998,10,0,one_apple,0.06853981966227077
2680,18,29.38027453613281,10,0,one_apple,0.06847127984260849
2681,32,28.64310122680664,10,0,one_apple,0.06840280856276588
2682,41,28.06390220642088,10,0,one_apple,0.06833440575420312
2683,12,29.523766845703122,10,0,one_apple,0.06826607134844892
2684,22,9.239624328613282,10,0,one_apple,0.06819780527710047
2685,13,-0.501805419921875,10,0,one_apple,0.06812960747182337
2686,32,28.91126757812499,10,0,one_apple,0.06806147786435154
2687,11,29.599999999999998,10,0,one_apple,0.06799341638648719
2688,13,29.5334267578125,10,0,one_apple,0.06792542297010071
2689,9,-0.2428277282714844,0,0,failed,0.06785749754713061
2690,18,29.433769409179686,10,0,one_apple,0.06778964004958347
2691,15,29.318317077636717,10,0,one_apple,0.06772185040953389
2692,20,29.457003662109372,10,0,one_apple,0.06765412855912437
2693,25,29.207013092041013,10,0,one_apple,0.06758647443056524
2694,29,9.001575134277335,10,0,one_apple,0.06751888795613468
2695,19,29.515523498535153,10,0,one_apple,0.06745136906817856
2696,24,9.070156723022453,10,0,one_apple,0.06738391769911038
2697,16,29.45,10,0,one_apple,0.06731653378141127
2698,31,8.834730682373042,10,0,one_apple,0.06724921724762986
2699,14,9.506518188476559,10,0,one_apple,0.06718196803038223
2700,12,29.599999999999998,10,0,one_apple,0.06711478606235186
2701,15,29.31831718444824,10,0,one_apple,0.06704767127628951
2702,19,29.382299011230465,10,0,one_apple,0.06698062360501322
2703,35,28.53896740722655,10,0,one_apple,0.06691364298140821
2704,29,9.001575134277335,10,0,one_apple,0.06684672933842681
2705,34,8.716038360595697,10,0,one_apple,0.06677988260908838
2706,15,9.449999999999996,10,0,one_apple,0.06671310272647929
2707,34,28.536245849609358,10,0,one_apple,0.06664638962375281
2708,44,8.383556762695292,10,0,one_apple,0.06657974323412906
2709,16,29.384078002929687,10,0,one_apple,0.06651316349089494
2710,15,29.466655822753903,10,0,one_apple,0.06644665032740404
2711,15,29.31831718444824,10,0,one_apple,0.06638020367707664
2712,14,29.48138128662109,10,0,one_apple,0.06631382347339956
2713,31,28.75039695739746,10,0,one_apple,0.06624750964992616
2714,13,9.45,10,0,one_apple,0.06618126214027624
2715,12,29.52148936462402,10,0,one_apple,0.06611508087813596
2716,14,-0.5606371459960938,10,0,one_apple,0.06604896579725783
2717,16,29.55946545410156,10,0,one_apple,0.06598291683146057
2718,23,9.305696594238277,10,0,one_apple,0.0659169339146291
2719,16,9.299721435546875,10,0,one_apple,0.06585101698071448
2720,61,7.299724182128891,10,0,one_apple,0.06578516596373377
2721,31,8.90666323852539,10,0,one_apple,0.06571938079777004
2722,20,9.165372802734371,10,0,one_apple,0.06565366141697226
2723,43,28.141215332031237,10,0,one_apple,0.06558800775555529
2724,33,8.760981811523429,10,0,one_apple,0.06552241974779974
2725,26,29.006469085693354,10,0,one_apple,0.06545689732805193
2726,34,8.675689208984366,10,0,one_apple,0.06539144043072388
2727,21,9.34034283447265,10,0,one_apple,0.06532604899029316
2728,17,29.539447265624997,10,0,one_apple,0.06526072294130288
2729,44,27.944561828613267,10,0,one_apple,0.06519546221836157
2730,55,27.710237915039038,10,0,one_apple,0.06513026675614321
2731,31,28.8781307067871,10,0,one_apple,0.06506513648938707
2732,23,29.14765991210937,10,0,one_apple,0.06500007135289768
2733,8,-20.360607421875002,0,0,failed,0.06493507128154478
2734,23,9.18505346679687,10,0,one_apple,0.06487013621026325
2735,14,9.547486984252927,10,0,one_apple,0.06480526607405299
2736,14,9.527348632812497,10,0,one_apple,0.06474046080797893
2737,20,9.38565620422363,10,0,one_apple,0.06467572034717095
2738,22,9.250225708007807,10,0,one_apple,0.06461104462682378
2739,31,8.828841552734364,10,0,one_apple,0.06454643358219696
2740,15,9.470137985229488,10,0,one_apple,0.06448188714861476
2741,16,9.511781616210936,10,0,one_apple,0.06441740526146615
2742,22,9.130272583007805,10,0,one_apple,0.06435298785620469
2743,44,28.004667953491193,10,0,one_apple,0.06428863486834849
2744,35,28.504925994873034,10,0,one_apple,0.06422434623348014
2745,11,9.549999999999997,10,0,one_apple,0.06416012188724667
2746,17,9.315922851562494,10,0,one_apple,0.06409596176535942
2747,13,9.470132705688474,10,0,one_apple,0.06403186580359406
2748,14,29.597486984252928,10,0,one_apple,0.06396783393779047
2749,20,9.215922973632804,10,0,one_apple,0.06390386610385268
2750,15,9.515922851562497,10,0,one_apple,0.06383996223774882
2751,20,29.100076416015618,10,0,one_apple,0.06377612227551108
2752,20,9.211485717773432,10,0,one_apple,0.06371234615323557
2753,20,29.284748397827148,10,0,one_apple,0.06364863380708233
2754,26,28.98427732849121,10,0,one_apple,0.06358498517327525
2755,31,8.638201477050774,10,0,one_apple,0.06352140018810197
2756,8,29.74154229736328,10,0,one_apple,0.06345787878791387
2757,8,29.75445111083984,10,0,one_apple,0.06339442090912595
2758,32,28.510758575439443,10,0,one_apple,0.06333102648821683
2759,13,29.46167149353027,10,0,one_apple,0.06326769546172861
2760,22,29.198206298828122,10,0,one_apple,0.06320442776626688
2761,12,9.473766845703121,10,0,one_apple,0.06314122333850061
2762,8,29.74154229736328,10,0,one_apple,0.06307808211516211
2763,16,29.568152709960938,10,0,one_apple,0.06301500403304695
2764,16,9.557465148925779,10,0,one_apple,0.0629519890290139
2765,15,29.31831718444824,10,0,one_apple,0.06288903703998489
2766,22,9.06980917358398,10,0,one_apple,0.0628261480029449
2767,14,9.615922851562498,10,0,one_apple,0.06276332185494196
2768,13,9.515138793945312,10,0,one_apple,0.06270055853308702
2769,19,29.506265686035153,10,0,one_apple,0.06263785797455393
2770,29,28.736517944335937,10,0,one_apple,0.06257522011657937
2771,14,9.615922851562498,10,0,one_apple,0.0625126448964628
2772,14,9.615922851562498,10,0,one_apple,0.062450132251566336
2773,14,9.615922851562498,10,0,one_apple,0.062387682119314766
2774,16,29.48606083679199,10,0,one_apple,0.06232529443719545
2775,14,29.6659228515625,10,0,one_apple,0.06226296914275825
2776,15,9.615922851562498,10,0,one_apple,0.06220070617361549
2777,19,29.459574768066403,10,0,one_apple,0.062138505467441874
2778,20,29.22038934326171,10,0,one_apple,0.06207636696197443
2779,14,9.615922851562498,10,0,one_apple,0.062014290595012456
2780,13,9.448195007324216,10,0,one_apple,0.06195227630441744
2781,13,9.480107177734372,10,0,one_apple,0.06189032402811302
2782,27,9.031646850585929,10,0,one_apple,0.06182843370408491
2783,20,29.082621459960933,10,0,one_apple,0.061766605270380824
2784,19,159.40699707031249,20,1,complete,0.061704838665110444
2785,75,6.679996887206993,10,0,one_apple,0.06164313382644533
2786,69,6.867923828124962,10,0,one_apple,0.06158149069261889
2787,44,28.20626641845701,10,0,one_apple,0.06151990920192627
2788,217,19.62864422607408,20,1,complete,0.06145838929272435
2789,13,29.498195007324217,10,0,one_apple,0.061396930903431624
2790,23,29.14414889526367,10,0,one_apple,0.061335533972528195
2791,17,29.627028686523435,10,0,one_apple,0.061274198438555666
2792,15,29.31831718444824,10,0,one_apple,0.06121292424011711
2793,104,4.731281494140564,10,0,one_apple,0.06115171131587699
2794,11,29.599999999999998,10,0,one_apple,0.06109055960456111
2795,12,29.572334182739258,10,0,one_apple,0.06102946904495655
2796,32,8.632823303222644,10,0,one_apple,0.06096843957591159
2797,42,8.000092163085927,10,0,one_apple,0.06090747113633568
2798,22,29.409807617187496,20,1,complete,0.06084656366519934
2799,9,29.599999999999998,10,0,one_apple,0.06078571710153414
2800,23,29.19935160827636,10,0,one_apple,0.06072493138443261
2801,22,8.980366638183593,10,0,one_apple,0.060664206453048174
2802,11,29.599999999999998,10,0,one_apple,0.06060354224659512
2803,12,29.503377319335936,10,0,one_apple,0.06054293870434853
2804,7,-0.1452581176757813,10,0,one_apple,0.06048239576564418
2805,18,159.45,20,1,complete,0.06042191336987854
2806,12,29.560201354980467,10,0,one_apple,0.06036149145650866
2807,11,29.599999999999998,10,0,one_apple,0.06030112996505215
2808,19,9.432632080078122,10,0,one_apple,0.0602408288350871
2809,15,9.392240600585932,10,0,one_apple,0.06018058800625201
2810,14,29.4,10,0,one_apple,0.06012040741824576
2811,19,159.4762421569824,20,1,complete,0.06006028701082751
2812,11,29.599999999999998,10,0,one_apple,0.060000226723816684
2813,15,29.31831718444824,10,0,one_apple,0.059940226497092866
2814,14,9.368317184448241,10,0,one_apple,0.05988028627059577
2815,13,29.503377319335936,10,0,one_apple,0.05982040598432518
2816,11,29.599999999999998,10,0,one_apple,0.05976058557834085
2817,14,9.331696594238277,10,0,one_apple,0.05970082499276251
2818,20,29.441673339843746,10,0,one_apple,0.059641124167769746
2819,11,29.51899816894531,10,0,one_apple,0.059581483043601974
2820,11,29.599999999999998,10,0,one_apple,0.05952190156055837
2821,12,29.599999999999998,10,0,one_apple,0.05946237965899782
2822,14,9.349999999999998,10,0,one_apple,0.05940291727933882
2823,22,9.421647827148433,10,0,one_apple,0.05934351436205949
2824,13,29.5334267578125,10,0,one_apple,0.05928417084769743
2825,11,29.599999999999998,10,0,one_apple,0.05922488667684973
2826,43,8.134136352539038,10,0,one_apple,0.05916566179017289
2827,13,29.371440490722655,10,0,one_apple,0.059106496128382716
2828,20,9.439718734741206,10,0,one_apple,0.05904738963225433
2829,20,159.45,20,1,complete,0.058988342242622074
2830,29,8.72787695312499,10,0,one_apple,0.058929353900379455
2831,14,29.449999999999996,10,0,one_apple,0.058870424546479075
2832,20,159.45,20,1,complete,0.0588115541219326
2833,14,9.508924835205077,10,0,one_apple,0.05875274256781066
2834,20,159.45,20,1,complete,0.058693989825242855
2835,13,9.448195007324216,10,0,one_apple,0.058635295835417614
2836,13,29.461344665527342,10,0,one_apple,0.058576660539582194
2837,12,9.549999999999997,10,0,one_apple,0.058518083879042615
2838,20,29.56077130126953,10,0,one_apple,0.05845956579516357
2839,13,29.537454467773436,10,0,one_apple,0.05840110622936841
2840,24,29.086806762695304,10,0,one_apple,0.05834270512313904
2841,17,29.599999999999998,10,0,one_apple,0.058284362418015906
2842,20,159.45,20,1,complete,0.05822607805559789
2843,12,29.499999999999996,10,0,one_apple,0.05816785197754229
2844,13,29.537454467773436,10,0,one_apple,0.05810968412556475
2845,13,9.476079467773435,10,0,one_apple,0.058051574441439185
2846,15,29.31831718444824,10,0,one_apple,0.05799352286699774
2847,20,29.1902319946289,10,0,one_apple,0.057935529344130744
2848,16,29.30275028991699,10,0,one_apple,0.05787759381478661
2849,15,9.496783569335935,10,0,one_apple,0.057819716220971824
2850,21,29.460771301269528,10,0,one_apple,0.05776189650475085
2851,11,29.599999999999998,10,0,one_apple,0.0577041346082461
2852,11,29.599999999999998,10,0,one_apple,0.05764643047363786
2853,22,9.421647827148433,10,0,one_apple,0.05758878404316422
2854,18,29.46404342651367,10,0,one_apple,0.05753119525912106
2855,14,29.4,10,0,one_apple,0.05747366406386194
2856,12,29.572334182739258,10,0,one_apple,0.057416190399798075
2857,20,159.45,20,1,complete,0.05735877420939828
2858,13,29.537454467773436,10,0,one_apple,0.05730141543518888
2859,16,9.549999999999997,10,0,one_apple,0.05724411401975369
2860,20,29.399999999999995,10,0,one_apple,0.057186869905733934
2861,9,-20.35,0,0,failed,0.0571296830358282
2862,20,29.12919317626953,10,0,one_apple,0.05707255335279238
2863,14,-0.601805419921875,10,0,one_apple,0.057015480799439584
2864,25,28.937615600585936,10,0,one_apple,0.05695846531864014
2865,25,28.816697753906247,10,0,one_apple,0.0569015068533215
2866,47,27.86552902221679,10,0,one_apple,0.05684460534646818
2867,15,29.375694564819334,10,0,one_apple,0.05678776074112171
2868,29,28.684731933593746,10,0,one_apple,0.056730972980380594
2869,11,29.599999999999998,10,0,one_apple,0.05667424200740021
2870,63,26.95960339355467,10,0,one_apple,0.05661756776539281
2871,30,8.566373596191404,10,0,one_apple,0.05656095019762742
2872,13,29.499999999999996,10,0,one_apple,0.056504389247429794
2873,42,8.184056060791,10,0,one_apple,0.05644788485818236
2874,39,8.394532226562493,10,0,one_apple,0.05639143697332418
2875,13,-0.40182568359375004,10,0,one_apple,0.05633504553635086
2876,21,9.077948242187496,10,0,one_apple,0.05627871049081451
2877,17,-20.674596069335937,0,0,failed,0.0562224317803237
2878,13,29.499999999999996,10,0,one_apple,0.056166209348543376
2879,16,29.437454467773435,10,0,one_apple,0.056110043139194835
2880,13,29.503377319335936,10,0,one_apple,0.05605393309605564
2881,14,29.4,10,0,one_apple,0.055997879162959584
2882,15,29.31831718444824,10,0,one_apple,0.055941881283796624
2883,9,-0.46104724121093754,0,0,failed,0.055885939402512824
2884,13,29.548687561035155,10,0,one_apple,0.05583005346311031
2885,30,8.700475723266592,10,0,one_apple,0.0557742234096472
2886,19,9.38843566894531,10,0,one_apple,0.055718449186237556
2887,16,29.314217834472654,10,0,one_apple,0.055662730737051316
2888,17,-0.7875000000000001,10,0,one_apple,0.055607068006314264
2889,20,159.45,20,1,complete,0.05555146093830795
2890,14,29.4,10,0,one_apple,0.05549590947736964
2891,17,29.599999999999998,10,0,one_apple,0.05544041356789227
2892,11,29.50034857177734,10,0,one_apple,0.05538497315432438
2893,13,-0.6005349731445312,0,0,failed,0.05532958818117005
2894,24,28.998173828124997,10,0,one_apple,0.05527425859298888
2895,9,29.7,10,0,one_apple,0.05521898433439589
2896,11,29.599999999999998,10,0,one_apple,0.0551637653500615
2897,14,29.426974197387693,10,0,one_apple,0.05510860158471143
2898,14,29.548687561035155,10,0,one_apple,0.05505349298312672
2899,12,29.599999999999998,10,0,one_apple,0.054998439490143596
2900,12,9.449999999999996,10,0,one_apple,0.05494344105065345
2901,13,29.548687561035155,10,0,one_apple,0.05488849760960279
2902,13,29.548687561035155,10,0,one_apple,0.05483360911199319
2903,13,29.548687561035155,10,0,one_apple,0.0547787755028812
2904,14,-20.551824890136718,0,0,failed,0.054723996727378314
2905,18,9.449999999999996,10,0,one_apple,0.054669272730650934
2906,12,29.499999999999996,10,0,one_apple,0.05461460345792028
2907,22,29.391785812377925,20,1,complete,0.054559988854462366
2908,11,9.549999999999997,10,0,one_apple,0.054505428865607906
2909,17,29.20255029296875,10,0,one_apple,0.0544509234367423
2910,12,9.449999999999996,10,0,one_apple,0.05439647251330556
2911,19,29.38835186767578,10,0,one_apple,0.054342076040792255
2912,21,28.890965576171865,10,0,one_apple,0.054287733964751464
2913,12,29.499999999999996,10,0,one_apple,0.054233446230786714
2914,20,159.37013798522946,20,1,complete,0.054179212784555925
2915,23,29.247061569213862,10,0,one_apple,0.05412503357177137
2916,17,29.561675003051754,10,0,one_apple,0.0540709085381996
2917,18,29.499999999999996,10,0,one_apple,0.0540168376296614
2918,14,29.437454467773435,10,0,one_apple,0.053962820792031733
2919,20,159.37013798522946,20,1,complete,0.053908857971239704
2920,18,9.449999999999996,10,0,one_apple,0.05385494911326846
2921,21,159.35,20,1,complete,0.0538010941641552
2922,21,159.35,20,1,complete,0.05374729306999104
2923,9,-0.30000000000000004,0,0,failed,0.05369354577692105
2924,42,8.25699719238279,10,0,one_apple,0.053639852231144126
2925,18,9.449999999999996,10,0,one_apple,0.053586212378912985
2926,13,29.52640313720703,10,0,one_apple,0.05353262616653407
2927,12,29.499999999999996,10,0,one_apple,0.053479093540367534
2928,16,29.33843566894531,10,0,one_apple,0.05342561444682717
2929,10,29.599999999999998,10,0,one_apple,0.05337218883238034
2930,11,9.549999999999997,10,0,one_apple,0.053318816643547956
2931,31,8.810418579101555,10,0,one_apple,0.05326549782690441
2932,9,29.7,10,0,one_apple,0.053212232329077506
2933,13,29.5,10,0,one_apple,0.05315902009674843
2934,18,9.449999999999996,10,0,one_apple,0.05310586107665168
2935,23,9.321647827148432,10,0,one_apple,0.05305275521557503
2936,12,29.499999999999996,10,0,one_apple,0.052999702460359455
2937,14,29.437454467773435,10,0,one_apple,0.052946702757899096
2938,8,29.74154229736328,10,0,one_apple,0.0528937560551412
2939,18,9.449999999999996,10,0,one_apple,0.05284086229908606
2940,13,29.461221191406246,10,0,one_apple,0.05278802143678697
2941,12,29.454741882324218,10,0,one_apple,0.052735233415350184
2942,19,9.352880859374995,10,0,one_apple,0.052682498181934836
2943,21,159.35,20,1,complete,0.052629815683752905
2944,17,9.408827148437496,10,0,one_apple,0.05257718586806915
2945,22,29.27155363464355,10,0,one_apple,0.05252460868220108
2946,22,9.28505072021484,10,0,one_apple,0.05247208407351888
2947,23,29.499999999999996,20,1,complete,0.052419611989445364
2948,14,9.449999999999996,10,0,one_apple,0.05236719237745592
2949,14,29.499999999999996,10,0,one_apple,0.05231482518507846
2950,27,8.959662078857416,10,0,one_apple,0.052262510359893384
2951,40,28.36867858886717,10,0,one_apple,0.05221024784953349
2952,12,29.549999999999997,10,0,one_apple,0.05215803760168396
2953,18,9.33443273925781,10,0,one_apple,0.052105879564082275
2954,15,29.39042395019531,10,0,one_apple,0.05205377368451819
2955,12,29.51629345703125,10,0,one_apple,0.052001719910833674
2956,15,29.399999999999995,10,0,one_apple,0.05194971819092284
2957,24,29.171073303222652,10,0,one_apple,0.05189776847273191
2958,19,29.499999999999996,20,1,complete,0.05184587070425918
2959,27,159.01152136230468,20,1,complete,0.05179402483355492
2960,26,28.99617657470702,10,0,one_apple,0.05174223080872137
2961,18,9.470137985229488,10,0,one_apple,0.05169048857791265
2962,20,159.37013798522946,20,1,complete,0.051638798089334734
2963,10,29.599999999999998,10,0,one_apple,0.051587159291245396
2964,30,8.939676055908198,10,0,one_apple,0.05153557213195415
2965,12,29.499999999999996,10,0,one_apple,0.0514840365598222
2966,11,29.52013798522949,10,0,one_apple,0.05143255252326238
2967,12,9.549999999999997,10,0,one_apple,0.05138111997073912
2968,13,9.485489990234374,10,0,one_apple,0.05132973885076838
2969,12,29.499999999999996,10,0,one_apple,0.05127840911191761
2970,12,29.499999999999996,10,0,one_apple,0.05122713070280569
2971,20,159.37013798522946,20,1,complete,0.05117590357210289
2972,20,159.37013798522946,20,1,complete,0.05112472766853079
2973,19,9.399999999999995,10,0,one_apple,0.05107360294086226
2974,19,29.472300476074214,10,0,one_apple,0.051022529337921396
2975,11,29.52013798522949,10,0,one_apple,0.05097150680858348
2976,12,29.454741882324218,10,0,one_apple,0.05092053530177489
2977,19,9.31244506835937,10,0,one_apple,0.050869614766473115
2978,19,9.470112075805659,10,0,one_apple,0.05081874515170664
2979,21,159.35333712768553,20,1,complete,0.050767926406554933
2980,30,158.91355419921874,20,1,complete,0.05071715848014838
2981,17,9.449999999999996,10,0,one_apple,0.050666441321668226
2982,18,9.449999999999996,10,0,one_apple,0.050615774880346555
2983,18,29.299999999999994,10,0,one_apple,0.05056515910546621
2984,24,29.361450698852536,20,1,complete,0.05051459394636074
2985,21,9.385050720214842,10,0,one_apple,0.050464079352414384
2986,17,9.449999999999996,10,0,one_apple,0.05041361527306197
2987,19,9.370137985229487,10,0,one_apple,0.05036320165778891
2988,21,159.35,20,1,complete,0.05031283845613112
2989,11,9.549999999999997,10,0,one_apple,0.05026252561767499
2990,12,29.499999999999996,10,0,one_apple,0.05021226309205731
2991,14,29.437454467773435,10,0,one_apple,0.05016205082896526
2992,23,9.321647827148432,10,0,one_apple,0.05011188877813629
2993,15,29.384218627929684,10,0,one_apple,0.05006177688935816
2994,12,29.499999999999996,10,0,one_apple,0.0500117151124688
2995,28,28.901008422851557,10,0,one_apple,0.05
2996,20,159.37013798522946,20,1,complete,0.05
2997,17,9.449999999999996,10,0,one_apple,0.05
2998,18,9.449999999999996,10,0,one_apple,0.05
2999,18,9.449999999999996,10,0,one_apple,0.05
3000,21,159.42164782714843,20,1,complete,0.05
